"Authors","Author full names","Author(s) ID","Title","Year","Source title","Volume","Issue","Art. No.","Page start","Page end","Cited by","DOI","Link","Abstract","Document Type","Publication Stage","Open Access","Source","EID"
"Zaldo J.M.; Rivera-Hernaez O.; Martín-García J.","Zaldo, José Miguel (57218199048); Rivera-Hernaez, Olga (14024856200); Martín-García, Juan (59665006300)","57218199048; 14024856200; 59665006300","Proposition to use System Dynamics for Assessing the Impact of new Technologies on Employment","2019","European Conference on the Impact of Artificial Intelligence and Robotics, ECIAIR 2019","","","","378","389","1","10.34190/ECIAIR.19.027","https://www.scopus.com/pages/publications/85101290132?origin=resultslist","Regarding the effects of new technologies on employment, with priority AI with or without robots and/or drones; 3D/4D printing and Nanotechnology as the most important; followed by IoT; Autonomous driving; Blockchain; and Augmented reality. It is known there are two opposite positions in the academic world; the Tecno-Optimists and the Tecno-Pessimists. What we have done, with our literature review is not only to better understand each position, but also, as our contribution, to highlight the most important variables that each group consider essential for their conclusions. We found that there are two main variables to manage: Technology and employment; and many secondary variables - the most important one being competitive-which influences decisively the process between technology and employment. In order to continue our research with so many variables and so complex a system, we decided to use a mathematical modelling technique, based on System Dynamics. With this methodology we built a global CLD - Causal Loop Diagram-which explains the effect (direct or indirect) of each variable on employment. To facilitate the understanding of a global CLD, we divided it into two partial CLDs, of course both related to each other, but each one explaining an important part of the process. With these CLDs, we already have a clear idea concerning which variables to act on, positively or negatively, to get better results on employment. Nevertheless, we also wanted to prove that our model works in real situations with current quantities on each variable; therefore we built two SFDs (Stock and Flow Diagrams) and applied them to several companies and institutions, proving that not only does the system work, but it also allows the answer to “what if” questions, as well as quantify the final employment and make a strategy to act on the most influential variables, in order to apply the latest technologies with the best possible results on employment in quantity and quality. The conclusion is that new technologies will always displace tasks and jobs, but they will also improve the competitiveness and acting on training, growing and new tasks, including leisure business, we can be techno-optimists. © European Conference on the Impact of Artificial Intelligence and Robotics, ECIAIR 2019.","Conference paper","Final","","Scopus","2-s2.0-85101290132"
"McAlister M.M.; Mihelcic J.R.; Stuart A.L.; Zhang Q.","McAlister, Martha M. (57410697100); Mihelcic, James R. (7004170368); Stuart, Amy L. (7202208056); Zhang, Qiong (37035558800)","57410697100; 7004170368; 7202208056; 37035558800","Sustaining clean cooking: A system dynamics study of Ghana's rural LPG promotion program","2024","Energy for Sustainable Development","81","","101497","","","2","10.1016/j.esd.2024.101497","https://www.scopus.com/pages/publications/85196312553?origin=resultslist","Household air pollution is a pervasive environmental health problem wherever access to cleaner fuels is poor. Despite numerous attempts to transition households away from polluting fuels, interventions are rarely sustainable. This intractability indicates that structural (i.e., systemic) dynamics act to maintain the status quo. In this case study of Ghana's Rural Liquefied Petroleum Gas (LPG) Promotion Program, our objectives were to 1) identify system structures affecting sustained fuel use, and 2) test strategies for improving intervention outcomes. To address these objectives, we applied a system dynamics approach, informed by a systematic literature review. A virtual simulation model was constructed to represent the implementation of the Rural LPG Program and its outcomes. By analyzing the model's structure and behavior, we proposed strategies that would improve the intervention's outcomes and tested the effectiveness of the strategies within the simulation model. Our results show that distributing two LPG cylinders to households (instead of one) contributed toward primary use of the fuel, whereas free weekly delivery of LPG (for up to four years) had limited long-term benefits and diminishing returns. Furthermore, reducing the time for users to perceive the benefits of cleaner fuels enhanced willingness-to-pay, and thereby helped to sustain higher rates of LPG use. This suggests that intervention planners should identify new users' expectations of benefits and proactively design ways to realize those benefits quickly (in a few weeks or less), while policy makers should support this as a design requirement in approval processes. © 2024 International Energy Initiative","Article","Final","","Scopus","2-s2.0-85196312553"
"Tan A.H.P.; Chen K.F.; Yap E.H.","Tan, Andrew Huey Ping (56435312600); Chen, Khin Fai (56434757300); Yap, Eng Hwa (44661978300)","56435312600; 56434757300; 44661978300","System dynamics of a marine renewable energy scheme (MRE) for Malaysia","2014","Applied Mechanics and Materials","627","","","318","322","1","10.4028/www.scientific.net/AMM.627.318","https://www.scopus.com/pages/publications/84914096850?origin=resultslist","MRE provides great potential for Malaysia, an emerging economy, to diversify its primary energy mix and ensuring the security of its energy supply. In this paper, the state-of-the-art of each MRE type is studied alongside hydrographical and geographical conditions of Malaysian waters. It is based upon this knowledge that an MRE scheme is proposed for Malaysia. However, introducing a complex MRE system into Malaysia’s energy pool requires in-depth understanding of key governing factors and the dynamic behaviours of its implementation using a systemic approach. Results from system dynamics modelling have identified key-enablers to fast-track the implementation of MRE in Malaysia. © 2014 Trans Tech Publications, Switzerland.","Conference paper","Final","All Open Access; Hybrid Gold Open Access","Scopus","2-s2.0-84914096850"
"Young-Chool C.; Ju S.; Lee G.; Lee S.; Kim S.; Yun S.","Young-Chool, Choi (60065815900); Ju, Sanghyun (57200139258); Lee, Gyutae (60131259200); Lee, Sangyup (57209318986); Kim, Sangkun (60130996300); Yun, Sungho (60130615200)","60065815900; 57200139258; 60131259200; 57209318986; 60130996300; 60130615200","Exploring Approaches to Low Fertility through Integrated Application of Big Data-based Topic Modeling and System Dynamics: The Case of South Korea; [Explorando enfoques para la baja fertilidad a través de la aplicación integrada del modelado temático basado en Big Data y la dinámica de sistemas: El caso de Corea del Sur]","2025","Data and Metadata","4","","852","","","0","10.56294/dm2025852","https://www.scopus.com/pages/publications/105018106162?origin=resultslist","This study examines the multidimensional aspects of low fertility by integrating big data text mining with system dynamics analysis. While previous research primarily utilized macroeconomic, big data discourse, or system dynamics approaches independently, this research combines textual big data analysis and causal loop modeling to address gaps identified in prior methodologies. Specifically, we analyze social discourses and sentiments related to low fertility through text mining of social media data, and then link these qualitative insights with quantitative simulations using system dynamics. Our integrated approach offers a novel methodological framework that enhances understanding of the complex interactions between societal perceptions, policy interventions, and demographic outcomes. The results underscore the importance of capturing both qualitative social trends and quantitative policy feedback loops, providing valuable implications for designing more effective fertility-enhancing policies. © 2025; Los autores.","Article","Final","All Open Access; Gold Open Access","Scopus","2-s2.0-105018106162"
"Cheng J.; Fan X.; Tian L.; Li J.","Cheng, Jing (58261610500); Fan, Xianjun (60339820300); Tian, Liang (59588323900); Li, Jun (60338893800)","58261610500; 60339820300; 59588323900; 60338893800","Uncovering the Drivers and Pathways of Carbon Emissions in Smart City: An Integrated DEMATEL–ISM–System Dynamics Approach","2026","Buildings","16","1","99","","","1","10.3390/buildings16010099","https://www.scopus.com/pages/publications/105027905512?origin=resultslist","Under the dual pressures of global climate change and China’s “carbon peak and carbon neutrality” targets, traditional urban development models are insufficient to support sustainable transitions. Smart cities (SCs) have emerged as key platforms for achieving low-carbon urban transformation, yet the systemic causal mechanisms and dynamic transmission pathways of carbon emissions within these cities remain underexplored. This study develops an integrated DEMATEL–ISM–SD modeling framework to systematically identify key drivers, reveal causal structures, and simulate the dynamic evolution of carbon emissions in SCs. Eighteen influencing factors were identified through a comprehensive literature review. DEMATEL analysis evaluated the causal strength and centrality of factors, ISM constructed a five-level hierarchical structure, and a system dynamics model was established for scenario simulation, using Shenzhen as a case study. The results show that green technological innovation capacity exhibits the highest centrality, while energy structure demonstrates the strongest causal influence. SC policy intensity is positioned at the deepest level of the hierarchical structure, serving as a foundational driver that exerts influence on all other factors. Scenario simulations indicate that enhancing green innovation, optimizing industrial and energy structures, and developing smart transportation systems can significantly reduce carbon emissions over time. The research findings reveal the key drivers and transmission pathways of carbon emissions in SCs, providing a reference basis for policy formulation on urban low-carbon transformation and sustainable development. © 2025 by the authors.","Article","Final","All Open Access; Gold Open Access; Green Open Access","Scopus","2-s2.0-105027905512"
"Sani K.; Siallagan M.; Putro U.S.; Mangkusubroto K.","Sani, Kartono (57205318481); Siallagan, Manahan (25961078300); Putro, Utomo Sarjono (6507148800); Mangkusubroto, Kuntoro (6507483575)","57205318481; 25961078300; 6507148800; 6507483575","Indonesia energy mix modelling using system dynamics","2018","International Journal of Sustainable Energy Planning and Management","18","","","29","52","20","10.5278/ijsepm.2018.18.3","https://www.scopus.com/pages/publications/85059442103?origin=resultslist","Indonesia is facing tremendous challenges in bridging the broadening gap of demand and supply prior to developing a steady energy vision. This paper is to introduce system dynamics in solving the problematic national energy management, share an initial stage of the modelling and discuss the challenges. A literature review defines the preferred modelling, empirical data demonstrates the supply mix trends and used in developing the initial model to represent the past behaviour prior to be enhanced, upgraded and simulated towards the vision. The initial simulation runs succeed in imitating the historical trends and suggests that its engineering to the envisaged patterns may offer viable solution. The use of System Dynamics in Indonesia is unprecedented and the results are noteworthy in supporting the formulation of the national Energy Mix Vision. © 2018, Aalborg University press. All rights reserved.","Article","Final","","Scopus","2-s2.0-85059442103"
"Gastelum J.R.; Krishnamurthy G.; Ochoa N.; Sibbett S.; Armstrong M.; Kalaria P.","Gastelum, Jesus R. (23012207300); Krishnamurthy, Ganesh (57201503565); Ochoa, Nemesciano (57201499025); Sibbett, Shane (56711184000); Armstrong, Margie (57201503548); Kalaria, Parag (57201503610)","23012207300; 57201503565; 57201499025; 56711184000; 57201503548; 57201503610","The Use of System Dynamics Model to Enhance Integrated Resources Planning Implementation","2018","Water Resources Management","32","7","","2247","2260","20","10.1007/s11269-018-1926-4","https://www.scopus.com/pages/publications/85045140692?origin=resultslist","Elsinore Valley Municipal Water District (EVMWD), like many other water agencies in southern California, relies heavily on imported water supply. The uncertainty associated with reliable imported water supplies due to drought conditions and climate change, and the increasing cost of imported water are areas of concern for EVMWD. Considering these conditions, EVMWD, which serves one of the fastest growing regions within Riverside County, embarked upon the development of its first Integrated Resources Plan (IRP) – a long term strategy for providing reliable water supplies to its growing customer base. The IRP’s evaluation methodology consists of three steps: Identification of potential water supply projects, project evaluation, and recommendation of a water supply portfolio comprised of the specific projects. A System Dynamics (SD) Water Resources Decision Support System (WRDSS) was used to evaluate different scenarios and examine EVMWD’s vulnerability to risks such as water supply shortage, and changes to water quality and/or water demand projections. Even though SD has been extensively applied to many water resources planning modeling efforts, based on our literature review, there is not a documented case of SD modeling applied to an IRP project. The recommended water supply portfolio represents the most cost effective option. It meets the forecasted long term deficit and provides the best reliability while providing good quality water supplies to EVMWD’s customers. The recommended water supply portfolio will be implemented using an adaptive management approach to adjust to changing conditions, coupled with long-range resource management policies that optimize water supply and storage assets in times of both drought and surplus. © 2018, Springer Science+Business Media B.V., part of Springer Nature.","Article","Final","","Scopus","2-s2.0-85045140692"
"Emre Kaya F.; Monsù Scolaro A.","Emre Kaya, Fuat (58249083100); Monsù Scolaro, Antonello (58248608000)","58249083100; 58248608000","Unravelling complexity toward circularity: A system-dynamics based approach","2024","IOP Conference Series: Earth and Environmental Science","1402","1","012022","","","2","10.1088/1755-1315/1402/1/012022","https://www.scopus.com/pages/publications/85207477224?origin=resultslist","This paper employed the System Dynamics (SD) methodological tool to investigate the intricate dynamics of transitioning to the circular economy, as a climate change mitigation strategy, in the building sector while focusing on stakeholder dynamics throughout the building life cycle. This paper's methodological approach used a two-stage approach, encompassing problem articulation and formulation of dynamic hypothesis. In the problem articulation stage, this paper identified the stakeholder dynamics in the building life cycle thanks to a comprehensive critical literature review. This paper then delved deeper into the stakeholder dynamics in the formulation of dynamic hypothesis stage. The results revealed that the stakeholders are interdependent while working together to address common concerns. Furthermore, the results emphasized the importance of stakeholder collaboration and communication in overcoming barriers to the circular economy transition in the building sector. Thus, this paper aims to contribute to the understanding of stakeholder dynamics while streamlining the decision-making process and suggesting potential solutions for the effective implementation of the circular economy in the prevailing linear state of the building sector to pave the way for a collaborative and communicative approach to climate change mitigation. While recognizing the limitations, this paper suggests future research for a more comprehensive analysis of the complex system's dynamics. © Published under licence by IOP Publishing Ltd.","Conference paper","Final","All Open Access; Gold Open Access","Scopus","2-s2.0-85207477224"
"Negrete-Rodriguez M.A.; Elizondo-Noriega A.; Muñoz M.; Güemes-Castorena D.","Negrete-Rodriguez, Mario A. (58913897600); Elizondo-Noriega, Armando (55251722900); Muñoz, Mirna (53866986800); Güemes-Castorena, David (14822402500)","58913897600; 55251722900; 53866986800; 14822402500","A Comparison of System Dynamics-Based Simulators for Project Management Training: A Literature Review","2024","Studies in Computational Intelligence","1135","","","127","141","0","10.1007/978-3-031-50590-4_8","https://www.scopus.com/pages/publications/85186436888?origin=resultslist","The constant pressure on the industrial workforce to successfully achieve projects’ scope within time, resources and budget constraints is constantly increasing because of the volatile market conditions worldwide. To palliate this issue, Project Management (PM) has been proposed as a suitable approach to cope with the varied sources of pressure. For instance, PM facilitates the control and tracking of multiple steps involved in delivering value to customers. However, to fully take advantage of a PM implementation in an organization, managers need hands-on experience to properly use PM principles in real-life situation. Nowadays, simulation-based training has become an affordable approach to provide novice project managers with situational-based learning they need during different stages in the career in PM. Unfortunately, little is known about the effectiveness of simulation as a training tool for new and current project managers. To fill the knowledge gap in how effective simulation has been to train project managers, this work presents the results of a systemic literature review study. A key finding of this work is a paucity in computer-based simulation approaches to train project managers, particularly in the agile paradigm. © The Author(s), under exclusive license to Springer Nature Switzerland AG 2024.","Book chapter","Final","","Scopus","2-s2.0-85186436888"
"Harrison G.; Grant-Muller S.M.; Hodgson F.C.","Harrison, Gillian (54893556400); Grant-Muller, Susan M. (8335859800); Hodgson, Frances C. (6701752379)","54893556400; 8335859800; 6701752379","A review of transport-health system dynamics models","2021","Journal of Transport and Health","22","","101138","","","13","10.1016/j.jth.2021.101138","https://www.scopus.com/pages/publications/85110780836?origin=resultslist","Introduction: The impacts of transport on health have been extensively studied, yet there has been less focus on the complex interactions that exist within the transport-health sphere. We adopt a System Dynamics (SD) approach to addressing the research question “Where are the trade-offs and synergies between different types of health impacts within the transport-health system?“, which is in recognition of the problem that policies designed to influence health outcomes related to one form of transport impact may also influence other health outcomes and transport impacts. Methods: To begin, we carry out a literature review of existing SD studies of transport-health, identifying 23 that have been published, of which six explicitly cover multiple transport impacts. We then combine key concepts of these studies to create a generalised causal loop diagram (CLD) that addresses the research question. Results: We develop a CLD for exploring the trade-offs within transport-health. In doing so, we find that not all existing studies define health outcomes (eg morbidity or mortality) and few cover both transport and health mechanisms in detail. As well as improving the detail on mobility behaviours, transport impacts and health outcomes, we also identify a need for this approach to consider the influence of new data and technologies on transport-health. Conclusions: Although this paper presents a qualitative model, this is the first step towards a quantitative model, and nonetheless, in itself may be used to better understand the system and scenarios, and contribute to more robust transport-health impact assessments for policy making. © 2021 Elsevier Ltd","Article","Final","","Scopus","2-s2.0-85110780836"
"Catimbang L.S.M.; Sy C.L.","Catimbang, L.S.M. (59561124600); Sy, C.L. (57201554258)","59561124600; 57201554258","Exploring the Systems Dynamics of Rice Security: A Bibliometric Analysis","2024","IEEE International Conference on Industrial Engineering and Engineering Management","","","","1315","1320","0","10.1109/IEEM62345.2024.10857052","https://www.scopus.com/pages/publications/85218057635?origin=resultslist","Food security remains a critical global challenge for human health, economic stability, and social development. Addressing this issue necessitates a comprehensive understanding of the complex and interrelated factors influencing food systems. Systems Dynamics (SD) offers a robust framework for analyzing these complexities, allowing for modeling feedback loops, causal relationships, and time delays. This study employs a detailed bibliometric analysis to examine the scholarly output on food security using SD, spanning publications from 1982 to 2024. Utilizing the Scopus database, the analysis identifies vital trends, influential studies, and collaborative networks within this field. Findings highlight a significant increase in research interest, particularly in recent years, with notable contributions from environmental science, agricultural sciences, and mathematics. The insights gained from this analysis inform future research directions and support the development of more effective food security policies. © 2024 IEEE.","Conference paper","Final","","Scopus","2-s2.0-85218057635"
"Abdelgawad A.; Radianti J.; Snaprud M.; Krogstie J.","Abdelgawad, Ahmed (54984566900); Radianti, Jaziar (23668480300); Snaprud, Mikael (14523460600); Krogstie, John (6602196721)","54984566900; 23668480300; 14523460600; 6602196721","Simulation models in eGovernment using system dynamics: A literature survey","2016","2016 IST-Africa Conference, IST-Africa 2016","","","7530678","","","1","10.1109/ISTAFRICA.2016.7530678","https://www.scopus.com/pages/publications/84985994226?origin=resultslist","System Dynamics (SD) is a method to build simulation models using computers, to study the behaviour of systems, and apply what-if scenarios aiming at achieving optimal policy design. To have an overview of the current state-of-The-Art of SD use in the eGovernment field; we have surveyed related literature. Our main goal is to uncover the possibilities for future research by clarifying the shortages. The identified literature is not very large. In most of the literature, SD models use was limited to SD practitioners. We discovered low usage of Group Model Building and workshops despite their usefulness in involving non-SD practitioners in the model building process. Additionally, there is a large untapped potential in using Interactive Learning Environment, in spite of its importance in involving non-Technical users in conducting what-if scenario testing, and changing users' mental models by uncovering the underlying system structure. © 2016 IIMC.","Conference paper","Final","","Scopus","2-s2.0-84985994226"
"Qi X.; Zhang X.; Xu H.","Qi, Xia (57216395983); Zhang, Xiaoman (57300110100); Xu, Hanting (57218121540)","57216395983; 57300110100; 57218121540","A System Dynamics Approach for Sensitivity Analysis of BIM Technology Application Risk","2022","ACM International Conference Proceeding Series","","","","99","107","2","10.1145/3546632.3546887","https://www.scopus.com/pages/publications/85137853018?origin=resultslist","The application scope of BIM technology in the engineering field is gradually expanding, but the risk of BIM technology cannot be ignored. Based on the literature review, this paper analyzes the risk factors of BIM technology and constructs a system dynamics model of BIM technology application risk including the aspects of BIM operation environment, organizational cognition, technology investment, and application environment. Through the sensitivity analysis of exogenous variables, which are regarded as the decisive role in the system as a whole, it is determined that BIM operational environment risk and organizational cognitive risk are easily affected by the change of risk value of risk factors, and the risk factors of the accuracy of data, the complexity of BIM software operation, the unclear ownership of data and the imperfect contract system have a significant impact on BIM application risk.  © 2022 ACM.","Conference paper","Final","","Scopus","2-s2.0-85137853018"
"de Gooyert V.","de Gooyert, Vincent (57190121496)","57190121496","Developing dynamic organizational theories; three system dynamics based research strategies","2019","Quality and Quantity","53","2","","653","666","23","10.1007/s11135-018-0781-y","https://www.scopus.com/pages/publications/85048594257?origin=resultslist","There is an increasing attention for dynamic organizational theories. The system dynamics methodology, although originally developed for practical contributions, is increasingly used to develop dynamic theoretical contributions. However, these studies differ substantially in the research designs they apply. Some of these studies adopt a quantitative approach while others adopt a qualitative approach. Some of these studies focus on testing existing theories, while other studies focus on building theory or combine both theory testing and building. This variety hinders an effective understanding of the methodology. To increase clarity, this paper provides a systematic review of system dynamics based theoretical contributions in organizational theory between 1990 and 2016. By looking at differences and commonalities I show how various methodological decisions combine into three distinctive internally consistent system dynamics based research strategies for theoretical contributions. These results support making methodological decisions in future research designs when applying system dynamics to develop dynamic organizational theories. © 2018, The Author(s).","Review","Final","All Open Access; Hybrid Gold Open Access","Scopus","2-s2.0-85048594257"
"Sreerama K.R.; Ramanujam R.; Khincha H.P.; Jenkins L.","Sreerama, Kumar R. (6508062565); Ramanujam, R. (7004632834); Khincha, H.P. (6701879509); Jenkins, L. (56689336200)","6508062565; 7004632834; 6701879509; 56689336200","A high speed algorithm for simulation of large scale power system dynamics","1990","Electric Machines and Power Systems","18","3","","225","239","3","10.1080/07313569008909469","https://www.scopus.com/pages/publications/0025434211?origin=resultslist","The simultaneous implicit approach proposed in [1] has become the state-of-the-art for transient stability simulation.The associated algorithm results in considerable saving in CPU time and elimination of interface errors between the set of algebraic equations of the network and the synchronous machines, and the set of differential equations of synchronous machines and associated control systems. In this paper, certain significant changes are proposed to this approach, with the aim of speeding up the algorithm without sacrificing accuracy. These changes are (i) convergence criterion based on generator real power output rather than rotor angle, (ii) a two—tier approach for the iterative solution of algebraic and differential equations, and (iii) better corrector formula for rotor angle [2]. Preliminary tests on a standard test system, reveal that the number of network solutions required for convergence per time step can be reduced by half. This feature of the algorithm provides ample scope for reduction in the computation time required for transient stability simulation of large scale power systems. The algorithm yields stable solutions at uncommonly large step sizes and thereby finds potential application in real time simulation involving individual generator dynamics. © 1990 by Hemisphere Publishing Corporation.","Article","Final","","Scopus","2-s2.0-0025434211"
"Bidgoli S.D.; Owlia M.S.; Isaai M.T.","Bidgoli, Seyed Danial (57219858078); Owlia, Mohammad Saleh (6506179018); Isaai, Mohammad Taghi (6507764640)","57219858078; 6506179018; 6507764640","The impact of customer knowledge on the organizational performance: a system dynamics approach","2023","Kybernetes","52","4","","1463","1486","2","10.1108/K-01-2021-0084","https://www.scopus.com/pages/publications/85121607760?origin=resultslist","Purpose: The purpose of this research was to model the impact of customer knowledge on the performance of organization with a focus on information technology industry. Furthermore, it is intended to analyze the effect of customer knowledge investment on the performance measures, by reviewing investment policies. Design/methodology/approach: The relationship between customer knowledge and performance measures was specified using literature review and grounded theory method. The system dynamics approach was then applied to analyze the impact of the customer knowledge on the performance measures. Findings: This study provided a dynamic model on the causal relationship between customer knowledge and organizational performance. The results showed that measures such as product development, financial performance, idea generation, technical knowledge and knowledge maturity were affected by the customer knowledge while the relationship with customer loyalty and the number of customers was not proven. Besides, it was found that to increase the impact of customer knowledge on organizational performance, knowledge maturity was essential, and investing on customer knowledge without investing on knowledge maturity would reduce the organizational performance. The results also showed that more knowledge investment would not necessarily increase financial strength of the organization. Practical implications: Results of this study could be useful for strategy formulation and deployment especially for IT-based companies showing the importance of investment on customer knowledge on the one hand and the knowledge maturity in the organization on the other hand. Originality/value: In this research, the impact of customer knowledge on both financial and nonfinancial performance measures was studied showing new findings on the dynamism of their relationships. © 2021, Emerald Publishing Limited.","Article","Final","","Scopus","2-s2.0-85121607760"
"","","","Correction to: Unsteady-state brush theory (Vehicle System Dynamics, (2021), 59, 11, (1643-1671), 10.1080/00423114.2020.1774625)","2023","Vehicle System Dynamics","62","1","","84","","0","10.1080/00423114.2023.2172273","https://www.scopus.com/pages/publications/85179400323?origin=resultslist","Article title: Unsteady-state brush theory Authors: Luigi Romano, Fredrik Bruzelius, Bengt Jacobson Journal: Vehicle System Dynamics Bibliometrics: Volume 59, Number 11, pages 1643–1671 DOI: 10.1080/00423114.2020.1774625 When the above article was first published online, the equations (6), (7b), and (13) were written incorrectly. The coordinate change in Eq. (6) yields Eqs. (7) only when the contact patch is fixed over time or travelled distance (see [1, 2]). Therefore, Eq. (6) should be modified as (Formula presented.) Consequently, Eq. (7b) should be modified as follows: (Formula presented.) Similarly, in the adhesion region, Eq. (13) should be recast as (Formula presented.) The authors sincerely apologise for the inconvenience. © 2023 Informa UK Limited, trading as Taylor & Francis Group.","Erratum","Final","","Scopus","2-s2.0-85179400323"
"Zarghami S.A.; Gunawan I.; Schultmann F.","Zarghami, Seyed Ashkan (57194027160); Gunawan, Indra (57208820112); Schultmann, Frank (6602564223)","57194027160; 57208820112; 6602564223","System Dynamics Modelling Process in Water Sector: a Review of Research Literature","2018","Systems Research and Behavioral Science","35","6","","776","790","40","10.1002/sres.2518","https://www.scopus.com/pages/publications/85057202001?origin=resultslist","System dynamics (SD) approach is a framework for reproducing the behaviour of the real systems. This approach has demonstrated a proven capability in modelling the dynamic interactions among the factors affecting the behaviour of complex systems and therefore can be used by researchers and policymakers as a useful decision tool. Recently, many researchers have devoted significant efforts in adopting the SD modelling technique in water sector, where complex interactions and feedback loops govern the behaviour of the system. This paper presents a comprehensive literature review of scholarly papers in the water sector on the development of the SD models followed by discussion on different steps of the modelling process. A discussion of each step is accompanied by the water sector examples, exemplified in the existing literature. The paper also discusses the advantages and disadvantages of using system dynamics in the water sector and provides directions for future research in this field. © 2018 John Wiley & Sons, Ltd. © 2018 John Wiley & Sons, Ltd.","Article","Final","","Scopus","2-s2.0-85057202001"
"Gurrappanaidu G.; Subbanna N.K.G.; Wanyoike F.; Bahta S.; Reddy Y.R.; Bardhan D.; Vinayagamurthy B.; Vijayalakshmy K.; Habibur R.","Gurrappanaidu, Govindaraj (56825565300); Subbanna, Naveen Kumar Gajalavarahalli (59305185000); Wanyoike, Francis (36344253200); Bahta, Sirak (56367833700); Reddy, Yeswanth Raghuram (59531889100); Bardhan, Dwaipayan (24376198700); Vinayagamurthy, Balamurugan (6603723706); Vijayalakshmy, Kennady (57200937484); Habibur, Rahman (57204053927)","56825565300; 59305185000; 36344253200; 56367833700; 59531889100; 24376198700; 6603723706; 57200937484; 57204053927","Assessment of Vaccination Impact in PPR-Control Program Implemented in Southern States of India: A System Dynamics Model Approach","2025","Viruses","17","1","23","","","1","10.3390/v17010023","https://www.scopus.com/pages/publications/85216203044?origin=resultslist","Mass vaccination against peste des petits ruminants (PPR) in two southern states of India, namely Andhra Pradesh and Karnataka, has reduced disease outbreaks significantly. The sporadic outbreaks reported now can be attributed in part to the recurring movement of sheep and goats between these contiguous states. This study assessed the present level of economic burden and impact of vaccination on the local system (one state), considering the exposure from the external system (neighboring state) using a system dynamic (SD) model. The SD model relies on interdependence, interaction, information feedback, and circular causality and captures potential feedback between disease control interventions and their impact on various epidemiological and economic outcomes. The data for parameterization of the model were collected through surveys, expert elicitation, and literature review. The sporadic outbreaks reported in recent years (<10 outbreaks/year during 2022) were due to continuous “mass vaccination” for more than a decade. During 2021–2022, the PPR incidence was less in both the states, with an estimated loss of USD 26.30 and USD 22.86 million in Andhra Pradesh and Karnataka, respectively. The SD model results showed a systemic increase in flock size and offtakes and a decline in the number of infected and death cases under high vaccination coverage (75% and 100% coverage) compared to the low-coverage scenario. Hence, the coordinated inter-state vaccination efforts offer better prospects, as efforts in one state have positive externalities in terms of fewer outbreaks in a neighboring state. © 2024 by the authors.","Article","Final","All Open Access; Gold Open Access; Green Open Access","Scopus","2-s2.0-85216203044"
"Röck S.","Röck, Sascha (7006314489)","7006314489","Hardware in the loop simulation of production systems dynamics","2011","Production Engineering","5","3","","329","337","26","10.1007/s11740-011-0302-5","https://www.scopus.com/pages/publications/79956275643?origin=resultslist","Constantly growing competitive pressure forces machine and plant manufacturers to find new innovative ways to reduce the development costs as well as to increase the quality. In order to achieve these goals, simulation tools are used in many phases of the development process. An integrated simulation of the system ""production plant"" requires not only the dynamic behavior of the production system but also the consideration of the applied control technology. For this purpose, especially the coupled simulation between real control system and virtual machine became widely accepted in recent years. This paper will give an overview of the current state of the art of hardware-in-the-loop simulation of production systems dynamics at the ISW. © 2011 German Academic Society for Production Engineering (WGP).","Article","Final","","Scopus","2-s2.0-79956275643"
"Da Silva Bastos Sales L.; Barbalho S.; Augusto R.","Da Silva Bastos Sales, Luciano (57192688500); Barbalho, Sanderson (35408493500); Augusto, Rodrigo (23968822100)","57192688500; 35408493500; 23968822100","A bibliometric-qualitative study about the use of system dynamics in the areas of project and program management; [Um estudo bibliométrico e qualitativo sobre o uso da dinâmica de sistemas nas áreas de gerenciamento de projetos e programas]","2021","Gestao e Producao","28","4","e5770","","","3","10.1590/1806-9649-2021v28e5770","https://www.scopus.com/pages/publications/85120791205?origin=resultslist","Despite the proliferation as well as great advances in the development of dynamic models applied to project management, research that applies system dynamics principles to program management does not seem to be as fertile. The objective of this paper is to obtain a more accurate vision of how the system dynamics theory is being used in the development of the program management field. The bibliometric-qualitative study confirms there is a robust use of system dynamics tools in the project management area, with a wide range of applications as well as solid results. The study, however, also shows that for programs, despite a noticeable increase regarding the interest in program management by organizations, clearly there is much less research uniting program management and system dynamics. More importantly, some dynamic models are being used to improve the performance of programs, however, few studies take into consideration the specific variables from program management. Thus, we conclude that current research on these two topics can only be viewed as fragmented and in its early stages, offering ample room for improvement. © 2021 Brazilian Institute for Information in Science and Technology. All rights reserved.","Article","Final","All Open Access; Gold Open Access; Green Open Access","Scopus","2-s2.0-85120791205"
"Mueller G.P.","Mueller, Georg P. (12807359700)","12807359700","Simulating Thomas Kuhn’s scientific revolutions: The example of the paradigm change from systems dynamics to agent based modelling","2017","Advances in Intelligent Systems and Computing","528","","","277","291","1","10.1007/978-3-319-47253-9_25","https://www.scopus.com/pages/publications/85016124337?origin=resultslist","Based on evolutionary game theory, this paper presents a model that allows to reproduce different patterns of change of the main paradigm of a scientific community. One of these patterns is the classical scientific revolution of Thomas Kuhn (The Structure of Scientific Revolutions. University of Chicago Press, Chicago 1962), which completely replaces an old paradigm by a new one. Depending on factors like the acceptance rate of extra-paradigmatic works by the reviewers of scientific journals, there are however also other forms of change, which may e.g. lead to the coexistence of an old and a new paradigm. After analysing the different types of paradigm-changes and the conditions of their occurrence by means of EXCEL based simulation runs, the article explores the applicability of the model to a particular case: the spread of agent based modelling at the expense of the older systems dynamics approach. For the years between 1993 and 2012 the model presented in this article reproduces the observed bibliometric data remarkably well: it thus seems to be empirically confirmed. © Springer International Publishing AG 2017.","Conference paper","Final","","Scopus","2-s2.0-85016124337"
"McAvoy S.; Staib A.; Birch S.","McAvoy, Susan (57210749955); Staib, Andrew (7005757817); Birch, Stephen (57219458626)","57210749955; 7005757817; 57219458626","Models of evaluation under ceteris imparibus: System dynamics and the example of emergency care","2020","Systems Research and Behavioral Science","37","2","","211","222","2","10.1002/sres.2615","https://www.scopus.com/pages/publications/85071364105?origin=resultslist","Traditional and current approaches to modelling the impacts of health care interventions have focused on detail complexity and been ceteris paribus dependent and thereby ignored the wider system impacts. In this study, we have demonstrated that system dynamics (SD) offers theoretical and practical advantages over conventional methodologies and the qualitative assessment tools that have informed the business of emergency care. We translate the key findings of qualitative research, existing literature reviews and studies of the use of simulation and economic evaluation models into a value proposition for using SD tools. We conclude that there is growing evidence of a strong value proposition for the use of SD tools to investigate interventions targeting improved emergency care access. SD models can incorporate dynamic and organizational complexity and fill a gap beyond the microscope of the conventional methodologies informing health care. This potential to strengthen health care systems warrants further investigation. © 2019 John Wiley & Sons, Ltd.","Article","Final","","Scopus","2-s2.0-85071364105"
"Vázquez-Serrano J.I.; Peimbert-Garci´a R.E.","Vázquez-Serrano, Jesu´s Isaac (57218367899); Peimbert-Garci´a, Rodrigo E. (55490621800)","57218367899; 55490621800","System dynamics applications in healthcare: A literature review","2020","Proceedings of the International Conference on Industrial Engineering and Operations Management","0","March","","92","103","5","","https://www.scopus.com/pages/publications/85088994607?origin=resultslist","Healthcare simulation allows management to make decisions based on a solid framework. Continuous simulation is the foundation for systems dynamics, an approach to structure problems, understand those complex interactions within these problems and their changes over time. This paper reviews and resumes the state-of-the-art of system dynamics applications in healthcare. There are 74 publications related to system dynamics and healthcare that were identified in academic databases worldwide from 1999 to 2019. These articles were sorted by their characteristics, revealing that the applications of system dynamics have been broadly used in the healthcare to gain understanding about policy planning and public health decisions. The representation of patient behavior and technology advances, and the management of quality, staff and risk, are areas with potential application for systems dynamics in future research. The tendency to use continuous simulation in healthcare has been decreasing since 2014; however, the strength of hybrid simulation could exploit the innate power of the holistic view of system dynamics. © IEOM Society International.","Conference paper","Final","","Scopus","2-s2.0-85088994607"
"Barrios-Sánchez J.M.; Baeza-Serrato R.; Martínez-Jiménez L.","Barrios-Sánchez, Jorge Manuel (57931031800); Baeza-Serrato, Roberto (55091164700); Martínez-Jiménez, Leonardo (23398039300)","57931031800; 55091164700; 23398039300","Fractional Calculus to Analyze Efficiency Behavior in a Balancing Loop in a System Dynamics Environment","2024","Fractal and Fractional","8","4","212","","","6","10.3390/fractalfract8040212","https://www.scopus.com/pages/publications/85191346796?origin=resultslist","This research project focuses on developing a mathematical model that allows us to understand the behavior of the balancing loops in system dynamics in greater detail and precision. Currently, simulations give us an understanding of the behavior of these loops, but under the premise of an ideal scenario. In practice, however, accurate models often operate with varying efficiencies due to various irregularities and particularities. This discrepancy is the primary motivation behind our research proposal, which seeks to provide a more realistic understanding of the behavior of the loops, including their different levels of efficiency. To achieve this goal, we propose the introduction of fractional calculus in system dynamics models, focusing specifically on the balancing loops. This innovative approach offers a new perspective on the state of the art, offering new possibilities for understanding and optimizing complex systems. © 2024 by the authors.","Article","Final","All Open Access; Gold Open Access","Scopus","2-s2.0-85191346796"
"Diale C.D.; Kanakana-Katumba G.; Maladzhi R.W.","Diale, C.D. (57214989620); Kanakana-Katumba, G. (57203397299); Maladzhi, R.W. (57215006310)","57214989620; 57203397299; 57215006310","Green Entrepreneurship Model Utilising the System Dynamics Approach: A Review","2019","IEEE International Conference on Industrial Engineering and Engineering Management","","","8978804","384","389","3","10.1109/IEEM44572.2019.8978804","https://www.scopus.com/pages/publications/85079678786?origin=resultslist","Green entrepreneurship as a concept is still in its infancy stages around the globe. In order to assess the Green entrepreneurship ecosystem, the researchers adopted a systems dynamic approach to determine key variables that will enable the development of the system. A theoretical review was conducted through a literature review of which n=44 sources met the criteria that the researchers set for ecosystem or variables. Through review of data, the researchers discovered that ecosystem of green entrepreneurship needs to be viewed from meso, macro and micro level with key variables such as green entrepreneurial motives, start-up factors, green support mechanisms, performance and monitoring tools as well as barriers to environmental entrepreneurship. A virtual abstract simulation of system dynamics approach from the systematic review is also formulated in the current paper. Brief summary of findings are classified and explained. Recommendations for future research are also made towards the end of the research paper. © 2019 IEEE.","Conference paper","Final","","Scopus","2-s2.0-85079678786"
"Armenia S.; Barnabé F.; Franco E.; Iandolo F.; Pompei A.; Tsaples G.","Armenia, Stefano (57188952494); Barnabé, Federico (19336868900); Franco, Eduardo (57212431968); Iandolo, Francesca (56428006900); Pompei, Alessandro (57203205999); Tsaples, Georgios (57192423340)","57188952494; 19336868900; 57212431968; 56428006900; 57203205999; 57192423340","Identifying policy options and responses to water management issues through System Dynamics and fsQCA","2023","Technological Forecasting and Social Change","194","","122737","","","26","10.1016/j.techfore.2023.122737","https://www.scopus.com/pages/publications/85164218233?origin=resultslist","Poor quality and scarcity of water are some of the most relevant problems for policy-makers and private sector, especially in the face of climate change. A systemic perspective is key to studying complex issues like water management and understanding how systems change in response to various inputs over time. This study aims to create a generalized, highly synthetic, and abstract model that can reproduce the key dynamics that emerge from the response to policies in water management. The characteristics of this model make it applicable independent of a specific local context. A literature review of modelling and simulation, System Dynamics (SD), and fuzzy set qualitative comparative analysis (fsQCA) approaches to water management was performed, and insights were gained to recognize and understand existing gaps. The results were then assessed using fsQCA to investigate the necessary and sufficient conditions that contribute to shaping sustainable water management. A minimum common structure which highlights the common elements and their key interactions in a generic water management system was proposed. Main findings showed that the most negatively influencing dimensions of water management issues were the absence of costs related to water consumption, infrastructure obsolescence, and population growth. Implications for policy-making on sustainable water management were discussed in the conclusion. © 2023 Elsevier Inc.","Article","Final","All Open Access; Green Open Access; Hybrid Gold Open Access","Scopus","2-s2.0-85164218233"
"Xin S.; Li Z.; Nong J.; Wu J.; Zou X.; Wu R.; Dong S.; Wu R.; Wang S.","Xin, Sihui (59744234100); Li, Zhouyuan (55015874800); Nong, Junsong (59744561800); Wu, Jiaxin (58870244700); Zou, Xinwei (59744397700); Wu, Ruijin (59744730700); Dong, Shikui (59682958500); Wu, Rongling (59512027800); Wang, Shaopeng (56245379600)","59744234100; 55015874800; 59744561800; 58870244700; 59744397700; 59744730700; 59682958500; 59512027800; 56245379600","Environmental system dynamics: Current development and applications","2025","Ecological Modelling","506","","111135","","","2","10.1016/j.ecolmodel.2025.111135","https://www.scopus.com/pages/publications/105002855939?origin=resultslist","System Dynamics (SD) has emerged as a fundamental and powerful modeling methodology for understanding and simulating the behavior of both natural and social-economic systems. This review explores the historical development, key concepts, and broad applications of SD as a fundamental modeling approach. Tracing its evolution from the its inception since 1960s, the paper outlines the four major phases of SD's growth, from its initial conceptualization, through its methodological refinements, to its widespread application in ecosystems, and socio-economic systems in recent over the half century. The review highlights the development of SD communities across the globe, including the North American school, European clusters, and the growing body of work in China, and the progress in the global collaboration. We discuss and organize the foundational paired concepts of SD, including stock-flow relationships, the structure-behavior paradigm, the cause-effect process, and the loop-feedback paradigm. We summarize the SD modeling workflow protocol in the four stages, as conceptualization, visualization, quantification, and verification. It demonstrates good practices of SD modeling in various ecological contexts, spanning population, community, landscape, and macro-ecosystem levels, while emphasizing the method's adaptability and capacity for spatial modeling. Building on an extensive literature review and bibliometric analysis, the paper synthesizes key progress in SD modeling while offering insights into future perspectives and potential advancements. It concludes by reflecting on SD's ability to address multi-scale, multi-dimensional challenges and its compatibility with emerging novel approaches. Our goal is to bridge SD with contemporary ecological modeling practices by systematically reviewing the theoretical and practical advances of SD. This review provides insights for scholars and practitioners seeking to embed SD approach to the environmental and ecological systems simulation. © 2025 Elsevier B.V.","Article","Final","All Open Access; Hybrid Gold Open Access","Scopus","2-s2.0-105002855939"
"Leite L.S.; de Farias Neto A.R.; de Lima F.L.; Chaim R.M.","Leite, Lucilene da Silva (57224311047); de Farias Neto, Alderedo Rubem (57224324097); de Lima, Fernanda Lopes (57224310333); Chaim, Ricardo Matos (55803663100)","57224311047; 57224324097; 57224310333; 55803663100","Analyzing and Modeling Critical Risks in Software Development Projects: A Study Based on RFMEA and Systems Dynamics","2021","Advances in Intelligent Systems and Computing","1368 AISC","","","22","35","3","10.1007/978-3-030-72654-6_3","https://www.scopus.com/pages/publications/85107347333?origin=resultslist","This article aims to propose a method of qualitative analysis and risk management in software development project environments, using a combination of RFMEA and System Dynamics. Therefore, it was possible to analyze the main risks in software development projects from the literature review. Based on those risks, a survey was applied with experts of one of the projects of the Brazilian Civil Aviation Agency (ANAC) to estimate the probability of occurrence, impact, and detection of each risk. Through RFMEA, it was possible to identify and prioritize the project’s risks, and with Systems Dynamics, to evaluate the causal relationships among them. This is a case study and qualitative research carried out with the validation of ten risks in a total of 23, establishing the strategies and recommended actions for each one of them. © 2021, The Author(s), under exclusive license to Springer Nature Switzerland AG.","Conference paper","Final","","Scopus","2-s2.0-85107347333"
"Pagoni E.G.; Georgiadis P.","Pagoni, Eirini Grammatiki (57209716829); Georgiadis, Patroklos (8384563500)","57209716829; 8384563500","System dynamics approaches to public–private partnerships: A literature review","2020","Systems Research and Behavioral Science","37","2","","277","291","10","10.1002/sres.2626","https://www.scopus.com/pages/publications/85073789735?origin=resultslist","Increased complexity has been recognized as a dominant characteristic of public–private partnerships (PPPs). In this article, we review system dynamics (SD) approaches to the PPP field because SD modelling can support the policymaking process in systems with increased structural and functional complexity. Although papers published in journals and conferences have documented SD approaches to PPP problems, there appears to be a lack of systematically reviewing what they have already provided. The objectives are to compare the findings of the studies to provide insights for directing further PPP research with the use of SD. To achieve the review objectives, we categorize the papers by the problem topic raised and provide a summary of particular insights. Problem topics include construction risk assessment, risk allocation, project financing, performance of infrastructure, demand forecast, procurement strategies, and strategic policy at national levels. The paper concludes with recommendations for future SD applications. © 2019 John Wiley & Sons, Ltd.","Article","Final","","Scopus","2-s2.0-85073789735"
"Sun X.; Oliva R.","Sun, Xichen (59002583600); Oliva, Rogelio (7102411613)","59002583600; 7102411613","Qualitative Meta-Analysis With System Dynamics Modeling for Process Theory Development","2026","System Dynamics Review","42","1","e70022","","","0","10.1002/sdr.70022","https://www.scopus.com/pages/publications/105030675070?origin=resultslist","Management research has been dominated by variance theories that explain outcomes through statistical associations. While process theory complements variance theory by focusing on how and why events, activities, and choices interact over time, it remains challenging to acquire rich, longitudinal process data and translate them into novel, abstract process theories. We propose integrating qualitative meta-analysis (QMA) with system dynamics (SD) modeling to address these challenges. QMA systematically synthesizes temporally rich evidence across multiple qualitative case studies, while SD provides a formal language for articulating causal mechanisms, accommodating temporal complexity, and testing dynamic hypotheses. Using a recent application to servitization, we illustrate how QMA-SD can be implemented in a step-by-step manner. Beyond its substantive contribution to the servitization literature, we demonstrate the broader potential of QMA-SD for generating empirically grounded, generalizable, and testable process theories. © 2026 The Author(s). System Dynamics Review published by John Wiley & Sons Ltd on behalf of System Dynamics Society.","Article","Final","All Open Access; Green Open Access; Hybrid Gold Open Access","Scopus","2-s2.0-105030675070"
"Zhou A.C.; Xue W.; Xiao Y.; He B.; Ibrahim S.; Cheng R.","Zhou, Amelie Chi (56454782900); Xue, Weilin (57226134159); Xiao, Yao (57211246611); He, Bingsheng (7402047189); Ibrahim, Shadi (58118076000); Cheng, Reynold (7201955416)","56454782900; 57226134159; 57211246611; 7402047189; 58118076000; 7201955416","Taming System Dynamics on Resource Optimization for Data Processing Workflows: A Probabilistic Approach","2022","IEEE Transactions on Parallel and Distributed Systems","33","1","9462122","231","248","7","10.1109/TPDS.2021.3091400","https://www.scopus.com/pages/publications/85110651412?origin=resultslist","In many data-intensive applications, workflow is often used as an important model for organizing data processing tasks and resource provisioning is an important and challenging problem for improving the performance of workflows. Recently, system variations in the cloud and large-scale clusters, such as those in I/O and network performances and failure events, have been observed to greatly affect the performance of workflows. Traditional resource provisioning methods, which overlook these variations, can lead to suboptimal resource provisioning results. In this article, we provide a general solution for workflow performance optimizations considering system variations. Specifically, we model system dynamics as time-dependent random variables and take their probability distributions as optimization input. Despite its effectiveness, this solution involves heavy computation overhead. Thus, we propose three pruning techniques to simplify workflow structure and reduce the probability evaluation overhead. We implement our techniques in a runtime library, which allows users to incorporate efficient probabilistic optimization into existing resource provisioning methods. Experiments show that probabilistic solutions can improve the performance by up to 65 percent compared to state-of-The-Art static solutions, and our pruning techniques can greatly reduce the overhead of our probabilistic approach.  © 1990-2012 IEEE.","Article","Final","","Scopus","2-s2.0-85110651412"
"Tziogas C.; Georgiadis P.","Tziogas, Charalampos (55901585000); Georgiadis, Patroklos (8384563500)","55901585000; 8384563500","Sustainable energy security: Critical taxonomy and system dynamics decision-making methodology","2015","Chemical Engineering Transactions","43","","","1951","1956","4","10.3303/CET1543326","https://www.scopus.com/pages/publications/84946035592?origin=resultslist","Today, social and economic well-being of nations greatly depends upon the availability, accessibility, affordability, and environmental acceptability of the provided energy services to the end-users. Therefore, effective energy policies and utilized technologies need to be leveraged as to improve and sustain a system's energy security with reference to threats from external and internal events. To that end, energy supply diversity is often regarded as an essential approach that could assist in promoting energy security of an energy consuming system. Indeed, energy supply diversity is often regarded as a proxy for energy security. Moreover, despite the fact that many research efforts have been developed thus far to model energy security, a comprehensive approach that could capture the complex nexus of dynamics that transcend energy secure systems does not yet exist. In this context, in this manuscript we present a critical taxonomy of the state-of-the-art literature and practices that apply to all major issues that stakeholders need to address for the design of energy secure systems. More specifically, we first present the generic system components along with the unique characteristics of potential energy secure systems. Following this, we recognize and present the most critical issues for the design and planning of energy secure systems, while we provide a respective classification of the related research efforts. Following that, we propose a conceptual System Dynamics approach upon the energy sector that could assist policy-makers and regulators in strategically planning energy security systems for the society. Finally, we wrap-up and discuss major gaps in the existing literature, while propose a future research agenda. Copyright © 2015, AIDIC Servizi S.r.l.","Article","Final","","Scopus","2-s2.0-84946035592"
"Hossain M.S.; Ramirez J.; Szabo S.; Eigenbrod F.; Johnson F.A.; Speranza C.I.; Dearing J.A.","Hossain, Md Sarwar (57210742754); Ramirez, Jorge (57207412667); Szabo, Sylvia (56556036400); Eigenbrod, Felix (57200302294); Johnson, Fiifi Amoako (25959082700); Speranza, Chinwe Ifejika (23492281600); Dearing, John A (7006518459)","57210742754; 57207412667; 56556036400; 57200302294; 25959082700; 23492281600; 7006518459","Participatory modelling for conceptualizing social-ecological system dynamics in the Bangladesh delta","2020","Regional Environmental Change","20","1","28","","","48","10.1007/s10113-020-01599-5","https://www.scopus.com/pages/publications/85079627413?origin=resultslist","The concept of complex social-ecological systems (SES) as a means for capturing system dynamics properties (e.g. interactions and feedbacks) has gained attention in policymaking and advancing evidence in understanding complex systems. In contexts with limited data, conceptual system dynamic models offer a promising entry point to overcome challenges in understanding SES dynamics, which is essential for managing the long-term sustainability of SES and human wellbeing. Here, we build on previous work focused on agricultural production and use participatory approaches to develop a conceptual System Dynamics (SD) model for the south-west coastal SES in Bangladesh encompassing multiple forms of livelihood (fisheries, shrimp farming and forests, as well as agriculture). Using qualitative methods, including focus group discussions with farmers, fishermen, shrimp farmers and forest people, as well as expert consultations, we identified interactions, feedback loops and thresholds for the SES. The conceptual system model developed independently by stakeholders is consistent with a model developed using an empirical approach and literature review. Feedback loops are identified for the ecological (e.g. climate and water, mangrove and salinity) and social (e.g. shrimp farming and mangrove, agricultural (e.g. crops) production and subsidy) sub-systems in the Bangladesh delta. The biophysical thresholds that impact social conditions include river water discharge (1500 to 2000 m3 s−1), climate (28 °C) and soil salinity (~4 to ~10 dS m−1). Exceeding these thresholds suggests that SES may lose resilience in the near future and increase the likelihood of regime shifts. Findings of this study contribute to the management of the deltaic ecosystem and provide specific policy recommendations for improving environmental sustainability and human well-being in the Bangladesh delta and can be further used as inputs into system dynamic modelling to simulate changes in this SES. © 2020, Springer-Verlag GmbH Germany, part of Springer Nature.","Article","Final","All Open Access; Green Open Access","Scopus","2-s2.0-85079627413"
"Stiasny J.; Misyris G.S.; Chatzivasileiadis S.","Stiasny, Jochen (57219438710); Misyris, George S. (57194409060); Chatzivasileiadis, Spyros (36560966700)","57219438710; 57194409060; 36560966700","Physics-Informed Neural Networks for Non-linear System Identification for Power System Dynamics","2021","2021 IEEE Madrid PowerTech, PowerTech 2021 - Conference Proceedings","","","9495063","","","82","10.1109/PowerTech46648.2021.9495063","https://www.scopus.com/pages/publications/85111206473?origin=resultslist","Varying power-infeed from converter-based generation units introduces great uncertainty on system parameters such as inertia and damping. As a consequence, system opera-tors face increasing challenges in performing dynamic security assessment and taking real-time control actions. Exploiting the widespread deployment of phasor measurement units (PMUs) and aiming at developing a fast dynamic state and parameter estimation tool, this paper investigates the performance of Physics-Informed Neural Networks (PINN) for discovering the frequency dynamics of future power systems. PINNs have the potential to address challenges such as the stronger non-linearities of low-inertia systems, increased measurement noise, and limited availability of data. The estimator is demonstrated in several test cases using a 4-bus system, and compared with state of the art algorithms, such as the Unscented Kalman Filter (UKF), to assess its performance. © 2021 IEEE.","Conference paper","Final","All Open Access; Green Open Access","Scopus","2-s2.0-85111206473"
"Xu L.; Chen J.; Guo F.; Yi C.","Xu, Liping (57211588844); Chen, Jie (57211071789); Guo, Feina (57211074222); Yi, Chuntao (57202736867)","57211588844; 57211071789; 57211074222; 57202736867","Complex Dynamic Analysis of Community-based Hypertension Management Pattern Based on System Dynamics; [基于系统动力学的社区高血压单病种管理路径的复杂动态分析]","2019","Chinese General Practice","22","14","","1655","1662","2","10.12114/j.issn.1007-9572.2018.00.398","https://www.scopus.com/pages/publications/85072586119?origin=resultslist","Background： At present,single index method,multiple linear regression,grey model and ARIMA model make mostly use of studying the management effect of chronic diseases in communities.These methods often depend on the completeness of data indicators and the length of time series.We present the application of the system dynamics model,which the simulation results are closer to the real situation and the data requirements are more relaxed.This study provides a new method for decision optimization of single disease management path in community.Objective： To explore a dynamic complex model for community-based management pattern of hypertension,providing a reference for quantitative research on the effect and improvement of community-hypertension management pattern.Methods： From January to May 2017,by use of semi-structured interviews with the front-line key health workers of Xuhui District Fenglin Community Health Center,Shanghai,we obtained the data concerning the process of hypertension management used in this center,and we collected the data regarding community-based hypertension management between 2015 and 2017 by web searching.Using systems thinking approach and system dynamics modeling software,we constructed a systems thinking models of community-based hypertension management on the basis of the interview results,literature review of the collected study data and policy documents,and drew causal loop diagrams using the identified key factors in the management system among which causal relationships exist.Results： The system of hypertension community-based hypertension management pattern includes community-dwelling population classification subsystem,high-risk population for hypertension management subsystem,hypertension population management subsystem and community input subsystem.The causal relationships between the factors included in the community-based hypertension management pattern are explained well by the causal loop diagrams of quantity control of targeted populations under community-based hypertension management and quality control in community-based hypertension management for targeted populations.Conclusion： The systems thinking models of community-based hypertension management can be used as an important assistant tool for assessing the performance of the standardized community-based hypertension management system and for optimizing the management procedure.Moreover,the systems thinking models and causal loop diagrams provide references for the development of community-based management patterns of other single diseases. Copyright © 2019 by the Chinese General Practice.","Article","Final","","Scopus","2-s2.0-85072586119"
"Bugalia N.; Maemura Y.; Ozawa K.","Bugalia, Nikhil (57195134056); Maemura, Yu (37104737100); Ozawa, Kazumasa (7402188520)","57195134056; 37104737100; 7402188520","A system dynamics model for near-miss reporting in complex systems","2021","Safety Science","142","","105368","","","45","10.1016/j.ssci.2021.105368","https://www.scopus.com/pages/publications/85107806421?origin=resultslist","For organizations managing ultra-safe complex systems, near-miss reports provide a valuable opportunity to improve safety. Recent academic studies have emphasized the necessity of considering the interactions among several factors influencing the reporting behavior of employees. This study develops a model of near-miss reporting behavior that considers interactions among factors such as an employee's individual characteristics and decisions by organizational management. The current study adopts a System Dynamics (SD) methodology for model development and provides an example of how modelling can be used as an organizational policy tool. A cross-industry literature review is used to develop the causal structure of the model. To evaluate the model's generalizability, the causal structure is then verified with expert interviews from two different systems, the High-Speed Railway and the construction industry. Factors common across the two near-miss reporting systems are the worker's fatigue and a positive utility of reporting. The causal structure is then converted to a simulation SD model and is calibrated to simulate the trends in the number of near-miss reports with unique data on good-observations obtained from the construction industry. The simulations were able to capture the trade-off between the number of near-miss reports and working hours. Such management policy simulations are particularly relevant for ultra-safe complex systems, and help emphasize how systems will continue to face safety-related trade-offs despite overcoming the more commonly reported trade-offs associated with tangible production losses from incidents. The discussion emphasizes that management policies to influence worker fatigue must adequately consider its current system state. © 2021 Elsevier Ltd","Article","Final","","Scopus","2-s2.0-85107806421"
"Choi Y.-C.; Mohamed N.","Choi, Young-Chool (56911364500); Mohamed, Nafsiah (36129889300)","56911364500; 36129889300","Measuring Social Value of Information Technology: Application of Topic Modelling and System Dynamics","2024","Mobile Networks and Applications","29","3","","729","741","2","10.1007/s11036-023-02228-1","https://www.scopus.com/pages/publications/85172132474?origin=resultslist","This study aims to suggest a methodology for measuring the social impact that knowledge technology can have when it is applied to the public sector, using the concept of social value. For this purpose it sets four research questions. First, what are the important concepts that affect the social value brought by public programmes based on knowledge technology? Second, what are the important topics that the core concepts relating to social value come together to form? Third, how are the important concepts constituting these important topics causally related to each other? Fourth, how much social value does knowledge technology bring, and how might the results vary by policy scenario. To answer these questions, the study utilized text mining analysis, as used in big data analysis, along with system dynamics analysis to causally analyse the important topics relating to social value obtained via the analysis, and to construct the concepts included in these topics. © The Author(s), under exclusive licence to Springer Science+Business Media, LLC, part of Springer Nature 2023.","Article","Final","","Scopus","2-s2.0-85172132474"
"Cilenti D.; Issel M.; Wells R.; Link S.; Lich K.H.","Cilenti, Dorothy (7801376900); Issel, Michele (6603927243); Wells, Rebecca (35243925200); Link, Seri (57205644078); Lich, Kristen Hassmiller (6507577234)","7801376900; 6603927243; 35243925200; 57205644078; 6507577234","System Dynamics Approaches and Collective Action for Community Health: An Integrative Review","2019","American Journal of Community Psychology","63","3-4","","527","545","43","10.1002/ajcp.12305","https://www.scopus.com/pages/publications/85060923224?origin=resultslist","System dynamics (SD) methods, from qualitative causal loop diagramming to quantitative simulation modeling, have the potential to be powerful tools for engaging community stakeholders interested in improving health. However, the extent to which SD drives collective action to improve community health is unclear. The objective of this review was to understand how often, why, and how SD has been used by cross-sector community collectives. Of 409 identified manuscripts describing application of SD to community health, only 31 (7.6%) documented cross-sector collective use of these tools. All 31 had as a purpose using SD to better understand community health problems, but only seven (22.6%) documented a collective action taken as the result. In nine of the 31 articles (29.0%), no learning, decisions, or action was documented. The most common form of collective participation in SD work among the seven collectives reporting resulting action was building the SD model, with implementing a new program or practice the most frequently mentioned collective action resulting. Cost and access were the most common system outcomes studied, and chronic diseases and prevention were commonly mentioned as the focal health outcomes. Overall, SD methods seem underutilized for engaging cross-sector collectives in addressing complex community health problems. © 2019 Society for Community Research and Action","Review","Final","","Scopus","2-s2.0-85060923224"
"Selivanova A.; Krejčí I.; Sedlářová-Nehézová T.; Hůlka J.; Češpírová I.; Kuča P.","Selivanova, Anna (57210815824); Krejčí, Igor (54987668900); Sedlářová-Nehézová, Tereza (59701676100); Hůlka, Jiří (15723347900); Češpírová, Irena (7801456944); Kuča, Petr (36980991200)","57210815824; 54987668900; 59701676100; 15723347900; 7801456944; 36980991200","Creation of a System Dynamics model of recovery of affected areas after radioactive contamination","2025","Reliability Engineering and System Safety","260","","111031","","","5","10.1016/j.ress.2025.111031","https://www.scopus.com/pages/publications/105000501947?origin=resultslist","The presented work focuses on current state-of-the-art in mathematical modeling, specifically addressing atmospheric dispersion, radiation transport, and related issues. Central to this research is the development of a mathematical model designed to support recovery processes following extensive contamination by radionuclides. The model of recovery employs the System Dynamics methodology, recognized for its suitability in addressing complex problems characterized by non-linear behaviors, e.g., radioactive decay. The model is developed utilizing Vensim software. Consequently, the recovery model integrates dosimetry estimates with economic analyses. It forecasts contamination impacts on a variety of objects including buildings, agricultural lands, forests, and transportation infrastructure. To compile the necessary input data for the model, simulations were conducted using specialized codes, i.e., JRODOS and MCNP. Furthermore, empirical data concerning the Czech demographic profile, basic characteristics of buildings, and land-use data were employed. Subsequent to these preparatory steps, the model underwent a comprehensive cost-benefit analysis of relevant countermeasures, adapted to the actual conditions in Czechia. Considering very low atmospheric releases, no substantial decontamination actions would be required. For severe accidents, the results of simulated decontamination corresponded to real-case data obtained from the Fukushima clean-up. The obtained results can be used for decision-making by stakeholders and policymakers. © 2025 Elsevier Ltd","Article","Final","","Scopus","2-s2.0-105000501947"
"Oladimeji O.; Cross J.; Keathley-Herring H.","Oladimeji, Olufunke (57200182625); Cross, Jennifer (8547665600); Keathley-Herring, Heather (56154990400)","57200182625; 8547665600; 56154990400","Systematic review of system dynamics applications in performance measurement research","2017","2017 International Annual Conference of the American Society for Engineering Management, ASEM 2017","","","","","","3","","https://www.scopus.com/pages/publications/85040090633?origin=resultslist","The use of performance measurement (PM) systems has evolved over the years for academic researchers and industry practitioners which has changed the way systems are designed, implemented, used, and reviewed. PM systems highlight the shortcomings of an organization including the processes, people or product that allow for improvements and contribute to success in the organization. PM system implementation comes with much complexity and, while scholarly research suggests that over 50% of PM system implementations fail, there is little agreement on how elements in the system interact over time or why the implementations fail. System dynamics (SD) modeling is an approach that can be applied to complex systems and processes such as PM system implementation because it recognizes the system structure, explores and understands the relationships among components, and helps describe how elements interact. This research uses a systematic literature review methodology for evidence-informed research. This includes defining and establishing consistent search terms across platforms, and an evidence-based and systematic review with the goal of collecting and studying existing research through a bibliometric analysis. The aim of this research is to identify past and current trends in research that applies SD approaches in PM. This paper provides research trends in applying SD in PM, identifies areas where SD has been used in PM to add value, and sets priorities for future research work. © 2017 American Society for Engineering Management.","Conference paper","Final","","Scopus","2-s2.0-85040090633"
"Vahidi A.; Aliahmadi A.","Vahidi, Amin (57201461888); Aliahmadi, Alireza (24333959400)","57201461888; 24333959400","Describing the Necessity of Multi-Methodological Approach for Viable System Model: Case Study of Viable System Model and System Dynamics Multi-Methodology","2019","Systemic Practice and Action Research","32","1","","13","37","31","10.1007/s11213-018-9452-0","https://www.scopus.com/pages/publications/85044924268?origin=resultslist","The purpose of this paper is to develop a framework based on the Viable System Model (VSM) and the System Dynamics (SD) that dynamizes and simulates VSM. Failure in non-systemic solutions for management problems, urges managers to search for alternative management solutions. Therefore, managers chose Systems Thinking to tackle management complexity in organizations. In recent years, the need for alternative management solutions has given rise to increased popularity of methodologies such as system dynamics and viable system models. Moreover, managers are the victims of systemic failure in non-systemic organizational methodologies due to the one-dimensional and non-holistic views of the organizations (each methodology presents one dimension and viewpoint to the organization). To address the above issues and to facilitate complexity management in organizations, such methodologies should be reconciled and applied together in the form of a complementary multi-methodological approach. Therefore, to close this gap in the literature, this paper seeks to develop a new multi-methodological approach based on Viable System Model (VSM) and System Dynamics (SD). In this context, a dynamic model is developed that handles and manages knowledge throughout the organization together with a general SD framework that models organizational problem-solving. VSM literature review shows there are demands for such dynamic knowledge-based organizational design and diagnosis methodology. The developed multi-methodological approach enables the design of a dynamic complexity handling structure and its associated processes in any given organization. This research result is providing an approach that is more suitable and comprehensive as it dynamizes VSM and covers for the weaknesses of both SD and VSM. Then, the multi-methodology is applied in a management consulting company and the results are presented. The application of the multi-methodology and proposed policy results demonstrates improved organizational problem-solving abilities in terms of speed and manageability of problems. © 2018, Springer Science+Business Media, LLC, part of Springer Nature.","Article","Final","","Scopus","2-s2.0-85044924268"
"Amiresmaili M.; Mehrolhassani M.H.; Haghdoost A.; Iranmanesh M.","Amiresmaili, Mohammadreza (36695866100); Mehrolhassani, Mohammad Hossein (55050193600); Haghdoost, Aliakbar (12783926800); Iranmanesh, Mahla (57200206419)","36695866100; 55050193600; 12783926800; 57200206419","IDENTIFYING KEY FACTORS AFFECTING ESTIMATING GENERAL PRACTITIONER WORKFORCE REQUIREMENTS WITH A SYSTEM DYNAMICS APPROACH: A SCOPING REVIEW","2025","Asia Pacific Journal of Health Management","20","2","i4041","","","0","10.24083/apjhm.v20i2.4041","https://www.scopus.com/pages/publications/105027392036?origin=resultslist","BACKGROUND: The objective of this study is to identify the key factors influencing approaches to estimating general practitioner workforce requirements through a system dynamics approach. This analysis is essential for understanding workforce dynamics and informing healthcare policy. Consequently, a study was conducted to identify the key factors affecting the estimation of general practitioner numbers using a system dynamics approach. METHODS: This study involved a scoping review of articles concerning the healthcare workforce and general practitioners. Relevant articles were obtained from international databases such as PubMed, Scopus, Embase, and Web of Science, covering the period from 2000 to 2024, where full-text access was provided. An inductive approach was utilized to analyze the findings, enabling deeper insights beyond mere aggregation of information. RESULTS: Eighteen final studies out of 7,397 initially identified were included in the present research. The findings identified 77 variables and factors as exogenous and indigenous. Exogenous variables in the healthcare domain are classified into two main categories: demographic variables and health system variables. Indigenous variables are categorized into two primary groups: educational and workforce variables. CONCLUSIONS: The findings offer a comprehensive framework and identification of variables for this healthcare workforce by integrating demographic changes, labor market dynamics, and professional development. Accurate labor force estimation relies on high-quality data, which presents challenges due to regional differences and ongoing changes, making effective evidence-based workforce planning and policy development crucial through dynamic system thinking. © 2025, Australasian College of Health Service Management. All rights reserved.","Review","Final","All Open Access; Gold Open Access; Green Open Access","Scopus","2-s2.0-105027392036"
"Hunt J.C.R.; Timoshkina Y.; Baudains P.J.; Bishop S.R.","Hunt, J.C.R. (7402692536); Timoshkina, Y. (55211139500); Baudains, P.J. (55210765400); Bishop, S.R. (7202504799)","7402692536; 55211139500; 55210765400; 7202504799","System dynamics applied to operations and policy decisions","2012","European Review","20","3","","324","342","22","10.1017/S1062798711000585","https://www.scopus.com/pages/publications/84860727410?origin=resultslist","This paper reviews how concepts and techniques of system dynamics are being applied in new ways to analyse the operations and formation of artificial and societal systems and then to make decisions about them. The ideas and modelling methods to describe natural and technological systems are mostly reductionist (or 'bottom-up') and based on general scientific principles, with ad-hoc elements for any particular system. But very complex and large systems involving science, technology and society, whose complete descriptions and predictions are impossible, can still be designed, controlled and managed using the methods of system dynamics, where they are focused on the outputs of the system in relation to the input data available, and relevant external influences. For many complex systems with uncertain behaviour, their models typically combine concepts and methods of bottom-up system dynamics with statistical modelling of past or analogous data and optimization of outputs. System dynamics that has been generalized by advances in mathematical, scientific and technological research over the past 50 years, together with new approaches to the use of data and ICT, has led to powerful qualitative verbal and schematic concepts as well as improved quantitative methods, both of which have been shown to be of great assistance to decisions, notably about different types of uncertainty and erratic behaviour. This approach complements traditional decision-making methods, by introducing greater clarity about the process, as well as providing new techniques and general concepts for initial analysis, system description - using data in non-traditional ways - and finally analysis and prediction of the outcomes, especially in critical situations where system behaviour cannot be analysed by traditional decision-making methods. The scientific and international acceptance of system methods can make decision-making less implicit, and with fewer cultural assumptions. Topical examples of systems and decision-making are given. © Copyright Academia Europaea 2012.","Review","Final","","Scopus","2-s2.0-84860727410"
"Hamzehlou M.","Hamzehlou, Mohammad (57223126220)","57223126220","System dynamics model for an agile pharmaceutical supply chain during COVID-19 pandemic in Iran","2024","PLoS ONE","19","1 January","e0290789","","","3","10.1371/journal.pone.0290789","https://www.scopus.com/pages/publications/85182092766?origin=resultslist","Unpredictable changes in the current business environment have made organizations pay attention to the concept of agility. This concept is a key feature to survive and compete in turbulent markets while considering customers’ fluctuating needs. An organization’s agility is a function of its supply chain’s agility. The present study offers a System Dynamics (SD) model for Iran’s Pharmaceutical Supply Chain (PSC). The model is presented in three steps. First, the Supply Chain (SC) indicators were extracted based on theoretical foundations and literature review results. Second, an SD model of the PSC was extracted in the context of the COVID-19 pandemic with the necessary analyses. Finally, the desired outputs and strategies were obtained by conducting a case study. The results indicated that the PSC’s highest agility could be guaranteed by the simultaneous implementation of three strategies: investment, Human Capital Development (HCD), and accelerated completion of ongoing projects on a priority basis. According to these results, the organization had better determine the amount of capital and workforce required for ongoing projects, then design funding solutions to implement these projects and implement them according to the projects’ priority. Copyright: © 2024 Mohammad Hamzehlou.","Article","Final","All Open Access; Gold Open Access; Green Open Access","Scopus","2-s2.0-85182092766"
"Ghamarimajd Z.; Ghanbaripour A.; Tumpa R.J.; Watanabe T.; Mbachu J.; Skitmore M.","Ghamarimajd, Zahra (57344910400); Ghanbaripour, Amir (57188678705); Tumpa, Roksana Jahan (57395706700); Watanabe, Tsunemi (55906925100); Mbachu, Jasper (12345189200); Skitmore, Martin (7003387239)","57344910400; 57188678705; 57395706700; 55906925100; 12345189200; 7003387239","Application of systems thinking and system dynamics in managing risks and stakeholders in construction projects: A systematic literature review","2025","Systems Research and Behavioral Science","42","6","","1465","1479","11","10.1002/sres.3032","https://www.scopus.com/pages/publications/85196513654?origin=resultslist","This paper conducts a systematic literature review on systems thinking (ST) and system dynamics (SD) applications in construction project risk and stakeholder management over the past decade. It evaluates current practices' alignment with SD, addressing project complexity and uncertainty. Seventy-three articles are analysed following Preferred Reporting Items for Systematic Reviews and Meta-Analysis (PRISMA) guidelines, using descriptive, thematic and bibliometric analyses. Findings show fluctuating trends in ST and SD applications due to COVID-19 in 2019, with notable contributions from China, Australia and the UK. Building projects are the most studied, employing mixed methodologies. Thematic analysis highlights SD's significant role in system representation and risk management, with 80% of studies utilizing SD models for various risk factors. While less common in stakeholder management, SD enhances communication and understanding of stakeholder dynamics. The study advocates for integrating SD modelling in construction management for improved decision-making, risk mitigation and stakeholder engagement for project management practitioners, urging collaboration between academia, industry and policymakers for effective construction policies. Academics and researchers should focus on standardizing SD modelling tools, exploring hybrid methodologies like agent-based modelling, and integrating emerging technologies like artificial intelligence (AI) and the Internet of Things (IoT) to enhance real-time decision-making capabilities. Collaboration between academia, industry practitioners and policymakers is crucial to ensure SD research translates into effective policies and best practices, particularly in safety and environmental impact assessments. © 2024 The Author(s). Systems Research and Behavioral Science published by International Federation for Systems Research and John Wiley & Sons Ltd.","Article","Final","All Open Access; Green Open Access; Hybrid Gold Open Access","Scopus","2-s2.0-85196513654"
"Asif F.M.A.; Rashid A.; Bianchi C.; Nicolescu C.M.","Asif, Farazee M.A. (55771698500); Rashid, Amir (56414139800); Bianchi, Carmine (7202398596); Nicolescu, Cornel M. (6603402050)","55771698500; 56414139800; 7202398596; 6603402050","System dynamics models for decision making in product multiple lifecycles","2015","Resources, Conservation and Recycling","101","","","20","33","31","10.1016/j.resconrec.2015.05.002","https://www.scopus.com/pages/publications/84930644712?origin=resultslist","The main drivers for adopting product multiple lifecycles are to gain ecological and economic advantages. However, in most of the cases it is not straight forward to estimate the potential ecological and economic gain that may result from adopting product multiple lifecycles. Even though many researchers have concluded that product multiple lifecycles result in gain, there are examples which indicate that the gain is often marginal or even none in many cases. The purpose of this research is to develop system dynamics models that can assist decision makers in assessing and analysing the potential gain of product multiple lifecycles considering the dynamics of material scarcity. The foundation of the research presented in this paper is laid based on literature review. System dynamics principles have been used for modelling and simulations have been done on Stella iThink platform. The data used in the models have been extracted from different reports published by World Steel Association and U.S. Geological Survey. Some of the data have been assumed based on expert estimation. The data on iron ore reserves, iron and steel productions and consumptions have been used in the models. This research presents the first system dynamics model for decision making in product multiple lifecycles which takes into consideration the dynamics of material scarcity. Physical unavailability and price of material are the two main factors that would drive product multiple lifecycles approach and more sustainable decisions can be made if it is done by taking holistic system approach over longer time horizon. For an enterprise it is perhaps not attractive to conserve a particular type of material through product multiple lifecycles approach which is naturally abundant but extremely important if the material becomes critical. An enterprise could through engineering, proper business model and marketing may increase the share of multiple lifecycle products which eventually would help the enterprise to reduce its dependency on critical materials. © 2015 Elsevier B.V. All rights reserved.","Article","Final","","Scopus","2-s2.0-84930644712"
"Roy B.B.; Tu Q.","Roy, Bidhan Bhuson (57212260489); Tu, Qingshi (36816556100)","57212260489; 36816556100","A review of system dynamics modeling for the sustainability assessment of biorefineries","2022","Journal of Industrial Ecology","26","4","","1450","1459","11","10.1111/jiec.13291","https://www.scopus.com/pages/publications/85132640152?origin=resultslist","Bioeconomy has been incorporated into the national strategy for sustainable development by many countries, and the concept of biorefinery has been considered as one of the essential components of such strategies. The environmental, economic, and social implications of a biorefinery hinge upon both the endogenous interactions among its supply chain components and their responses to the exogenous factors. The system dynamics (SD) modeling approach is suitable for understanding such complex systems. This study provides a state-of-the-art review of the methodological assumptions of existing SD studies relevant to the sustainability of biorefineries. Among the reviewed studies, common supply chain components of a biorefinery were feedstock supply, biomass conversion, market demand, distribution, and use of bioproducts. Components of a supply chain are interlinked through feedback loops. For instance, the preference for bioproduct use increases the corresponding market demand, which attracts more investment in biorefineries and changes the supply of feedstock. Exogenous variables investigated by the reviewed studies cover the market demand, population growth, GDP change, imposed regulations and incentives to evaluate endogenous factors such as the price of biomass and biofuel, change in land-use pattern, and fuel or energy choices of consumers. Through analyzing the methodological assumptions, we also identified several limitations of the models/frameworks in the existing literature, including (1) the lack of a mechanism to represent the complex interactions within the supply chain of a biorefinery with a diverse product portfolio, and (2) the lack of feedback loops incorporating the environmental (e.g., via life cycle assessment), economic (e.g., via techno-economic analysis), and social (e.g., via social life cycle assessment) influences into the interactions among supply chain components. Accordingly, we proposed a recommendation for methodology development to address these limitations. © 2022 by the International Society for Industrial Ecology.","Article","Final","","Scopus","2-s2.0-85132640152"
"Negrut D.; Serban R.; Mazhar H.; Heyn T.","Negrut, Dan (57207560202); Serban, Radu (59510717000); Mazhar, Hammad (36131973000); Heyn, Toby (16417299100)","57207560202; 59510717000; 36131973000; 16417299100","Parallel computing in multibody system dynamics: Why, when, and how","2014","Journal of Computational and Nonlinear Dynamics","9","4","041007","","","64","10.1115/1.4027313","https://www.scopus.com/pages/publications/84904289941?origin=resultslist","This paper addresses three questions related to the use of parallel computing in multibody dynamics (MBD) simulation. The ""why parallel computing?"" question is answered based on the argument that in the upcoming decade parallel computing represents the main source of speed improvement in MBD simulation. The answer to ""when is it relevant?"" is built around the observation that MBD software users are increasingly interested in multi-physics problems that cross disciplinary boundaries and lead to large sets of equations. The ""how?"" question is addressed by providing an overview of the state of the art in parallel computing. Emphasis is placed on parallelization approaches and support tools specific to MBD simulation. Three MBD applications are presented where parallel computing has been used to increase problem size and/or reduce time to solution. The paper concludes with a summary of best practices relevant when mapping MBD solutions onto parallel computing hardware. Copyright © 2014 by ASME.","Review","Final","","Scopus","2-s2.0-84904289941"
"Aguiar A.; Gebremariam M.K.; Romanenko E.; Önal F.; Kopainsky B.; Savona N.; Brown A.; Allender S.; Lien N.","Aguiar, Anaely (57219381080); Gebremariam, Mekdes K. (36623521600); Romanenko, Eduard (57992028400); Önal, Furkan (58617256300); Kopainsky, Birgit (24824581800); Savona, Natalie (36835476600); Brown, Andrew (57201464558); Allender, Steven (11639981600); Lien, Nanna (6701777799)","57219381080; 36623521600; 57992028400; 58617256300; 24824581800; 36835476600; 57201464558; 11639981600; 6701777799","System dynamics simulation models on overweight and obesity in children and adolescents: A systematic review","2023","Obesity Reviews","24","S2","e13632","","","5","10.1111/obr.13632","https://www.scopus.com/pages/publications/85172205941?origin=resultslist","It has increasingly been recognized that developing successful obesity prevention policies and interventions requires understanding of the complex mechanisms driving the obesity pandemic and that models could be useful tools for simulating policies. This paper reviews system dynamics simulation models of mechanisms driving childhood overweight and obesity and/or testing of preventive interventions. A systematic literature search was conducted in six databases from inception to January 2023 using terms related to overweight/obesity, children, and system dynamics. Study descriptives, mechanisms, and where to intervene (the leverage points), as well as quality assessments of the simulation models were extracted by two researchers into a predetermined template and narratively synthesized. Seventeen papers describing 15 models were included. Models describing the mechanisms ranged from only intrapersonal factors to models cutting across multiple levels of the ecological model, but mechanisms across levels were lacking. The majority of interventions tested in the simulation models were changes to existing model parameters with less emphasis on models that alter system structure. In conclusion, existing models included mechanisms driving youth obesity at multiple levels of the ecological model. This is useful for developing an integrated simulation model combining mechanisms at multiple levels and allowing for testing fundamental system changes. © 2023 The Authors. Obesity Reviews published by John Wiley & Sons Ltd on behalf of World Obesity Federation.","Review","Final","All Open Access; Green Open Access; Hybrid Gold Open Access","Scopus","2-s2.0-85172205941"
"Chen L.-T.; Xu Q.-R.; Wu Z.-Y.","Chen, Li-Tian (35204433200); Xu, Qing-Rui (7403744136); Wu, Zhi-Yan (57212971289)","35204433200; 7403744136; 57212971289","Strategic schema, innovation search and technological innovation capability evolution - Theoretical modeling and simulation based on system dynamics","2014","Xitong Gongcheng Lilun yu Shijian/System Engineering Theory and Practice","34","7","","1705","1719","10","","https://www.scopus.com/pages/publications/84907091815?origin=resultslist","Based on upper echelon theory, cognitive theory and knowledge structure perspective, this study constructed a system dynamics model about the process from knowledge search to knowledge creation. The relationship among strategic schema, innovation search and technological innovation capability is quantified. The findings are as follows: first, there is an important trajectory of technological innovation capability evolution: ""absorptive capacity dominant-absorption & integration capabilities lead- absorptive, integration & creation capabilities at a high level under balanced development""; second, the complexity of strategic schema, maintaining between 20%~50%, helps to the transition of evolution trajectory of technological innovation capability. These findings can fill the existing research gap generated by empirical research on technological innovation, and can enrich the application of system dynamics in the field of innovation management.","Article","Final","","Scopus","2-s2.0-84907091815"
"Elizondo-Noriega A.; Güemes-Castorena D.; Tercero-Gómez V.G.; Beruvides M.G.","Elizondo-Noriega, Armando (55251722900); Güemes-Castorena, David (14822402500); Tercero-Gómez, Víctor G. (54953362000); Beruvides, Mario G. (6701413708)","55251722900; 14822402500; 54953362000; 6701413708","The state of the art in system dynamics modeling of cost of quality","2018","39th International Annual Conference of the American Society for Engineering Management, ASEM 2018: Bridging the Gap Between Engineering and Business","","","","505","514","10","","https://www.scopus.com/pages/publications/85064345050?origin=resultslist","Several studies have been performed to review the state the art in the cost of quality (COQ) literature. These studies have focused on different aspects such as models, adoption, limitations, etc. Few works have been found addressing the COQ simulation procedures. Simulation is a crucial tool to attain preliminary inexpensive results prior to potentially expensive or complex in situ studies. Currently, there are several simulation-based approaches to estimate the COQ. These studies were based on different simulation techniques such as discrete event and linear optimization to mention a few. One simulation technique that seems to be useful to understand the causal relationship between the elements on COQ is system dynamics (SD). SD allows the analyst to observe causal effect relationships and their aggregated structure to answer research questions, improve policy making and observe previously unknown or unobserved behaviors. However, no review has been performed presenting the most suitable or best practices to address theoretical issues in COQ via SD. The current work provides a review of different SD-related works to address this problem aiming to provide a scope for future research on SD simulation of COQ. © Copyright© (2018) by American Society for Engineering Management (ASEM). All rights reserved.","Conference paper","Final","","Scopus","2-s2.0-85064345050"
"Naweed A.; Bowditch L.; Trigg J.; Unsworth C.","Naweed, Anjum (36768834400); Bowditch, Lorelle (57202220656); Trigg, Joshua (56156867800); Unsworth, Carolyn (7005281228)","36768834400; 57202220656; 56156867800; 7005281228","Injury by design: A thematic networks and system dynamics analysis of work-related musculoskeletal disorders in tram drivers","2022","Applied Ergonomics","100","","103644","","","24","10.1016/j.apergo.2021.103644","https://www.scopus.com/pages/publications/85120611908?origin=resultslist","Tram driving is a safety critical task where work-related musculoskeletal disorders (WRMSDs) and injuries are associated with interacting occupational design factors over time. These interactions then carry implications for workforce retention, public safety, workplace relations and supports. To better understand such interactions, this study used thematic networks and system dynamics (causal loop diagrams) analysis with the aim to unearth a global theme underscoring occurrence of WRMSDs, and describe the factors influencing the system dynamics of WRMSD occurrence in tram drivers. Building on earlier work focused on occupational participation, secondary analysis of driver interviews (n = 13) and driving observations (n = 11) produced thematic network and causal loop models of risk factors that highlighted an Injury by Design problem structure as a global theme. Research targeting organisational culture, human factors, and design standards is needed to minimise WRMSDs risk in tram drivers. © 2021 The Authors","Article","Final","All Open Access; Green Open Access; Hybrid Gold Open Access","Scopus","2-s2.0-85120611908"
"Kennedy M.","Kennedy, Michael (57198419436)","57198419436","Cybernetics and system dynamics: Impacts on public policy","2011","Kybernetes","40","1","","124","140","10","10.1108/03684921111117960","https://www.scopus.com/pages/publications/79955601411?origin=resultslist","Purpose: The purpose of this paper is to review the state of the art and practice of two strands of thinking encapsulated in the two disciplines of cybernetics (CN) and system dynamics (SD). These possess many similarities in terms of their fundamental philosophies but which have diverged significantly in terms of their audience and practical application. A brief theoretical review of both CN and SD is given which is then followed by a partial review of the literature and the description of a number of practical applications of both disciplines in the public policy arena. Findings from this theoretical and practical examination of both disciplines are drawn out. Design/methodology/approach: This paper has two main threads: it compares and contrasts SD and CN and it carries out a survey of published works relevant to public policy in these two areas to facilitate comparison. Findings: The paper concludes with a review of the contribution made by each discipline in the public policy field. It draws the conclusion that both disciplines have had and continue to make a significant contribution to a deeper non-linear understanding of the complexity of developing public policy which is seen as an inherently complex and ""messy"" area. Practical implications: From the analysis presented, it may be possible to draw out a means of combining both CN and SD methodologies in a synergistic fashion. Originality/value: No direct comparative evaluation of this type has previously been uncovered. The value of this paper lies in its practical implications as mentioned above. © Emerald Group Publishing Limited.","Review","Final","","Scopus","2-s2.0-79955601411"
"Zeinalnezhad M.; Alavi S.; Mirmohammadsadeghi S.; Gunasekaran A.; Kabir G.","Zeinalnezhad, Masoomeh (37023634000); Alavi, Somaieh (36138808500); Mirmohammadsadeghi, Seyedmehdi (56830524100); Gunasekaran, Angappa (56238759300); Kabir, Golam (55533049300)","37023634000; 36138808500; 56830524100; 56238759300; 55533049300","Circular economy modelling for healthcare waste management by integrating system dynamics and analytical network process","2025","Operations Management Research","18","3","","987","1012","8","10.1007/s12063-025-00553-0","https://www.scopus.com/pages/publications/105003973776?origin=resultslist","Health and environmental crises related to plastic waste have necessitated the implementation of circular economy (CE), especially among hospitals. By using the CE model for waste management, it will be easier to transfer collected waste from landfills to recycling plants and reduce waste generation by increasing reuse and recycling as well as using plastic waste as a resource. However, due to the degree of confusion in the hospital, there is a lack of targeted joint research that uses the principles of waste management and the concept of CE. The purpose of this study is to first examine how CE may act as a catalyst for change in medical plastic waste management. To begin with, a comprehensive literature review was conducted to identify important variables affecting the application of CE in the valuation of plastic waste. Then, barriers and drivers of transition to CE were studied from a linear perspective and evaluation indicators of CE actions were identified. In total, 21 strategies are proposed and classified into five categories: government policy, management policy, technology, industry and supply chain (SC). A system dynamics (SD) model was developed through a causal loop diagram to describe CE implementation strategies in hospitals. The causal loop diagram facilitates an in-depth understanding of the interactions of important factors that influence the hospital's CE and plastic reduction strategies. It defines the relationships between the sub-criteria and also between the main criteria for Analytical Network Processs (ANP) model. ANP was used for prioratizing the CE strategies. © The Author(s), under exclusive licence to Springer Science+Business Media, LLC, part of Springer Nature 2025.","Article","Final","","Scopus","2-s2.0-105003973776"
"Cheng B.; Wei Y.; Zhang W.; Zhou X.; Chen H.; Huang L.; Huang J.; Kang X.","Cheng, Baoquan (57210176537); Wei, Yuhu (57219568514); Zhang, Wei (57219711538); Zhou, Xintao (57219713842); Chen, Huihua (57216271092); Huang, Lipeng (57219708888); Huang, Jianling (50061249400); Kang, Xiaofang (55672896400)","57210176537; 57219568514; 57219711538; 57219713842; 57216271092; 57219708888; 50061249400; 55672896400","Evolutionary game simulation on government incentive strategies of prefabricated construction: A system dynamics approach","2020","Complexity","2020","","8861146","","","37","10.1155/2020/8861146","https://www.scopus.com/pages/publications/85094903495?origin=resultslist","Prefabricated construction is a state-of-the-art construction technology of both socio-economic and environmental benefits, but sometimes, it is not welcome due to its high cost. Governments play an important role in deeply promoting prefabricated construction, but its effects are not clear. This paper developed a system dynamics model for investigating and simulating the impacts of government incentive strategies on prefabricated construction by considering the evolutionary game process between the government and contractors. Data of Shanghai, China, is collected for demonstration and validation of the developed simulation model. Results show that (1) the evolutionary stable strategy does not exist in static game process; (2) the rate of adopting prefabricated construction is affected by the level of penalties and subsidies; (3) dynamic incentive strategies can better improve the stability of the evolutionary game process; and (4) the rational range of incentive rate can be obtained. Findings of this study facilitate governments to formulate and improve the incentive strategies of prefabricated construction, thus boosting the development of construction industrialization.  © 2020 Baoquan Cheng et al.","Article","Final","All Open Access; Gold Open Access; Green Open Access","Scopus","2-s2.0-85094903495"
"Kumar R.S.; Ramanujam R.; Khincha H.P.; Jenkins L.","Kumar, R. Sreerama (6508062565); Ramanujam, R. (7004632834); Khincha, H.P. (6701879509); Jenkins, L. (56689336200)","6508062565; 7004632834; 6701879509; 56689336200","Performance evaluation of the high speed algorithm for simulation of large scale power system dynamics","1992","Electric Machines and Power Systems","20","3","","205","222","0","10.1080/07313569208909586","https://www.scopus.com/pages/publications/0026865770?origin=resultslist","The simultaneous implicit approach proposed by Dommel and Sato [H.W.Dommel and N. Sato, 1972] has become the state-of-the-art for transient stability simulation. A high speed algorithm for the simulation of power system dynamics, based on Dommel-Sato method, was proposed in [R. Sreerama Kumar et al, 1990]. This paper presents the results of exhaustive investigations into the performance of the high speed algorithm. A typical Indian power system consisting of 122 buses, 154 branches and 14 generators was chosen as the test system. The investigations reveal that the performance of the algorithm is affected more or less by certain factors such as the complexity of the synchronous machine modelling, the severity of disturbance, the presence of sources of network solution iterations in the algorithm etc. In general, the high speed algorithm shows significant improvement over the Dommel-Sato method. At worst, it performs as well as the Dommel-Sato method. © 1992 by Hemisphere Publishing Corporation.","Article","Final","","Scopus","2-s2.0-0026865770"
"Yi Y.; Wu J.; Zuliani F.; Lavagnolo M.C.; Manzardo A.","Yi, Yanqing (57218420516); Wu, Junzhang (57201286312); Zuliani, Filippo (57062799100); Lavagnolo, Maria Cristina (6506821362); Manzardo, Alessandro (24376591700)","57218420516; 57201286312; 57062799100; 6506821362; 24376591700","Integration of life cycle assessment and system dynamics modeling for environmental scenario analysis: A systematic review","2023","Science of the Total Environment","903","","166545","","","51","10.1016/j.scitotenv.2023.166545","https://www.scopus.com/pages/publications/85171572077?origin=resultslist","System dynamics (SD) is widely recognized as a tool for simulating spatial and temporal dynamics in life cycle assessment (LCA) studies of the product system. However, there is no agreement on how SD and LCA could be applied effectively together in a consistent way. To address this gap, this research conducted a systematic literature review, analyzing 54 scientific articles published worldwide between 2010 and 2023, to explore the joint application of LCA with SD. The study aimed to answer three research questions: (1) What can be considered an integration of LCA and SD? (2) How can SD and LCA be effectively integrated? and (3)What are the advantages and constraints of this integration? The results highlighted the popularity of LCA and SD as impact assessment tools for sustainable design, each with its own strengths and limitations. Two primary integration types were identified when LCA was jointly applied with SD: (1) inclusion of the life cycle inventory and characterization factors in an SD model, and (2) inclusion of SD model results in an LCA. In the second type of integration, SD models the components of the technical system, and its outcomes served as input for scenario analysis, providing temporal and potentially spatial inventory data for the LCA model. The integrated approach offers a comprehensive understanding of product sustainability, aids decision-making, and enhances stakeholder engagement. The study also identifies knowledge gaps in the joint application of SD and LCA for environmental scenario analysis, suggesting the incorporation of optimization tools and strategy guidance for policy makers. © 2023 Elsevier B.V.","Review","Final","","Scopus","2-s2.0-85171572077"
"Liveris N.I.; Papageorgiou G.; Tsepis E.; Fousekis K.; Tsarbou C.; Xergia S.A.","Liveris, Nikolaos I. (57224929822); Papageorgiou, George (56266339300); Tsepis, Elias (8084198300); Fousekis, Konstantinos (36561377100); Tsarbou, Charis (57224931426); Xergia, Sofia A. (36451528800)","57224929822; 56266339300; 8084198300; 36561377100; 57224931426; 36451528800","Towards the Development of a System Dynamics Model for the Prediction of Lower Extremity Injuries","2023","International Journal of Exercise Science","16","3","","1052","1065","11","","https://www.scopus.com/pages/publications/85195139822?origin=resultslist","Acute noncontact Lower Extremity (LE) injuries constitute a significant problem in team sports. Despite extensive research, current knowledge on the risk factors of LE injuries is limited to static simplistic models of instantaneous cause and effect relationships ignoring the time dimension and the embedded complexity of LE injuries. Even though complex systems approaches have been used in various cases to improve policy and intervention effectiveness, there is limited research on predicting and managing LE injuries. This creates an opportunity to fill the gap in the current literature by applying the System Dynamics (SD) methodology to model LE injuries. The proposed approach allows for synthesizing risk factors and examining their interaction. This paper makes the first step towards such an approach by developing a causal loop model revealing the etiology of LE injuries. A causal loop model for LE injuries is developed via an extensive literature review and brainstorming with experts. In contrast to the traditional static approaches, the proposed model reveals some of the complexity and nonlinear relationships of the various sports injury risk factors. The derived causal loop model may then be used to quantify these interactions and develop a simulation model. This will be achieved by operationalizing and incorporating the main risk factors that impact LE injuries in an integrated sports injury prediction model. In this way, plausible strategies for preventing LE injuries can be tested prior implementation and thereby achieve optimization of intervention programs. © 2023, Western Kentucky University. All rights reserved.","Review","Final","","Scopus","2-s2.0-85195139822"
"Wang C.; Xu S.; Zhang Y.; Wang D.; Li B.","Wang, Chen (57194026406); Xu, Shana (59394413800); Zhang, Ying (59394653000); Wang, Defa (58964859800); Li, Bin (58965541600)","57194026406; 59394413800; 59394653000; 58964859800; 58965541600","System Dynamics–Based Construction Risk Analysis of a Coastal Ribbon Landscape Project","2025","ASCE-ASME Journal of Risk and Uncertainty in Engineering Systems, Part A: Civil Engineering","11","1","04024078","","","1","10.1061/AJRUA6.RUENG-1429","https://www.scopus.com/pages/publications/85208147743?origin=resultslist","Growing coastal populations intensify environmental stress and pollution. Effective coastal ecological landscape construction is essential for the revival and enhancement of marine ecosystems. Despite this, compared with studies on coastal areas, there are few studies on the risks of coastal landscape construction. This study introduces a construction risk management model for coastal ribbon landscape projects, employing system dynamics for a quantitative and dynamic risk analysis to detect potential construction threats. Initially, the study comprehensively identified 8 primary and 40 secondary indicator risks through a literature review and expert interviews. Subsequently, the analytic hierarchy process (AHP) entropy weighting method was utilized to pinpoint key risk factors. A causal loop model and stock-flow diagram of these risk factors were developed using system dynamics. The study then analyzed specific countermeasures for each risk type and simulated the dynamics of three risk response models: staged, cyclical, and normalized. The findings indicated that technical, management, and quality risks are the predominant drivers, with their values increasing in an almost linear fashion. Analysis of the risk response models suggests that cyclical control of technical and safety risks is the most effective mitigation strategy. This approach facilitates the identification of critical issues and the formulation of appropriate measures, robustly underpinning the sustainable development of coastal regions. © 2024 American Society of Civil Engineers.","Article","Final","","Scopus","2-s2.0-85208147743"
"Ribeiro D.R.S.; Mendes L.G.; Forcellini F.A.; Uriona-Maldonado M.","Ribeiro, Danilo Ribamar Sá (57471157200); Mendes, Lúcio Galvão (57226314178); Forcellini, Fernando Antônio (7801414022); Uriona-Maldonado, Mauricio (35148501500)","57471157200; 57226314178; 7801414022; 35148501500","Exploring a System Dynamics Approach to Develop Shared-Mobility Services Models: A Literature Review","2023","IFIP Advances in Information and Communication Technology","667 IFIP","","","463","473","3","10.1007/978-3-031-25182-5_45","https://www.scopus.com/pages/publications/85151057483?origin=resultslist","Shared Mobility Services (SHMS) are business models (BMs) that act as sharing economy platforms commonly based on mobile applications. They are conceived in a complex landscape characterized by the presence of information and the widespread presence of smart devices. In this sense, decision-makers, system developers, maintainers, and providers try to understand the interrelationships within this framework in terms of policy evaluation and/or impact on its successful adoption, analysis of all aspects of SHMS that affect the environment such as understanding patterns, user behavior, and improving the quality of this BM. To do this, models are built to capture the complex dependencies and interactions of these variables to guide decision-making. In this context, System Dynamics (SD) emerges as a useful approach to manage and capture the complexity/causality relationships of SHMS variables. Based on this, it developed a literature review to verify which research has applied SD to explore SHMS, analyzing existing models, their methods, variables, and impacts, as well as directions for future research. From a practical point of view, it is hoped that this research can be used as a guideline for urban planners and SHMS providers. © 2023, IFIP International Federation for Information Processing.","Conference paper","Final","All Open Access; Green Open Access","Scopus","2-s2.0-85151057483"
"Zhai W.; He Q.; Bao Y.; Cai C.","Zhai, Wanming (7102239159); He, Qinglie (57203175777); Bao, Yulong (55839781700); Cai, Chengbiao (7202874112)","7102239159; 57203175777; 55839781700; 7202874112","Suspended monorail system dynamics: fundamental and practice","2025","Railway Engineering Science","33","3","","379","413","3","10.1007/s40534-025-00403-6","https://www.scopus.com/pages/publications/105012414631?origin=resultslist","Urban transportation systems are facing severe challenges due to the rapid growth of the urban population, especially in China. Suspended monorail system (SMS), as a sky rail transportation form, can effectively alleviate urban traffic congestion due to its independent right-of-way and minimal ground footprint. However, the SMS possesses a special traveling system with unique vehicle structure and bridge configuration, which results in significant differences in both the mechanisms and dynamics problems associated with train–bridge interaction (TBI) when contrasted with those of traditional railway systems. Therefore, a thorough understanding of the SMS dynamics is essential for ensuring the operational safety of the system. This article presents a state-of-the-art review of the TBI modeling methodologies, critical dynamic features, field tests, and practice of the SMS in China. Firstly, the development history, technical features, and potential dynamics problems of the SMS are briefly described, followed by the mechanical characteristics and mechanisms of the train–bridge interactive systems. Then, the modeling methodology of the fundamental elements in the suspended monorail TBI is systematically reviewed, including the suspended train subsystem, bridge subsystem, train–bridge interaction relationships, system excitations, and solution method. Further, the typical dynamic features of the TBI under various operational scenarios are elaborated, including different train speeds, a variety of line sections, and a natural wind environment. Finally, the first new energy-based SMS test line in the world is systematically introduced, including the composition and functionality of the system, the details of the conducted field tests, and the measured results of the typical dynamic responses. At the end of the paper, both the guidance on further improvement of the SMS and future research topics are proposed. © The Author(s) 2025.","Article","Final","All Open Access; Gold Open Access; Green Open Access","Scopus","2-s2.0-105012414631"
"Faherty M.; McArdle G.; Tafidis P.","Faherty, Mary (60240822100); McArdle, Gavin (15926174900); Tafidis, Pavlos (57194467255)","60240822100; 15926174900; 57194467255","Envisioning sustainable urban mobility in Dublin: Stakeholder perspectives and system dynamics","2024","Transportation Research Interdisciplinary Perspectives","28","","101280","","","11","10.1016/j.trip.2024.101280","https://www.scopus.com/pages/publications/85209657835?origin=resultslist","As Dublin is a city grappling with traffic congestion, insufficient transport infrastructure and population growth, it requires a strategic overhaul to foster a resilient, accessible, and environmentally friendly mobility ecosystem. Through 50 semi-structured interviews and a robust thematic analysis approach, this study explores the challenges and solutions to realising a sustainable mobility future for the city. A comprehensive understanding of stakeholders’ views on current challenges, opportunities and the overall direction of transport policy and practice was examined, including the role of technology and community involvement. Seven themes were identified: policy and governance; community and stakeholder participation; infrastructure and resource allocation; innovation and adaptive strategies; data-driven and evidence-based approaches; operational efficiency and effectiveness; and environmental sustainability and health. This paper further investigates these themes and their interconnections using a systems thinking approach, revealing a complex web of feedback loops and leverage points that shape the urban mobility landscape. Our findings highlight the critical role of integrated policy frameworks, community engagement, technological innovations, and a multidisciplinary approach in transitioning towards a more sustainable, efficient, and inclusive urban mobility system. By mapping the intricate interactions between these themes, this study contributes to a deeper understanding of the systemic changes required to enhance sustainable urban mobility in Dublin and offers insights that could inform policy and practice in other urban contexts facing similar challenges. © 2024","Article","Final","All Open Access; Gold Open Access; Green Open Access","Scopus","2-s2.0-85209657835"
"Kaur G.; Kander R.","Kaur, Gurinder (58446548700); Kander, Ronald (7003795933)","58446548700; 7003795933","System Dynamics for Manufacturing: Supply Chain Simulation of Hemp-Reinforced Polymer Composite Manufacturing for Sustainability","2025","Sustainability (Switzerland)","17","2","765","","","7","10.3390/su17020765","https://www.scopus.com/pages/publications/85215778725?origin=resultslist","Supply chain management (SCM) involves complexities and uncertainties in the flow of goods and services from raw materials to end users. Inaccurate estimation of raw materials, labor, or equipment can lead to financial losses and environmental impacts. This study explores the application of system dynamics modeling (SDM) in manufacturing hemp-reinforced polymer composites (HRPC) to optimize resource usage. Using SDM software STELLA® (Version 3.7.3), selected for its affordability and features, the research demonstrates how system dynamics (SD) can enhance sustainability by minimizing materials, labor, and equipment, reducing energy consumption. A literature review identified a gap in existing research, as we found no prior studies simulating HRPC manufacturing using SDM. The study concludes that SDM is an effective tool for optimizing resource use and improving manufacturing efficiency. By simulating multiple supply chain scenarios in a risk-free environment, the model helps reduce resource consumption and enhance sustainability. Additionally, outputs from the STELLA® model can be used as inputs for life cycle assessment (LCA) to quantitatively measure environmental impacts. © 2025 by the authors.","Article","Final","All Open Access; Gold Open Access","Scopus","2-s2.0-85215778725"
"Kortum W.; Sharp R.S.","Kortum, W. (6701735287); Sharp, R.S. (36937359400)","6701735287; 36937359400","A Report on the State-of-Affairs on “Application of Multibody ComputerCodes to Vehicle System Dynamics”","1991","Vehicle System Dynamics","20","3-4","","177","184","13","10.1080/00423119108968984","https://www.scopus.com/pages/publications/0025846803?origin=resultslist","This report gives a preview to a state-of-the-art paper and a special session which are devoted to the problem of the applicability of multibody computer codes to vehicle system dynamics. These activities were initiated at the 11th IAVSD Symposium 1989 in Kingston, CAN, followed by a workshop in Herbertov, CSR, and to be reported at the 12th IAVSD Symposium in Lyon, 1991. The concluding documentation will be a special issue of the VSD journal. The status of this report is what has been achieved up to May 1991. © 1991, Taylor & Francis Group, LLC. All rights reserved.","Article","Final","","Scopus","2-s2.0-0025846803"
"Zaib N.A.M.; Bazin N.E.N.; Mustaffa N.H.","Zaib, Nurul Afiqah Mat (57192383247); Bazin, Nor Erne Nazira (55670287900); Mustaffa, Noorfa Haszlinna (54584140700)","57192383247; 55670287900; 54584140700","Discount pricing strategies for smart phone using system dynamics modelling","2016","Jurnal Teknologi","78","12-2","","1","10","1","10.11113/jt.v78.10115","https://www.scopus.com/pages/publications/85005979507?origin=resultslist","Nowadays, retailers of highly demanded products such as fashion goods and high technology electronic devices (smart phone) are aggressively competing with one another in order to increase revenue and to maintain their position in the market place. Rapid introduction of new smart phone into the market has resulted in shorter product life cycle and intensified competition, which force retailers to enhance their strategic management and creates competitive advantages. The challenge is in designing a suitable pricing strategy and discount offerings. Thus, the aim of this research is to develop a dynamic model to understand the relations between factors influencing the discount-pricing decision, to analyze performance of the discount-pricing strategy and to present an insight on the effects of the strategy implemented. Hence, to help achieve all the purposes, system dynamics approach is chosen to model the discount-pricing strategy for new smart phone. System dynamics modelling simulates the behavior of complex systems over time. Data used in the research is collected from literature review and email interview. The email interview focuses on the information of discount-pricing strategy normally used by retailers. The simulation results show that the value of cumulative sales within introduction phase is the highest as compared to other phases. Based on the survey, it is proposed that suitable discount level to be offered for new smart phone ranges from 10% to 30%. Furthermore, the study suggests that retailers can start a discount promotion early of the month of new smart phone released and, in addition, the discount-pricing strategy model of new smart phone is also produced as one of contribution of this study. © 2016 Penerbit UTM Press. All rights reserved.","Article","Final","All Open Access; Gold Open Access","Scopus","2-s2.0-85005979507"
"Müller P.C.","Müller, P.C. (56409283400)","56409283400","Kurt Magnus: A pioneer of multibody system dynamics","2013","Multibody System Dynamics","30","2","","199","207","4","10.1007/s11044-013-9354-y","https://www.scopus.com/pages/publications/84875520645?origin=resultslist","Professor Dr. Kurt Magnus (1912-2003) would celebrate his 100th birthday on September 8, 2012. That is a reason to remember this internationally renowned scientist in the field of mechanics, particularly gyrodynamics and multibody system dynamics. By him, the science of gyrodynamics had once again a golden age in Germany. He established branches of mechanics, which we call today “multibody system dynamics” and “mechatronics.” Also, he was very well known as the editor-in-chief of the Ingenieur-Archiv (Archive of Applied Mechanics) from 1963 to 1980. In this contribution, his scientific career will be described and his outstanding research work will be acknowledged. From 1966 to 1980, Kurt Magnus was Full Professor of Mechanics at the Munich University of Technology. During this period, the research field of multibody system dynamics became more and more interesting. Therefore, he initiated and chaired the first IUTAM Symposium on Dynamics of Multibody Systems at Munich, August 29-September 3, 1977. Excellent lectures and intensive discussions showed the state-of-the-art and the further potential for research and application. This contribution will remember these early steps of multibody system dynamics. © Springer Science+Business Media Dordrecht 2013.","Article","Final","","Scopus","2-s2.0-84875520645"
"Park M.; Ji S.-H.; Lee H.-S.; Kim W.","Park, Moonseo (8834440500); Ji, Sae-Hyun (35096224300); Lee, Hyun-Soo (36063403200); Kim, Wooyoung (59061825900)","8834440500; 35096224300; 36063403200; 59061825900","Strategies for design-build in Korea using system dynamics modeling","2009","Journal of Construction Engineering and Management","135","11","","1125","1137","50","10.1061/(ASCE)CO.1943-7862.0000095","https://www.scopus.com/pages/publications/70350051324?origin=resultslist","Increasingly adopted by both public and private organizations, design-build (DB) has become a favored construction project delivery system, outperforming other systems in terms of cost, schedule, and quality. However, DB has been especially criticized by the public sector for practicing subjective evaluation, for requiring excessive resources, and for providing only limited accessibility to small and medium-sized contractors. In Korea, similar critiques have been raised, as these qualities have prevented public owners from benefiting from the potential advantages of DB. In order to address these challenging issues, the present research systematically analyzes the characteristics of the DB delivery system in Korea. Based on industry surveys and an extensive literature review, a qualitative system dynamics model is developed and used to propose and test hypothetical DB policy alternatives which are expected to enhance DB performance. Furthermore, after the appropriate customization processes, these research findings can also be applied to the industry settings of different countries. © 2009 ASCE.","Article","Final","","Scopus","2-s2.0-70350051324"
"Zhang H.; Gao G.","Zhang, Haoyu (60216208900); Gao, Ge (57199780768)","60216208900; 57199780768","Research on the Coupling Mechanism Model of Circular Economy and Green Supply Chain Based on System Dynamics","2025","E3S Web of Conferences","656","","02007","","","0","10.1051/e3sconf/202565602007","https://www.scopus.com/pages/publications/105023317669?origin=resultslist","Amidst escalating global resource constraints and environmental pressures, the synergistic integration of Green Supply Chains (GSC) and Circular Economy (CE) has emerged as a pivotal strategy for enterprises to reconcile environmental sustainability with economic viability. This study employs system dynamics (SD) to develop a dynamic coupling model, aiming to unravel the intrinsic mechanisms underlying their synergistic interactions. First, through a systematic literature review, we synthesize core concepts of CE and GSC management, proposing a novel coupling framework that operationalizes the ""6R""principles (Reduce, Reuse, Recycle, Recover, Redesign, Remanufacture) across the entire GSC lifecycle. Subsequently, leveraging causal loop diagrams and stock-flow modeling, we dissect dynamic feedback relationships among production, consumption, and recycling subsystems, quantifying key indicators such as coupling performance, supply chain profitability, and environmental impact. The model reveals how circular practices (e.g., reverse logistics optimization, remanufacturing capacity) and green supply chain operations (e.g., eco-design, low-carbon production) mutually reinforce each other, with government policies and consumer behavior acting as critical moderators. Finally, we acknowledge limitations in variable quantification and generalizability, suggesting future research to validate the model through industry-specific case studies (e.g., electronics, automotive) and refine feedback loops with real-world data. This research advances theoretical understanding of CE-GSC integration and provides actionable insights for enterprises to enhance sustainability performance via systemic optimization. © The Authors, published by EDP Sciences, 2025.","Conference paper","Final","All Open Access; Gold Open Access; Green Open Access","Scopus","2-s2.0-105023317669"
"Masnec L.; Stapić Z.","Masnec, Lea (59353225600); Stapić, Zlatko (24829733500)","59353225600; 24829733500","SYSTEM DYNAMICS AND DIGITAL TWINS: A BIBLIOMETRIC INSIGHT INTO REAL-TIME DATA INTEGRATION","2025","Annals of DAAAM and Proceedings of the International DAAAM Symposium","36","1","","180","185","0","10.2507/36th.daaam.proceedings.024","https://www.scopus.com/pages/publications/105030649569?origin=resultslist","With the increasing complexity of business systems, there is a growing need for models that support real-time decision-making based on up-to-date data and dynamic system behaviour. One direction is the integration of system dynamics, a methodology for modeling complex systems based on feedback loops, with digital twins that enable real-time data integration. Although interest in combining system dynamics with other methods is increasing, the methodological connection between these two approaches is still insufficiently explored. This paper presents a bibliometric analysis of existing research in area of digital twins and system dynamics, using the Scopus, Web of Science and IEEE scientific literature databases. The analysis identifies leading researchers, journals, conferences, research groups, and scientific-professional associations active in this field. The database query resulted in 236 publications after 79 duplicates were removed. Based on the analysis and defined criteria, three researchers, three journals, three conferences, and scientific-professional sources were selected. The presented results reveal publication trends and collaboration networks, as well as existing research gaps that hinder practical integration. The research findings will contribute to concrete practical application in future phases, aiming to connect system dynamics with real-time data. © 2025 Danube Adria Association for Automation and Manufacturing, DAAAM. All rights reserved.","Conference paper","Final","All Open Access; Gold Open Access","Scopus","2-s2.0-105030649569"
"Langarudi S.P.; Sabie R.P.; Bahaddin B.; Fernald A.G.","Langarudi, Saeed P. (55939989600); Sabie, Robert P. (57211926897); Bahaddin, Babak (57105626100); Fernald, Alexander G. (11139374900)","55939989600; 57211926897; 57105626100; 11139374900","A Literature Review of Hybrid System Dynamics and Agent-Based Modeling in a Produced Water Management Context","2021","Modelling","2","2","","224","239","17","10.3390/modelling2020012","https://www.scopus.com/pages/publications/85116104481?origin=resultslist","This paper explores the possibility and plausibility of developing a hybrid simulation method combining agent-based (AB) and system dynamics (SD) modeling to address the case study of produced water management (PWM). In southeastern New Mexico, the oil and gas industry generates large volumes of produced water, while at the same time, freshwater resources are scarce. Single-method models are unable to capture the dynamic impacts of PWM on the water budget at both the local and regional levels, hence the need for a more complex hybrid approach. We used the literature, information characterizing produced water in New Mexico, and our preliminary interviews with subject matter experts to develop this framework. We then conducted a systematic literature review to summarize state-of-the-art of hybrid modeling methodologies and techniques. Our research revealed that there is a small but growing volume of hybrid modeling research that could provide some foundational support for modelers interested in hybrid modeling approaches for complex natural resource management issues. We categorized these efforts into four classes based on their approaches to hybrid modeling. It appears that, among these classes, PWM requires the most sophisticated approach, indicating that PWM modelers will need to face serious challenges and break new ground in this realm. © 2021 by the authors.","Article","Final","All Open Access; Gold Open Access; Green Open Access","Scopus","2-s2.0-85116104481"
"Schuh H.B.; Merritt M.W.; Igusa T.; Lee B.Y.; Peters D.H.","Schuh, Holly B. (57189518600); Merritt, Maria W. (14521201900); Igusa, Takeru (7004657408); Lee, Bruce Y. (35272935100); Peters, David H. (7403067321)","57189518600; 14521201900; 7004657408; 35272935100; 7403067321","Examining the structure and behavior of Afghanistan's routine childhood immunization system using system dynamics modeling","2017","International Journal of Health Governance","22","3","","212","227","6","10.1108/IJHG-04-2017-0015","https://www.scopus.com/pages/publications/85028020856?origin=resultslist","Purpose - The purpose of this paper is to demonstrate how public health and systems science methods can be combined to examine the structure and behavior of Afghanistan's routine childhood immunization system to identify the pathways through which health system readiness to deliver vaccination services may extend beyond immunization outcomes. Design/methodology/approach - Using findings from an ecological study of Afghanistan's immunization system and a literature review on immunization program delivery, the routine immunization system was mapped using causal loop diagrams. Next, a stock-and-flow diagram was developed and translated to a system dynamics (SD) model for a system-confirmatory exercise. Data are from annual health facility assessments and two cross-sectional household surveys. SD model results were compared with measured readiness and service outcomes to confirm system structure. Findings - Readiness and demand-side components were associated with improved immunization coverage. The routine immunization system was mapped using four interlinking readiness subsystems. In the SD model, health worker capacity and demand-side factors significantly affected maternal health service coverage. System readiness components affected their future measures mostly negatively, which may indicate that the reinforcing feedback drives current system-structured behavior. Originality/value - The models developed herein are useful to explore the potential impact of candidate interventions on service outcomes. This paper documents the process through which public health and systems investigators can collaboratively develop models that represent the feedback-driven behavior of health systems. Such models allow for more realistically addressing health policy and systems-level research questions. © Emerald Publishing Limited.","Article","Final","","Scopus","2-s2.0-85028020856"
"Samrah R.A.; Shaalan K.; Al Ali A.","Samrah, Rasha Abou (57194057011); Shaalan, Khaled (6507669702); Al Ali, Amal (57194048471)","57194057011; 6507669702; 57194048471","System dynamics modeling for the complexity of knowledge creation within adaptive large programs management","2017","Advances in Intelligent Systems and Computing","569","","","3","17","2","10.1007/978-3-319-56535-4_1","https://www.scopus.com/pages/publications/85018524449?origin=resultslist","This research is an attempt to illustrate the variables that are mentioned in the literature to deal with the unexpected future risks that are increasingly threatening the success of the large program. The research is a qualitative conceptualization using secondary data collection from the literature review and by criticizing it reaching a structural validation of the system dynamic simple model of how to increase the level of the stock of the unknown unknowns or the complexity chaotic knowledge for better risk management and creativity in achieving a competitive edge. The unknow-unknowns are still representing a black box and are under the control of the god act. This is a try only to concurrent and foreword adaptation with the unknown future. The manager can use this model to conceptualize the internal and external variables that can be linked to the business being objectives. By using this model the manager can minimized the side effects of the productivity and efficiency standardization. © Springer International Publishing AG 2017.","Conference paper","Final","","Scopus","2-s2.0-85018524449"
"Pretorius L.; Pretorius J.H.C.; Benade S.J.","Pretorius, L. (6701730111); Pretorius, J.H.C. (8417810000); Benade, S.J. (8930625800)","6701730111; 8417810000; 8930625800","A system dynamics approach to technology interaction: From asymptotic to cyclic behaviour","2015","Technological Forecasting and Social Change","97","","","223","240","16","10.1016/j.techfore.2014.11.001","https://www.scopus.com/pages/publications/84930934092?origin=resultslist","This paper is an extension and elaboration of previous research on the simulation of three competing technologies that interact. A modified version of the three-technology system is investigated, and some initial system dynamics results are reported illustrating the progression from asymptotic to cyclic behaviour. Technology is considered in this research as a result of innovation, a rate-dependent process that may include several non-linearities due to interaction with the environment and social context. Using bibliometrics as a research data source is an interesting way to trace technology growth patterns very effectively. In this research, the existence of cyclic behaviour in two real life technologies is illustrated using bibliometrics. In this paper, a technology system consisting of three interacting technologies is treated and modelled in a coupled manner where the interacting dynamics is described by the Lotka-Volterra system of differential equations. The effect of interaction between the technologies and the period of cyclic behaviour is illustrated parametrically. Furthermore, the possible uncertain diffusion as well as interaction effect for two of the technologies is also addressed in this research using a Monte Carlo multivariate simulation technique and a system dynamics approach. The research method is exploratory and case based. © 2014 Elsevier Inc.","Article","Final","All Open Access; Bronze Open Access","Scopus","2-s2.0-84930934092"
"Muthavhine K.D.; Sumbwanyambe M.","Muthavhine, Khumbelo Difference (57203098320); Sumbwanyambe, Mbuyu (54421178600)","57203098320; 54421178600","Applying System Dynamics to Address Planning and Monitoring Issues","2025","Lecture Notes in Networks and Systems","1414 LNNS","","","1","15","0","10.1007/978-981-96-6432-0_1","https://www.scopus.com/pages/publications/105023949997?origin=resultslist","Project managers struggle with planning and monitoring for ensuring project success, but these crucial components are essential for resolving issues and ensuring project success. Utilizing a literature review and experimental methods, the study effectively addressed planning and monitoring concerns by examining published papers and developing a novel System Dynamic model. According to the literature analysis, (1) project managers face difficulties in planning and monitoring tasks, ranging from 78.33 to 81.66%. (ii) 80–90% of managers are aware of SD, which can assist with planning and monitoring issues. (iii) 78.33–86.66% project managers understand the project’s impact if planning and monitoring challenges. (iv) 76.66–86.66% of project managers lack the programming and mathematics skills to create SD models for planning and monitoring. As a result of SD complexity, managers often disregard SD. As a result, the project manager decides to use different tools. (v) The results reveal that 0% of free downloadable SD models from the public domain to resolve planning and monitoring difficulties. As a result, the author chose to conduct experimental research on a novel SD model to address planning and monitoring concerns using programming and mathematical skills. © The Author(s), under exclusive license to Springer Nature Singapore Pte Ltd. 2025.","Conference paper","Final","","Scopus","2-s2.0-105023949997"
"Cosenz F.; Noto G.","Cosenz, Federico (56426984200); Noto, Guido (57045734700)","56426984200; 57045734700","Applying System Dynamics Modelling to Strategic Management: A Literature Review","2016","Systems Research and Behavioral Science","33","6","","703","741","108","10.1002/sres.2386","https://www.scopus.com/pages/publications/84953888825?origin=resultslist","System dynamics (SD) has been proved to be a useful methodology to support both understanding and learning processes of complex systems and phenomena. Since its origin, SD has been successfully applied to many different fields of studies (e.g. climate change, physics, engineering, environmental sciences, economics, management, etc.). Among these, strategic management (SM) has a particular relevance as testified by several streams of research that originate from the combination between SD modelling and SM. The aim of this paper is to explore and discuss the theoretical and empirical development of SD in the SM field through a systematic analysis of the literature in order to highlight the main research themes and developmental patterns of the key contributions to date, as well as to provide an overview of SD application to SM literature for further research to build on. Copyright © 2016 John Wiley & Sons, Ltd. Copyright © 2016 John Wiley & Sons, Ltd.","Article","Final","","Scopus","2-s2.0-84953888825"
"Abaeian H.; Inyang N.; Moselhi O.; Al-Hussein M.; El-Rich M.","Abaeian, Hossein (57191859144); Inyang, Ndukeabasi (54894025100); Moselhi, Osama (57202630325); Al-Hussein, Mohamed (6603541102); El-Rich, Marwan (6508261955)","57191859144; 54894025100; 57202630325; 6603541102; 6508261955","Ergonomic assessment of residential construction tasks using system dynamics","2016","ISARC 2016 - 33rd International Symposium on Automation and Robotics in Construction","","","","258","266","8","10.22260/isarc2016/0032","https://www.scopus.com/pages/publications/84994229368?origin=resultslist","Modular residential construction activities often require prolonged standing, bending, stooping, and material handling, while working in crowded spaces; these activities increase the potential risk of work-related musculoskeletal disorders (WRMSDs), which may worsen over time, resulting in permanent disability and, consequently, the loss of ability to work. The use of system dynamics (SD) modeling to assess ergonomic risks provides a decision support tool for job managers and job designers and delivers a powerful graphical illustration, showing the logical links between cause and effects and helps illustrate how ergonomic risks may lead to WRMSDs. This paper presents a SD model for ergonomic analysis of residential construction tasks. A case study is presented and used to evaluate variations in risk exposure to identify most contributing factors to potential ergonomic injury. Also a literature review is performed to identify the main ergonomic risk variables. The results are expected to assist project participants in controlling and assessing ergonomic risks leading to improved work efficiency, safety and reduced lost time injuries and related cost, insurance premium (WCB) and claims caused by WRMSDs.","Conference paper","Final","All Open Access; Bronze Open Access","Scopus","2-s2.0-84994229368"
"Torres J.P.","Torres, Juan P. (57213425062)","57213425062","System Dynamics Review and publications 1985–2017: analysis, synthesis and contributions","2019","System Dynamics Review","35","2","","160","176","13","10.1002/sdr.1628","https://www.scopus.com/pages/publications/85065199186?origin=resultslist","System Dynamics Review (SDR) is an important journal for the system dynamics field and its researchers. This article offers a systematic review of the system dynamics articles published in SDR and other related academic journals between 1985 and 2017. The study classifies the material by using a bibliometric analysis of 498 articles in SDR and 943 articles in other journals that are included in the Web of Science database. The results suggest that the most cited authors within SDR have published research in three broad areas: (i) model validity (confidence), tests, and other similar formal procedures; (ii) the modeling of dynamic problems of wide interest; and (iii) group model building. In other journals, an additional stream of system dynamics research proves to be highly influential. This stream focuses on better understanding and improving the process of dynamic decision making, addressing topics such as organizational learning and feedback misperceptions. © 2019 System Dynamics Society. © 2019 System Dynamics Society","Article","Final","","Scopus","2-s2.0-85065199186"
"Herrera H.; Kopainsky B.","Herrera, Hugo (57188835769); Kopainsky, Birgit (24824581800)","57188835769; 24824581800","Using system dynamics to support a participatory assessment of resilience","2020","Environment Systems and Decisions","40","3","","342","355","38","10.1007/s10669-020-09760-5","https://www.scopus.com/pages/publications/85081293461?origin=resultslist","Resilience has emerged as a buzzword among researchers and practitioners. However, despite its popularity, there has been little progress in moving it from a metaphor to applied projects. While case study research is rich with examples of systems that have proven to be resilient or are striving to develop resilience, the approaches for operationalising concepts described in the literature are still under development. This paper contributes to this development by incorporating system dynamics (SD) modelling within participatory approaches to resilience assessment. With this aim, we combined concepts and practices from the resilience literature with experiences, those documented in the literature and our own, applying system dynamics to resilience assessment. The proposed approach builds and complement other the literature by outlining a modelling process that is consistent with both the resilience literature and the SD modelling practices and providing a generic structure for designing interventions. © 2020, The Author(s).","Article","Final","All Open Access; Green Open Access; Hybrid Gold Open Access","Scopus","2-s2.0-85081293461"
"Morshed A.B.; Kasman M.; Heuberger B.; Hammond R.A.; Hovmand P.S.","Morshed, Alexandra B. (57188981156); Kasman, Matt (55565149500); Heuberger, Benjamin (57201316979); Hammond, Ross A. (7202457156); Hovmand, Peter S. (35386611200)","57188981156; 55565149500; 57201316979; 7202457156; 35386611200","A systematic review of system dynamics and agent-based obesity models: Evaluating obesity as part of the global syndemic","2019","Obesity Reviews","20","S2","","161","178","46","10.1111/obr.12877","https://www.scopus.com/pages/publications/85069944403?origin=resultslist","The problem of obesity has recently been reframed as part of the global syndemic—the co-occurring, interacting pandemics of obesity, undernutrition, and climate change that are driven by common underlying societal drivers. System science modeling approaches may help clarify how these shared drivers operate and the best ways to address them. The objective of this paper was to determine to what extent existing agent-based and system dynamics computational models of obesity provide insights into the shared drivers of the global syndemic. Peer-reviewed studies published until July 2018 were identified from Scopus, Web of Science, and PubMed databases. Thirty-eight studies representing 30 computational models were included. They show a growing use of system dynamics and agent-based modeling in the past decade. They most often examined mechanisms and interventions in the areas of social network-based influences on obesity, physiology and disease state mechanics, and the role of food and physical activity environments. Usefulness for identifying common drivers of the global syndemic was mixed; most models represented Western settings and focused on obesity determinants close to the person (eg, social circles, school settings, and neighborhood environments), with a relative paucity in models at mesolevel and macrolevel and in developing country contexts. © 2019 World Obesity Federation","Article","Final","All Open Access; Bronze Open Access","Scopus","2-s2.0-85069944403"
"Andiç-Mortan E.; Gonul Kochan C.","Andiç-Mortan, Esen (57386337800); Gonul Kochan, Cigdem (57188991617)","57386337800; 57188991617","Modeling a closed-loop vaccine supply chain with transshipments to minimize wastage and threats to the public: a system dynamics approach","2023","Journal of Humanitarian Logistics and Supply Chain Management","13","2","","216","234","13","10.1108/JHLSCM-10-2021-0102","https://www.scopus.com/pages/publications/85148006478?origin=resultslist","Purpose: This study aims to focus on building a conceptual closed-loop vaccine supply chain (CLVSC) to decrease vaccine wastage and counterfeit/fake vaccines. Design/methodology/approach: Through a focused literature review, the framework for the CLVSC is described, and the system dynamics (SD) research methodology is used to build a causal loop diagram (CLD) of the proposed model. Findings: In the battle against COVID-19, waste management systems have become overwhelmed, which has created negative environmental and extremely hazardous societal impacts. A key contributing factor is unused vaccine doses, shown as a source for counterfeit/fake vaccines. The findings identify a CLVSC design and transshipment operations to decrease vaccine wastage and the potential for vaccine theft. Research limitations/implications: This study contributes to establishing a pandemic-specific VSC structure. The proposed model informs the current COVID-19 pandemic as well as potential future pandemics. Social implications: A large part of the negative impact of counterfeit/fake vaccines is on human well-being, and this can be avoided with proper CLVSC. Originality/value: This study develops a novel overarching SD CLD by integrating the epidemic model of disease transmission, VSC and closed-loop structure. This study enhances the policymakers’ understanding of the importance of vaccine waste collection, proper handling and threats to the public, which are born through illicit activities that rely on stolen vaccine doses. © 2023, Esen Andiç-Mortan and Cigdem Gonul Kochan.","Article","Final","All Open Access; Gold Open Access","Scopus","2-s2.0-85148006478"
"Brent A.C.; Musango J.K.; Smit S.; Pillay N.S.; Botha A.; Louw R.; Roper S.; Simelani T.; Clifford-Holmes J.K.; Pretorius L.","Brent, Alan C. (6701413370); Musango, Josephine K. (34168042900); Smit, Suzanne (56611625600); Pillay, Nalini S. (57188745769); Botha, Andries (58427482700); Louw, Rudolph (57189502559); Roper, Stephen (57189493497); Simelani, Thokozani (57189503729); Clifford-Holmes, Jai K. (57189493434); Pretorius, Leon (6701730111)","6701413370; 34168042900; 56611625600; 57188745769; 58427482700; 57189502559; 57189493497; 57189503729; 57189493434; 6701730111","Utilization of System Dynamics in Southern Africa: A Systematic Review","2017","Systems Research and Behavioral Science","34","6","","657","670","9","10.1002/sres.2401","https://www.scopus.com/pages/publications/84971389557?origin=resultslist","Research efforts using system dynamics to understand and evaluate societal and policy-related problems in Southern Africa are becoming essential. This paper undertook a systematic review to examine the extent of utilization of system dynamics in Southern Africa between 2003 and 2014. The results showed that system dynamics has been used, or referred to, in the academic literature pertaining to the themes of environment, public policy and resources. Nevertheless, focuses remain limited in its application across various industries, particularly relating to stakeholder engagement and strategy. However, some analysis of the non-academic literature suggests that commercial practice of system dynamics has a different trend, where it is mainly used for strategic and tactical projects, mostly for industry clients. Thus, the current research outputs do not necessarily reflect the industry needs. This review is then useful to facilitate further discussions on practical applications of system dynamics through the South Africa System Dynamics Chapter. Copyright © 2016 John Wiley & Sons, Ltd. Copyright © 2016 John Wiley & Sons, Ltd.","Article","Final","","Scopus","2-s2.0-84971389557"
"Wu S.; Jiang Y.; Su Q.","Wu, Shaoyan (37053006800); Jiang, Yinuo (59809153200); Su, Qingxiang (57224578406)","37053006800; 59809153200; 57224578406","Mechanism of Asset Devaluation in the Planning Stage of Urban Rail Transit PPP Projects in China: A System Dynamics Approach","2025","Journal of Infrastructure Systems","31","3","04025014","","","0","10.1061/JITSE4.ISENG-2585","https://www.scopus.com/pages/publications/105004664921?origin=resultslist","Urban rail transit public-private partnership (PPP) projects are characterized by their significant public attributes and strong externalities. They often exhibit low profitability and require substantial capital for operation. Coupled with the absence of a robust payment guarantee system, these factors can easily result in the asset value of PPP projects in the market failing to meet anticipated targets. This situation frequently leads to a proliferation of inefficient and ineffective investments related to assets each year, posing a risk of asset devaluation. Based on a retrospective analysis and categorization of previous research topics, the performance of asset devaluation can be divided into two distinct types: cost-driven asset devaluation and functional asset devaluation. Cost-driven asset devaluation is defined as cost overruns in a PPP project, while functional asset devaluation refers to functional redundancy resulting from agreed-upon functions in a project that either fails to meet public demand or exceeds it. The asset planning phase represents the most vital and pivotal link within the entire asset lifecycle management. The rationality of goal setting directly influences the government's subsequent project expenditures. Consequently, this paper adopts an array of methodologies to thoroughly examine the influence mechanism of asset devaluation in the asset planning stage. First, risk factors (R) contributing to asset devaluation were identified by integrating literature reviews, case studies, and expert (E) interviews. Second, system dynamics modeling was utilized to articulate the relationships among these risk factors. Finally, this study utilized the simulation modeling of the Beijing Metro Line 4 project to identify the critical risk factors affecting cost-driven asset devaluation and functional asset devaluation, respectively: The reasonableness of return mechanism measurement and the reasonableness of market forecast. The critical factors impacting both cost-driven and functional asset devaluation were identified as: professionalism in feasibility study preparation, and clarity of risk-sharing framework, among others. Findings enrich the research on asset management in PPP projects and provide theoretical guidance for the accurate diagnosis and precise prevention of asset devaluation.  © 2025 American Society of Civil Engineers.","Article","Final","","Scopus","2-s2.0-105004664921"
"Guo Y.; Wang X.; Liu L.; Chen C.; Martek I.; Luo X.","Guo, Yubo (57208305555); Wang, Xiaoli (58660590900); Liu, Linlin (58660418700); Chen, Chuan (24280827700); Martek, Igor (55840681900); Luo, Xiaowei (35099137200)","57208305555; 58660590900; 58660418700; 24280827700; 55840681900; 35099137200","Dynamic Assessment of the Transfer Risks in China's Public-Private Partnership Water Projects: A System Dynamics Approach","2023","Journal of Infrastructure Systems","29","4","04023033","","","4","10.1061/JITSE4.ISENG-2302","https://www.scopus.com/pages/publications/85174694769?origin=resultslist","Public-private partnerships (PPPs) are the primary means of delivering water projects in developing countries. In China, most water PPP projects remain in the construction and operation stages, with few having passed to the transfer stage. The lack of experience in managing transfer risks is itself an impediment to the further development of China's PPPs. Thus, this study attempts to address two research concerns: (1) identifying transfer risks and risk factors, and (2) dynamically evaluating those transfer risks. Literature review, expert interviews, and process modeling via Integrated Computer-Aided Manufacturing Definition Method 0 (IDEF0) were utilized to identify and assess transfer risks with risk factors. The time-varying nature of transfer risks was evaluated using a system dynamics method. Eleven transfer risks and their value accumulation curves were identified. Value growth of legal and residual value risks remains steady over time. The risk values of contract, political, overhaul, information, and employee risks pose severe initial threats, but reduce on project transfer. However, credit, data transfer, after-transfer operational, and succession operator risks tend to escalate over time. The proposed model allows for a dynamic evaluation of transfer risks, and in so doing, improves the efficiency of PPP project transfer risk management. © 2023 American Society of Civil Engineers.","Article","Final","All Open Access; Green Open Access","Scopus","2-s2.0-85174694769"
"Mashima D.; Chen B.; Zhou T.; Rajendran R.; Sikdar B.","Mashima, Daisuke (24824759500); Chen, Binbin (56367849500); Zhou, Toby (57205669047); Rajendran, Ramkumar (57205674929); Sikdar, Biplab (7003523486)","24824759500; 56367849500; 57205669047; 57205674929; 7003523486","Securing Substations through Command Authentication Using On-the-fly Simulation of Power System Dynamics","2018","2018 IEEE International Conference on Communications, Control, and Computing Technologies for Smart Grids, SmartGridComm 2018","","","8587604","","","20","10.1109/SmartGridComm.2018.8587604","https://www.scopus.com/pages/publications/85061038702?origin=resultslist","There are increasing concerns that cyber attackers may inject malicious remote control commands into smart grid systems, as witnessed in the Ukraine incidents in 2015 and 2016 and the recent CrashOverride malware campaign. To counter such risks, command authentication mechanisms, which evaluate the legitimacy and validity of each remote control command based on the up-to-date power grid status and context, can be deployed near the edge of smart grid infrastructure (e.g., in substations) as an additional line of defense. However, many of the state-of the-art command authentication schemes only utilize steady-state power flow information, which does not capture all details of power grid behaviors in the transient state as well as cascading effects. Therefore, they may overlook indication of significant grid instability triggered by malicious commands. In this paper, we propose the use of on-the-fly power system dynamics simulation for command authentication to overcome such limitations. We also discuss system architecture and design considerations on longer simulation latency towards the practical deployment of the enhanced command authentication system. © 2018 IEEE.","Conference paper","Final","","Scopus","2-s2.0-85061038702"
"Davahli M.R.; Karwowski W.; Taiar R.","Davahli, Mohammad Reza (57218517550); Karwowski, Waldemar (35600960600); Taiar, Redha (58091143000)","57218517550; 35600960600; 58091143000","A system dynamics simulation applied to healthcare: A systematic review","2020","International Journal of Environmental Research and Public Health","17","16","5741","1","27","130","10.3390/ijerph17165741","https://www.scopus.com/pages/publications/85089404441?origin=resultslist","In recent years, there has been significant interest in developing system dynamics simulation models to analyze complex healthcare problems. However, there is a lack of studies seeking to summarize the available papers in healthcare and present evidence on the effectiveness of system dynamics simulation in this area. The present paper draws on a systematic selection of published literature from 2000 to 2019, in order to form a comprehensive view of current applications of system dynamics methodology that address complex healthcare issues. The results indicate that the application of system dynamics has attracted significant attention from healthcare researchers since 2013. To date, articles on system dynamics have focused on a variety of healthcare topics. The most popular research areas among the reviewed papers included the topics of patient flow, obesity, workforce demand, and HIV/AIDS. Finally, the quality of the included papers was assessed based on a proposed ranking system, and ways to improve the system dynamics models’ quality were discussed. © 2020 by the authors. Licensee MDPI, Basel, Switzerland.","Review","Final","All Open Access; Gold Open Access; Green Open Access","Scopus","2-s2.0-85089404441"
"Yinusa A.A.; Faezipour M.","Yinusa, Ahmeed A. (57900449200); Faezipour, Misagh (54790956100)","57900449200; 54790956100","ENHANCING OCCUPATIONAL HEALTH AND SAFETY IN INDUSTRIAL WORKPLACES THROUGH SYSTEM DYNAMICS MODELING","2024","Proceedings of the 2024 International Annual Conference and 45th Annual Meeting: Engineering Management Riding the Waves of Smart Systems, ASEM 2024","","","","379","388","0","","https://www.scopus.com/pages/publications/85219477252?origin=resultslist","Occupational health and safety (OHS) in industrial workplaces is paramount due to the inherent risks associated with hazardous materials, heavy machinery, and physically demanding tasks. Despite implementing existing safety measures, the prevalence of occupational accidents and diseases remains a significant challenge, necessitating a comprehensive understanding of the complex dynamics influencing OHS outcomes. This study employs a quantitative systems thinking approach utilizing system dynamics (SD) modeling methodology to develop an exploratory conceptual model based on an extensive literature review. The model captures critical variables, causal relationships, feedback loops, and delays within the OHS system. A causal loop diagram visualizes the interconnected nature of hazardous material concentrations, safety measures, workforce health status, organizational policies, and regulatory frameworks. Subsequently, a comprehensive stock-and-flow model facilitates quantitative simulation and analysis of intervention scenarios, including increasing personal protective equipment (PPE) usage from 70% to 95% and enhancing the effectiveness of company health policies from 60% to 125%. The results demonstrate the significance of coordinated and sustained interventions. Increasing PPE usage reduces the peak number of exposed workers from approximately 1, 500 to 1, 100 and lowers the maximum number of workers with occupational diseases from 280 to 220. Similarly, enhancing policy effectiveness decreases peak exposed workers from 1, 500 to 1, 200 and workers with occupational diseases from 280 to 220. The SD model provides a robust decision-support framework emphasizing stringent safety protocols, comprehensive training, healthcare support, and robust organizational policies to minimize exposure risks, reduce disease incidence, foster recovery, and avoid re-exposure, ultimately improving workplace safety, health, and productivity. Copyright © American Society for Engineering Management, 2024.","Conference paper","Final","","Scopus","2-s2.0-85219477252"
"Mohandes S.R.; Kineber A.F.; Abdelkhalek S.; Kaddoura K.; Elsayed M.; Hosseini M.R.; Zayed T.","Mohandes, Saeed Reza (56703358000); Kineber, Ahmed Farouk (57218115484); Abdelkhalek, Sherif (56177664100); Kaddoura, Khalid (57191260096); Elsayed, Moustafa (57893544800); Hosseini, M. Reza (57193617746); Zayed, Tarek (6602677808)","56703358000; 57218115484; 56177664100; 57191260096; 57893544800; 57193617746; 6602677808","Evaluation of the critical factors causing sewer overflows through modeling of structural equations and system dynamics","2022","Journal of Cleaner Production","375","","134035","","","63","10.1016/j.jclepro.2022.134035","https://www.scopus.com/pages/publications/85138200420?origin=resultslist","The present study proposes a novel hybrid methodological approach for meticulously investigating the factors causing Sewer Overflow (SO). The proposed framework is based on a systematic literature review, experts’ interviews, PLS-SEM statistical technique, and system dynamic modeling. Based on a large number of data collected from experts having rich experience in developed countries, three major findings are obtained: (1) three main factors and eighteen sub-factors are the main culprit of SO occurrence, (2) under design pipe diameter, blockages, and infiltration and inflow are the most significant sub-factors within the respective clusters, and (3) physical-related sub-factors are the most influential causes of SO occurrence under a dynamic environment. The findings attained in this study offer an insightful account for the concerned environmental decision-makers on coming up with further fecund measures towards reducing the magnitude of SO, preserving our environment from the occurrence of such harmful incidents. © 2022 Elsevier Ltd","Article","Final","All Open Access; Green Open Access","Scopus","2-s2.0-85138200420"
"Jafari A.; Aly M.; Doherty A.M.","Jafari, Aliakbar (55119197000); Aly, Marwa (57323215400); Doherty, Anne Marie (7101633498)","55119197000; 57323215400; 7101633498","An analytical review of market system dynamics in consumer culture theory research: Insights from the sociology of markets","2022","Journal of Business Research","139","","","1261","1274","25","10.1016/j.jbusres.2021.10.040","https://www.scopus.com/pages/publications/85118473526?origin=resultslist","Drawing on insights from the sociology of markets, we offer an analytical review of market system dynamics (MSD) in consumer culture theory (CCT) research. We surface important theoretical gaps in current understanding and suggest future research areas. To extend the breadth and depth of MSD's explanatory power in CCT research, we invite researchers to place greater emphasis on exploring four key issues: (1) differing institutional contexts and their influences on market dynamics; (2) the place and impact of the institutions of the family and religion in market shaping; (3) the role of race, ethnicity and nationality in market dynamics, within and across national borders; (4) conceptualizations of marketplaces as ambiguous environments wherein multiple ideologies, power regimes, and politics interact. In so doing, as a community of researchers, we can advance knowledge on not only what markets do in society but also on what markets do to society. © 2021","Article","Final","All Open Access; Green Open Access","Scopus","2-s2.0-85118473526"
"Burbano A.; Rardin R.; Pohl E.","Burbano, Angelica (53463154000); Rardin, Ronald (6701549854); Pohl, Ed (7006737030)","53463154000; 6701549854; 7006737030","Modeling the adoption of identification standards in US hospitals: A systems dynamics approach","2011","61st Annual IIE Conference and Expo Proceedings","","","","","","0","","https://www.scopus.com/pages/publications/84900295249?origin=resultslist","This paper summarizes the findings related to the current modeling efforts of identification standards adoption using a system dynamics SD modeling approach. A literature review on technology adoption provides the basis for the decision to utilize the SD approach. The SD model builds off previous findings related to the factors affecting identification standards adoption and relates the specific elements to the adoption rate. These elements are introduced in the model using a causal loop diagram, and then a stock flow model is constructed based on the Bass diffusion model. The model is used to simulate the behavior of the hospital population over time and to observe the impact of the external and internal diffusion coefficients in the adoption rate. Initial efforts focus on the provider perspective but other healthcare supply chain members can be introduced in the model due to its flexibility. The SD model allows for the analysis and design of policies to move the adoption process forward. The preliminary findings are discussed along with the implications on subsequent modeling efforts.","Conference paper","Final","","Scopus","2-s2.0-84900295249"
"Guynn I.; Simon J.; Anderson S.; Klaman S.L.; Mullenix A.; Cilenti D.; Hassmiller Lich K.","Guynn, Isabella (57348810500); Simon, Jessica (57460371500); Anderson, Seri (57200911824); Klaman, Stacey L. (57142593500); Mullenix, Amy (27067835200); Cilenti, Dorothy (7801376900); Hassmiller Lich, Kristen (6507577234)","57348810500; 57460371500; 57200911824; 57142593500; 27067835200; 7801376900; 6507577234","Tools for Supporting the MCH Workforce in Addressing Complex Challenges: A Scoping Review of System Dynamics Modeling in Maternal and Child Health","2022","Maternal and Child Health Journal","26","","","176","203","10","10.1007/s10995-022-03376-8","https://www.scopus.com/pages/publications/85124947682?origin=resultslist","Objectives: System Dynamics (SD) is a promising decision support modeling approach for growing shared understanding of complex maternal and child health (MCH) trends. We sought to inventory published applications of SD to MCH topics and introduce the MCH workforce to these approaches through examples to support further iteration and use. Methods: We conducted a systematic search (1958–2018) for applications of SD to MCH topics and characterized identified articles, following PRISMA guidelines. Pairs of experts abstracted information on SD approach and MCH relevance. Results: We identified 101 articles describing applications of SD to MCH topics. Approach: 27 articles present qualitative diagrams, 10 introduce concept models that begin to quantify dynamics, and 67 present more fully tested/analyzed models. Purpose: The most common purposes described were to increase understanding (n = 55) and support strategic planning (n = 26). While the majority of studies (n = 53) did not involve stakeholders, 40 included what we considered to be a high level of stakeholder engagement – a strength of SD for MCH. Topics: The two Healthy People 2020 topics addressed most frequently were early and middle childhood (n = 30) and access to health services (n = 26). The most commonly addressed SDG goals were “End disease epidemics” (n = 26) and “End preventable deaths” (n = 26). Conclusions for Practice: While several excellent examples of the application of SD in MCH were found, SD is still underutilized in MCH. Because SD is particularly well-suited to studying and addressing complex challenges with stakeholders, its expanded use by the MCH workforce could inform an understanding of contemporary MCH challenges. © 2022, The Author(s).","Review","Final","All Open Access; Green Open Access; Hybrid Gold Open Access","Scopus","2-s2.0-85124947682"
"Muflikh Y.N.; Smith C.; Aziz A.A.","Muflikh, Yanti Nuraeni (57221532609); Smith, Carl (21733640200); Aziz, Ammar Abdul (57191076222)","57221532609; 21733640200; 57191076222","A systematic review of the contribution of system dynamics to value chain analysis in agricultural development","2021","Agricultural Systems","189","","103044","","","53","10.1016/j.agsy.2020.103044","https://www.scopus.com/pages/publications/85099341635?origin=resultslist","Value chain analysis has been widely used as a diagnostic approach to identify and address complex issues across value chains in an agricultural development context. While comprehensive, the method is primarily qualitative and static in nature, it has limited capability in capturing the dynamic interactions between components from production to consumption and their linkages within a complex system. The application of system dynamics in value chain analysis has the potential to address the limitations. We conducted a systematic literature review to synthesise the underlying reasons behind the application of system dynamics in value chain analysis and understand how it has been operationalised. Results show that the primary reasons why system dynamics is used in value chain analysis were improved ability in capturing the feedbacks, dynamic behaviours and time delays, modelling the dynamics of governance and roles of support systems over time, incorporating multiple causal factors, and measuring performance and policy interventions over time. This can be broadly attributed to the need to improve the analytical rigour of value chain analysis. The applications of system dynamics in value chain analysis varied according to the agricultural commodities analysed, the modelling process followed, dynamic complexity modelled, and the scope of the value chain components analysed. We discuss the contributions, limitations, and opportunities for future improvements. A preliminary framework is proposed to improve the application of system dynamics in value chain analysis. © 2020 Elsevier Ltd","Review","Final","","Scopus","2-s2.0-85099341635"
"Pretorius L.; Pretorius J.H.C.; Benade S.J.","Pretorius, L. (6701730111); Pretorius, J.H.C. (8417810000); Benade, S.J. (8930625800)","6701730111; 8417810000; 8930625800","A system dynamics approach to technology interaction including cyclic behaviour","2013","2013 Proceedings of PICMET 2013: Technology Management in the IT-Driven Services","","","6641647","2171","2180","1","","https://www.scopus.com/pages/publications/84890824078?origin=resultslist","This paper is an extension of previous research on the simulation of three competing technologies that interact. Some exploration into cyclic behaviour of a modified version of the three technology system is attempted. Technology is considered in this research as a result of innovation, a rate dependent process that may include several non-linearities due to interaction with the environment. Technology growth patterns can be traced in a number of ways. Using bibliometrics as a research data source is one interesting way to trace these technology growth patterns very effectively. In this research the existence of cyclic behaviour in two real life technologies is illustrated using bibliometrics. In this paper a technology system consisting of three interacting technologies is treated and modeled in a coupled manner where the interacting dynamics is described by the Lotka-Volterra system of differential equations. The effect of interaction between the technologies and the period of cyclic behaviour is illustrated parametrically. Furthermore the possible uncertain diffusion effect in one of the technologies is also addressed in this research using a Monte Carlo multivariate simulation technique and a system dynamics approach. The research method is exploratory and case based. This method has been shown before to be useful especially early on in research projects. © 2013 PICMET.","Conference paper","Final","","Scopus","2-s2.0-84890824078"
"Selvakkumaran S.; Ahlgren E.O.","Selvakkumaran, Sujeetha (55558205100); Ahlgren, Erik O. (7004177316)","55558205100; 7004177316","Review of the use of system dynamics (SD) in scrutinizing local energy transitions","2020","Journal of Environmental Management","272","","111053","","","38","10.1016/j.jenvman.2020.111053","https://www.scopus.com/pages/publications/85087592776?origin=resultslist","Local energy transition processes are complex socio-technical transitions requiring careful study. The use of System Dynamics (SD) in modelling and analyzing local energy transitions is especially suitable given the characteristics of SD. Our aim is to systematically categorize the different ways SD is used and useful to scrutinize local energy transitions, and to see if we can discern any common themes that can be useful to researchers looking to scrutinize local energy transitions, using SD. The study is exploratory in nature, with peer-reviewed journal and conference articles analyzed using content analysis. The six categories on which the articles are analyzed are: the sector the article studies; the transition that is studied in the article; the modelling depth in the article; the objective of the article; the justification for using SD provided in the article and the levels of interaction with ‘local’. Our findings show most of the local energy transitions have been studied using simulatable Stock and Flow Diagrams in SD methodology. The important sectors in the energy field are represented in terms of SD modelling of local energy transitions, including electricity, transport, district heating etc. Most of the local energy transitions scrutinized by SD in the articles have descriptive objectives, with some prescriptive, and just one evaluative objective. In terms of justification for using SD provided by the articles analyzed in this study, we found four major themes along which the justifications that were provided. They are dynamics, feedbacks, delays and complexity, systematic thinking, bridging disciplines and actor interactions and behaviour. The ‘dynamics, feedbacks, delays and complexity’ theme is the most cited justification for the use of SD in scrutinizing local energy transitions, followed by systematic thinking. © 2020","Article","Final","","Scopus","2-s2.0-85087592776"
"Ye R.; Liu Q.; Jiang T.; Pan Y.; Wang J.; Wang Y.","Ye, Ran (58569897900); Liu, Qi (59710334900); Jiang, Tong (59710335000); Pan, Yong (56945993600); Wang, Jinghong (55894852900); Wang, Yanjun (56946466500)","58569897900; 59710334900; 59710335000; 56945993600; 55894852900; 56946466500","System dynamics-based forecasting on the development trend of chemical safety and emergency industry; [化工安全与应急产业发展态势的系统动力学预测研究]","2024","Journal of Safety and Environment","24","5","","1649","1658","4","10.13637/j.issn.1009-6094.2023.2287","https://www.scopus.com/pages/publications/105001104049?origin=resultslist","This study employs a system dynamics model to simulate the evolutionary trends of the chemical safety and emergency industry in Jiangsu Province from 2015 to 2030. Initially, a literature review is conducted to identify factors related to the chemical industry, forming four subsystems within the system dynamics framework: enterprise, technology, economy, and market subsystems. Subsequently, considering the interdependencies among these subsystems, 20 factors influencing the development of the chemical industry are identified, and a system dynamics model is constructed using Anylogic software. The model's validity is further assessed using location quotient analysis. Taking the chemical safety and emergency industry in Jiangsu Province as an example, the model utilizes existing data from 2015 to 2021 to simulate and predict the aggregated output value of the chemical safety and emergency industry from 2022 to 2030. The impact of factors such as the number of enterprises, Research and Development (R&D) funding, market demand, and the proportion of the second and third industry output on industry agglomeration is revealed by analyzing the interactions and feedback loops among four subsystems. The results indicate that an increase in the number of enterprises leads to a higher degree of agglomeration in the chemical safety and emergency industry. Additionally, an increase in R&D funding and market demand both contribute to promoting industry agglomeration. When the proportion of the third industry output to GDP is high, the agglomeration degree of the chemical safety and emergency industry is also high. Overall, the development of the chemical safety and emergency industry will show a year-by-year upward trend, and the level of agglomeration will also steadily increase. This research not only holds the potential to provide a basis for government decision-making, thereby enhancing the management level of the chemical safety and emergency industry but also offers scientific guidance for the construction of a secure and sustainable chemical industry system. © 2024 Science China Press. All rights reserved.","Article","Final","","Scopus","2-s2.0-105001104049"
"Pitchaimuthu S.; Thakkar J.J.; Gopal P.R.C.","Pitchaimuthu, Selladurai (57209911717); Thakkar, Jitesh J. (12752722100); Gopal, P.R.C. (57197599655)","57209911717; 12752722100; 57197599655","Modelling of risk factors for defence aircraft industry using interpretive structural modelling, interpretive ranking process and system dynamics","2019","Measuring Business Excellence","23","3","","217","239","25","10.1108/MBE-05-2018-0028","https://www.scopus.com/pages/publications/85069045338?origin=resultslist","Purpose: Risk management in defence aircraft industry has considerable interest among academics and practitioners. The purpose of this paper is to develop interactions among risk factors dimensions (RFDs) and inspect the importance relationship among the performance measures in Indian aircraft industry and, finally, understand the effect of involvements provided by the managerial team on risk reduction process. Design/methodology/approach: An extensive literature review was carried out to identify 26 risk parameters and 13 performance measure indices relevant for an aircraft industry. Survey method was used to obtain the importance of these parameters and measures. Further, these factors are grouped into five risk dimensions based on the brain storming session by the project managers. Initially, Risk factors for defense aircraft industry (RFDs) analyzed by Interpretative structural model (ISM) to know the contextual relationship among the RFDs and then applied Interpretive ranking process (IRP) to inspect the pre-eminence relationship among them. Finally, SD is applied to understand the effect of involvements provided by the managerial team on risk reduction process. Findings: Government policy and legal RFDs has emerged as the key driving RFDs. In IRP modelling, technology RFD has emerged as more influential RFD which is the more relevant factor with respect to performance measure indices and this result is supported by detailed sensitivity analysis of system dynamic model. Originality/value: The outcomes of this research can help project management team to identify the high severity risk factors which need immediate risk reduction/mitigation action. © 2019, Emerald Publishing Limited.","Article","Final","","Scopus","2-s2.0-85069045338"
"Kenzie E.S.; Seater M.; Wakeland W.; Coronado G.D.; Davis M.M.","Kenzie, Erin S. (57195918259); Seater, Mellodie (58738063400); Wakeland, Wayne (8914936300); Coronado, Gloria D. (6701607007); Davis, Melinda M. (35777617300)","57195918259; 58738063400; 8914936300; 6701607007; 35777617300","System dynamics modeling for cancer prevention and control: A systematic review","2023","PLoS ONE","18","12 December","e0294912","","","12","10.1371/journal.pone.0294912","https://www.scopus.com/pages/publications/85178338660?origin=resultslist","Cancer prevention and control requires consideration of complex interactions between multilevel factors. System dynamics modeling, which consists of diagramming and simulation approaches for understanding and managing such complexity, is being increasingly applied to cancer prevention and control, but the breadth, characteristics, and quality of these studies is not known. We searched PubMed, Scopus, APA PsycInfo, and eight peer-reviewed journals to identify cancer-related studies that used system dynamics modeling. A dual review process was used to determine eligibility. Included studies were assessed using quality criteria adapted from prior literature and mapped onto the cancer control continuum. Characteristics of studies and models were abstracted and qualitatively synthesized. 32 studies met our inclusion criteria. A mix of simulation and diagramming approaches were used to address diverse topics, including chemotherapy treatments (16%), interventions to reduce tobacco or e-cigarettes use (16%), and cancer risk from environmental contamination (13%). Models spanned all focus areas of the cancer control continuum, with treatment (44%), prevention (34%), and detection (31%) being the most common. The quality assessment of studies was low, particularly for simulation approaches. Diagramming-only studies more often used participatory approaches. Involvement of participants, description of model development processes, and proper calibration and validation of models showed the greatest room for improvement. System dynamics modeling can illustrate complex interactions and help identify potential interventions across the cancer control continuum. Prior efforts have been hampered by a lack of rigor and transparency regarding model development and testing. Supportive infrastructure for increasing awareness, accessibility, and further development of best practices of system dynamics for multidisciplinary cancer research is needed. © 2023 Kenzie et al. This is an open access article distributed under the terms of the Creative Commons Attribution License, which permits unrestricted use, distribution, and reproduction in any medium, provided the original author and source are credited.","Article","Final","All Open Access; Gold Open Access; Green Open Access","Scopus","2-s2.0-85178338660"
"Namatovu H.K.; Semwanga A.R.","Namatovu, Hasifah Kasujja (57219507217); Semwanga, Agnes Rwashana (26642745700)","57219507217; 26642745700","A Systems Dynamics Approach to Understanding the Determinants of Antenatal Care Utilization in Low-and Middle-Income Countries: A Systematic Review","2022","Research Anthology on Advancements in Women’s Health and Reproductive Rights","","","","836","856","3","10.4018/9781668462997.ch044","https://www.scopus.com/pages/publications/105011232459?origin=resultslist","There has been low adherence of antenatal care utilization (ANC) in low and middle-income countries (LMIC) despite its associated negative outcome on women and their unborn babies. Although several studies have examined ANC, the majority focus on isolated aspects and do not explore the holistic approach to understand its dynamics. The system dynamics approach provides a deeper understanding of the phenomenon by examining the underlying factors, causes, effects, feedback, and delays. This study aimed at understanding factors that influence ANC utilization using the system’s dynamics approach. An interpretive systematic review to establish multifaceted and context-specific processes was done between May and November 2019. Data from 24 articles were synthesized and used to build causal loop diagrams, which were validated through focus group discussions and interviews with stakeholders. Results revealed human resource numbers and welfare, awareness campaigns, peer support groups, and community-based engagement as key leverage points towards ANC improvement. © 2022 by IGI Global. All rights reserved.","Book chapter","Final","","Scopus","2-s2.0-105011232459"
"Bottero M.; Datola G.; De Angelis E.","Bottero, Marta (57200325285); Datola, Giulia (57195285624); De Angelis, Elena (8954851400)","57200325285; 57195285624; 8954851400","Exploring the Redundancy Capacity Through a System Dynamics Approach","2020","Lecture Notes in Computer Science (including subseries Lecture Notes in Artificial Intelligence and Lecture Notes in Bioinformatics)","12253 LNCS","","","366","378","5","10.1007/978-3-030-58814-4_26","https://www.scopus.com/pages/publications/85092912448?origin=resultslist","Current urban agenda is interested in developing urban strategies to enhance urban resilience for cities. This paper examines the concept of urban resilience applied in the context of urban planning with specific attention to which are the capacities that make urban systems resilient. The knowledge and the understanding of these capacities are fundamental to set up suitable strategies. However, only few frameworks consider urban resilience and its capacity within the complexity of urban system. Through an in-depth literature review, this paper aims at providing a methodological framework both to recognize these capacities and analyze which are the main factors that mainly contribute to the achievement of these ability. The paper illustrates the first step of the application of a System Dynamics approach to analyze the redundancy capacity in order to define which are the key variables to enhance this capacity and also to determine which can be the impacts on the urban systems as a whole of the redundancy. © 2020, Springer Nature Switzerland AG.","Conference paper","Final","","Scopus","2-s2.0-85092912448"
"Thompson B.P.; Bank L.C.","Thompson, Benjamin P. (7402483263); Bank, Lawrence C. (35247571200)","7402483263; 35247571200","Use of system dynamics as a decision-making tool in building design and operation","2010","Building and Environment","45","4","","1006","1015","95","10.1016/j.buildenv.2009.10.008","https://www.scopus.com/pages/publications/71649102600?origin=resultslist","This paper presents a decision-making tool based on the system dynamics method for building design and operation, and demonstrates the use of the method for the analysis of a building subjected to a bioterrorist attack. A literature review of prior uses of the system dynamics method, focusing mainly on historic uses within civil and environmental engineering and related disciplines is first presented, to make the case for the applicability of the system dynamics method as a decision-making tool for building system design, retrofit, and operation. A proof-of-concept system dynamics model is presented for modeling of an elementary building system subjected to a bioterrorist attack. The proof-of-concept model includes evaluation of modifications to the building and its defenses. The results of the model simulation are presented and compared with previously published data. Use of the output data to improve decision-making in building design, retrofit, and operation is discussed. A method to link an electronic building information model (BIM) of the building to enable the electronic capture of the relevant building features in the system dynamics model is also discussed and demonstrated. Finally, future development of the model and other potential areas of applicability for the modeling methodology are discussed. © 2009 Elsevier Ltd. All rights reserved.","Article","Final","","Scopus","2-s2.0-71649102600"
"Haase D.; Schwarz N.","Haase, Dagmar (7005362244); Schwarz, Nina (23986260300)","7005362244; 23986260300","Simulation models on human-nature interactions in urban landscapes: A review including spatial economics, system dynamics, cellular automata and agent-based approaches","2009","Living Reviews in Landscape Research","3","","","","","69","10.12942/lrlr-2009-2","https://www.scopus.com/pages/publications/65349101176?origin=resultslist","Urbanisation belongs to the most complex and dynamic processes of land use and landscape change. At present, we claim ""the millennium of the cities, "" since more than half of the currently 6.6 billion world population is living in urban areas. Due to the huge impact of urban land consumption on environment and landscape, this paper provides a review of existing urban land use models. The review analyses non-spatially explicit economic and system dynamics models, spatially explicit cellular automata and agent-based model approaches by addressing the respective conceptual approach, model components and causal relationships, including feedbacks. Based upon the review, conclusions are drawn regarding the future development of urban landscape models, as well as on indispensable causal relationships and their representation when modelling urban systems.","Review","Final","All Open Access; Bronze Open Access","Scopus","2-s2.0-65349101176"
"Ghisolfi V.; Tavasszy L.A.; Correia G.H.A.; Chaves G.L.D.; Ribeiro G.M.","Ghisolfi, Verônica (57192934058); Tavasszy, Lóránt Antal (41762713200); Correia, Gonçalo Homem de Almeida (56534114400); Chaves, Gisele de Lorena Diniz (56496664000); Ribeiro, Glaydston Mattos (14009673300)","57192934058; 41762713200; 56534114400; 56496664000; 14009673300","Freight Transport Decarbonization: A Systematic Literature Review of System Dynamics Models","2022","Sustainability (Switzerland)","14","6","3625","","","60","10.3390/su14063625","https://www.scopus.com/pages/publications/85127381854?origin=resultslist","Freight transport decarbonization is currently an urgent challenge. Decarbonization strategies have a specific time to take effect, and it is essential to consider their time dependence. The system dynamics approach is well suited to represent feedback, lagged responses, and the time dependence of decarbonization strategies. We carried out a systematic literature review of system dynamics models in relation to strategies for freight decarbonization to identify the treatment of relevant dynamics of the system within the models. The 50 studies that fulfilled our search criteria were categorized by decarbonization strategies, the external factors needed to support them, and simulated policy instruments. The results show that no model presented a broad view of the system, addressing a limited combination of strategies. Most importantly, system dynamics models do not clarify how time-dependent behavior is determined, which indicates a significant research gap that can be critical for understanding the policy’s urgency and impacts. © 2022 by the authors. Licensee MDPI, Basel, Switzerland.","Review","Final","All Open Access; Gold Open Access; Green Open Access","Scopus","2-s2.0-85127381854"
"Greer Y.D.; Nevels D.; Meinen A.; Korth A.L.; Moore T.R.; Appel J.; Werner K.; Calancie L.; Ellis A.L.; Espy N.; Hendricks S.; Johnson T.; Johnson V.D.; Nabak D.; Rembert V.; Simenz C.; Weeks N.; Wilks-Tate A.; Economos C.D.","Greer, Yvonne D. (7801687789); Nevels, Debra (57213603655); Meinen, Amy (8859209900); Korth, Amy L. (57192206198); Moore, Travis R. (57684156800); Appel, Julia (57210290350); Werner, Kelsey (57200799018); Calancie, Larissa (56088168100); Ellis, Andre Lee (59446492600); Espy, Niky (59446492700); Hendricks, Shantel (59445792600); Johnson, Tanya (59446262600); Johnson, Vanessa D. (59446492800); Nabak, Danielle (59446492900); Rembert, Viola (59446029300); Simenz, Christopher (8930519400); Weeks, Nicole (59446493000); Wilks-Tate, Angelia (59446493100); Economos, Christina D. (6603614760)","7801687789; 57213603655; 8859209900; 57192206198; 57684156800; 57210290350; 57200799018; 56088168100; 59446492600; 59446492700; 59445792600; 59446262600; 59446492800; 59446492900; 59446029300; 8930519400; 59446493000; 59446493100; 6603614760","Applying Community-based System Dynamics to promote child health equity: the case of healthy and fit kids in Milwaukee, WI","2024","Frontiers in Public Health","12","","1375284","","","4","10.3389/fpubh.2024.1375284","https://www.scopus.com/pages/publications/85210470949?origin=resultslist","Background: Child health equity is influenced by complex systemic factors, including structural racism, socioeconomic disparities, and access to resources. Traditional public health interventions often target individual behaviors, but there is a growing need for systems approaches that address these root causes. This study examines coalition members’ perspectives on promoting child health equity in Milwaukee as a result of participating in an intervention that includes Community-based System Dynamics (CBSD). Methods: In this case study, we used a mixed-methods approach to describe 10 coalition members’ perspective shifts over 6 months, after participating in CBSD activities. These activities generated a causal-loop diagram to map the systemic factors influencing child health. Data collection included pre-post interviews and surveys. The data analysis involved thematic analysis of the qualitative data from interviews, which was then integrated with the open-ended survey responses. The themes identified were cross-referenced with the causal-loop diagram factors to validate and refine the understanding of systemic influences on child health. Results: Post-intervention, coalition members shifted their focus from individual health behaviors to systemic drivers, particularly structural racism and socioeconomic disparities. The causal-loop diagram helped identify leverage points and fostered a readiness for local collective action and policy advocacy. Conclusion: Integrating CBSD into public health coalitions can shift focus from individual behaviors to systemic causes, enabling more effective interventions. This approach offers valuable insights for promoting child health equity through holistic, community-driven strategies and public policy reforms. Copyright © 2024 Greer, Nevels, Meinen, Korth, Moore, Appel, Werner, Calancie, Ellis, Espy, Hendricks, Johnson, Johnson, Nabak, Rembert, Simenz, Weeks, Wilks-Tate and Economos.","Article","Final","All Open Access; Gold Open Access; Green Open Access","Scopus","2-s2.0-85210470949"
"Wolstenholme E.F.","Wolstenholme, Eric F. (6701594168)","6701594168","A current overview of system dynamics","1989","Transactions of the Institute of Measurement & Control","11","4","","171","179","8","10.1177/014233128901100402","https://www.scopus.com/pages/publications/84970370521?origin=resultslist","The purpose of this paper is to present a state-of-the-art survey of the subject of system dynamics. This will include a brief historical review and an outline of the methodology, which is increasingly being recognised as having two separate phases. These are the qualitative diagram construction/analysis phase and the quantitative simulation phase. The purpose of the former is to develop a perspective on the system under study, covering its processes, information, organisational structure and strategies. Alternative types of system dynamics diagrams will be presented for this phase, the generic building blocks of these explored and some aspects of qualitative analysis discussed. The purpose of the simulation phase is to translate the system diagrams into behaviour over time. A summary of the steps of simulation analysis will be given and attention drawn to new thinking in sub-techniques and developments in simulation languages. © 1989, Sage Publications. All rights reserved.","Article","Final","","Scopus","2-s2.0-84970370521"
"Emami M.; Haghdoost A.; Yazdi-Feyzabadi V.; Morasae E.K.; Mehrolhassani M.H.","Emami, Mozhgan (56665239900); Haghdoost, Aliakbar (12783926800); Yazdi-Feyzabadi, Vahid (56017415700); Morasae, Esmaeil Khedmati (55769529500); Mehrolhassani, Mohammad Hossein (55050193600)","56665239900; 12783926800; 56017415700; 55769529500; 55050193600","A Study Protocol for the Macro-analysis of Iran's Health System with System Dynamics Approach","2025","Medical Journal of the Islamic Republic of Iran","39","1","95","","","0","10.47176/mjiri.39.95","https://www.scopus.com/pages/publications/105028946877?origin=resultslist","Background: The health system (HS) is characterized by its complexity and the interconnectivity of its various components, which can lead to unpredictable outcomes when faced with changes in the environment. Understanding these interactions is crucial for effective management and improvement of the system. To navigate this complexity, this study emphasizes the importance of adopting a real-world perspective and utilizing system modeling techniques. These approaches allow for a thorough analysis of the current state of the HS and enable the testing of different policy alternatives to identify potential improvements. Ultimately, the aim of the research is to pinpoint the key components and drivers within the HS. By modeling the dynamics of these elements, the study aims to provide insights that can inform better decision-making and enhance the overall effectiveness of health care delivery. Methods: We designed a mixed methods study in 4 phases, consisting of sequential quantitative and qualitative analyses. In the first phase, to create a comprehensive and holistic view, we will identify key variables and indicators in the HS within the framework of the Balanced Scorecard framework (BSC), which includes population & population health; service delivery; financing; growth & development; and governance & leadership, through a review of documents and a scoping review. In the second and third phases of the study, using a foresight and systemic approach, expert opinions will be purposefully gathered through cross-impact analysis (CIA) and scenario writing to identify key drivers and levers of Iran's HS and obtain compatible future scenarios. Finally, in the quantitative phase of the study, based on the outputs of the previous phases, a dynamic model of the HS will be designed in the Vensim software, and the current situation along with other possible scenarios for the system will be examined for a period of 10 years. Conclusion: It is anticipated that the results of this study could offer a methodological foundation for formulating the health component of the Islamic Republic of Iran’s economic, social, and cultural development plan, intended for use by the Ministry of Health, Treatment, and Medical Education. Copyright © Iran University of Medical Sciences. This work has been published under CC BY-NC-SA 4.0 license.","Article","Final","All Open Access; Gold Open Access; Green Open Access","Scopus","2-s2.0-105028946877"
"Haji Gholam Saryazdi A.; Rajabzadeh Ghatari A.; Mashayekhi A.; Hassanzadeh A.","Haji Gholam Saryazdi, Ali (57202996610); Rajabzadeh Ghatari, Ali (36999828900); Mashayekhi, Alinaghi (6603735542); Hassanzadeh, Alireza (36944516500)","57202996610; 36999828900; 6603735542; 36944516500","Designing a qualitative system dynamics model of crowdfunding by document model building","2020","Qualitative Research in Financial Markets","12","2","","197","224","12","10.1108/QRFM-07-2018-0082","https://www.scopus.com/pages/publications/85070368784?origin=resultslist","Purpose: The purpose of this paper is to design a qualitative model of crowdfunding dynamics through the document model building (DMB). Design/methodology/approach: Methodology in this paper is the qualitative system dynamics through DMB. In DMB, the authors identify the variables that are drivers of its growth and collapse, and the model will be developed by using the systematic review of the literature. Findings: Designing of the dynamics of crowdfunding model through DMB. Identifying variables that are drivers of crowdfunding growth and collapse. Determining leverage points in crowdfunding diffusion. Originality/value: This paper, for the first time, with the aim of identifying and explaining the efficient positive and negative dynamics in this method, examines crowdfunding systematically and structurally. © 2019, Emerald Publishing Limited.","Article","Final","","Scopus","2-s2.0-85070368784"
"Darabi N.; Hosseinichimeh N.","Darabi, Negar (57215858160); Hosseinichimeh, Niyousha (56095659700)","57215858160; 56095659700","System dynamics modeling in health and medicine: a systematic literature review","2020","System Dynamics Review","36","1","","29","73","146","10.1002/sdr.1646","https://www.scopus.com/pages/publications/85082110454?origin=resultslist","This article reports the first systematic literature review of system dynamics (SD) applications in health and medicine published between 1960 and 2018. We categorize SD contributions into three groups—disease-related modeling, organizational modeling, and regional health modeling—and explore major trends and approaches. We then focus on disease-related modeling and discuss (1) common structures underlying models of infectious and noninfectious diseases, (2) major findings and modeling insights, and (3) avenues for future modeling efforts. While application areas cover a wide range of contexts, a considerable level of quality variation is observable, particularly in regards to model documentation, use of data, and model validation. While these shortcomings are not specific to SD modeling—and other schools of modeling often suffer from similar problems—we invite the community to address the issues both as authors and reviewers. Our study provides a reference document for several exemplary SD models, which is especially useful for early career modelers. © 2020 System Dynamics Society. © 2020 System Dynamics Society","Article","Final","","Scopus","2-s2.0-85082110454"
"Abbasi I.A.; Shamim A.; Ashari H.","Abbasi, Iffat Abbas (57343431600); Shamim, Amjad (56556312500); Ashari, Hasbullah (55912265300)","57343431600; 56556312500; 55912265300","Theory in action: operationalizing actor-network theory with system dynamics to transform indigenous chicken supply chains","2025","Journal of Agribusiness in Developing and Emerging Economies","16","4","","748","767","1","10.1108/JADEE-05-2024-0164","https://www.scopus.com/pages/publications/105000331678?origin=resultslist","Purpose – This paper addresses an operational gap by uniquely integrating two epistemological frameworks actor-network theory (ANT) and system dynamics modeling – to investigate supply chains through an ANT lens. Specifically, this study examines the indigenous chicken sector as a case to model supply chain dynamics within the ANT framework. Design/methodology/approach – Data are gathered from indigenous chicken farms using semi-structured interviews. A thematic analysis of the interviews identified both human and non-human actors. System dynamics modeling was then applied to analyze the intricate interactions within the actor-network. Findings – System dynamics modeling was integrated into the ANT translation phase, providing deeper insight into actor networks within the supply chain. The emergent supply chain model makes a substantial contribution to supply chain management literature by proposing a system inclusive of human and non-human agents, adaptable to complex systems. Research limitations/implications – This study focuses on the indigenous chicken sector in Malaysia, suggesting the need for broader contextual validation. Originality/value – This research contributes to the literature by operationalizing ANT through system dynamics modeling, offering a new approach to studying supply chains within an ANT framework. Methodologically, the study explains the integration of system dynamics into the ANT translation process. © 2025, Emerald Publishing Limited","Article","Final","","Scopus","2-s2.0-105000331678"
"Huang H.; Lin Y.; Zhou Y.; Zhao Y.; Zhang P.; Fan L.","Huang, Heqing (58660363200); Lin, Yuzhang (57188583034); Zhou, Yifan (57211306309); Zhao, Yue (59050314300); Zhang, Peng (57191893334); Fan, Lingling (7402512823)","58660363200; 57188583034; 57211306309; 59050314300; 57191893334; 7402512823","Data-driven modeling of power system dynamics: Challenges, state of the art, and future work","2023","iEnergy","2","3","","200","221","30","10.23919/IEN.2023.0023","https://www.scopus.com/pages/publications/85196658806?origin=resultslist","With the continual deployment of power-electronics-interfaced renewable energy resources, increasing privacy concerns due to deregulation of electricity markets, and the diversification of demand-side activities, traditional knowledge-based power system dynamic modeling methods are faced with unprecedented challenges. Data-driven modeling has been increasingly studied in recent years because of its lesser need for prior knowledge, higher capability of handling large-scale systems, and better adaptability to variations of system operating conditions. This paper discusses about the motivations and the generalized process of data-driven modeling, and provides a comprehensive overview of various state-of-the-art techniques and applications. It also comparatively presents the advantages and disadvantages of these methods and provides insight into outstanding challenges and possible research directions for the future. © 2023 The Author(s). This is an open access article under the CC BY license (http://creativecommons.org/licenses/by/4.0/).","Review","Final","All Open Access; Gold Open Access; Green Open Access","Scopus","2-s2.0-85196658806"
"Barnabè F.; Davidsen P.I.","Barnabè, Federico (19336868900); Davidsen, Pål I (6603914621)","19336868900; 6603914621","Exploring the potentials of behavioral system dynamics: insights from the field","2020","Journal of Modelling in Management","15","1","","339","364","14","10.1108/JM2-03-2019-0081","https://www.scopus.com/pages/publications/85075978571?origin=resultslist","Purpose: This study aims to contribute to the ongoing debate on behavioral operational research (BOR), specifically discussing the potential of system dynamics (SD) models to analyze decision-making heuristics. In more detail, the study suggests using an SD model as an ex-post research tool adopted not only to mimic a role-playing game (RPG) – reproducing the whole physical structure, and the complete set of decision rules specified for a supply chain (SC) management game – but also, and specifically, to replicate and analyze the players’ in-game behavior and decision-making. Design/methodology/approach: After presenting a brief literature review devoted to highlighting the key concepts of the emerging streams of research named BOR and behavioral system dynamics (BehSD), the study presents the characteristics and results of an SC management-based RPG and describes the SD model that was developed to mimic the game and provide the base-run. A triangulation of data sources (which included feedback questionnaires and reports drawn up by 86 participants, as well as notes collected through direct observation of one of the authors) was used to infer information about and in-game decisions. Subsequently, four alternative versions of the SD model were calibrated to reproduce, investigate and explain ex-post the players’ in-game behavior and decision-making heuristics; this study specifically refers to one of them. Findings: The SD model can be considered as the first output of this research. The model was calibrated to mimic the game and subsequently used to develop a few alternative models, helpful to replicate players’ behavior and analyze decision-making heuristics. The findings reveal not fully rational decisions taken by the players and share common findings with previous literature on the emergence of sub-optimal strategies (e.g. phantom ordering and hoarding strategies). The data collected from questionnaires, reports and direct observation additionally revealed that stress and behavioral factors played a role in affecting in-game decision-making. Practical implications: Considering a specific RPG setting, the SD model developed in this study replicated and captured the range of factors affecting decision-making heuristics, allowing an ex-post analysis of in-game decisions. Notably, the research design presented and used in this study can be considered a generic one, which could be applied subsequently in a variety of contexts, also in combination with simulation/gaming tools and techniques different from role-playing, and both for educational and training purposes, and for research validation. Originality/value: This study builds on and makes a contribution to the debate related to the emerging stream of research of BOR and more specifically, provides insights and evidence for the yet growing field of BehSD, at the same time advocating and suggesting further research in this area. Overall, the research revealed that behavioral factors may play a relevant role in driving and affecting human decision-making in simulation/gaming contexts. © 2019, Emerald Publishing Limited.","Article","Final","","Scopus","2-s2.0-85075978571"
"Oo T.H.; Tianviwat S.; Thitasomakul S.; Sontamino P.","Oo, Tin Htet (57224679504); Tianviwat, Sukanya (23490370400); Thitasomakul, Songchai (23766381000); Sontamino, Phongpat (56705444500)","57224679504; 23490370400; 23766381000; 56705444500","A System Dynamics Model of Caries Preventive Interventions in Thailand's School-Aged Population","2023","Oral health & preventive dentistry","21","1","","397","406","2","10.3290/j.ohpd.b4721201","https://www.scopus.com/pages/publications/85178651231?origin=resultslist","PURPOSE: To compare the long-term effects of the Ministry of Public Health's (MOPH) caries preventive interventions for 6- to 12-year-olds (supervised toothbrushing [STB], dental sealant, and combined STB+sealant) to the base case (no intervention) using the System Dynamics Model. MATERIALS AND METHODS: The System Dynamics Model was used to evaluate the intervention scenarios of supervised toothbrushing (STB), sealant, and combined STB+sealant with the base-case scenario. The effectiveness data for the model's interventions were obtained from systematic reviews and meta-analyses. RESULTS: The model determined that the caries-free population increased by 36.2%, 25.5%, and 14.5%, while the caries-affected population decreased by 8.1%, 5.5%, and 3.1% in the combined STB+sealant, sealant, and supervised toothbrushing scenarios compared to the base case at 15 years of age. CONCLUSION: Combined STB+sealant is the most efficacious intervention among those administered to children between the ages of 6 and 12 with permanent teeth. In addition, the System Dynamics Model could be helpful in comparing interventions or policies to determine the optimal intervention for a given population.","Article","Final","","Scopus","2-s2.0-85178651231"
"Folien K.; Stockar S.; Canova M.; Guezennec Y.; Rizzoni G.","Folien, Kenneth (55370454400); Stockar, Stephanie (36130459400); Canova, Marcello (16314864900); Guezennec, Yann (7004576624); Rizzoni, Giorgio (7103076725)","55370454400; 36130459400; 16314864900; 7004576624; 7103076725","A system dynamics modeling methodology to predict transient phenomena in compressible fluid flow systems","2011","ASME 2011 Dynamic Systems and Control Conference and Bath/ASME Symposium on Fluid Power and Motion Control, DSCC 2011","2","","","611","617","6","10.1115/DSCC2011-5944","https://www.scopus.com/pages/publications/84881457336?origin=resultslist","The prediction of dynamic phenomena in compressible fluids, such as the air path systems of Internal Combustion Engines (ICEs) has seen an enormous growth in the past years. Striving to improve engine performance, fuel economy and emissions has led to the understanding that significant gains can only be achieved if improvements in engine design can be matched by the ability to closely control engine breathing and combustion performance. The current state of the art in the modeling of ICEs air path systems presents two main approaches, namely the high-fidelity, computationally intensive numerical methods and the low-fidelity, calibration intensive lumped-parameter models. This paper introduces a novel approach for modeling unsteady phenomena in compressible fluids that combines the advantages of numerical methods (high accuracy and low calibration effort) with the limited computation time of lumped-parameter models based on ordinary differential equations (ODEs). The approach is here presented for the one-dimensional nonlinear Euler equations for compressible fluid flow systems, which are particularly relevant for modeling the air path systems of internal combustion engines. Copyright © 2011 by ASME.","Conference paper","Final","","Scopus","2-s2.0-84881457336"
"Dall-Orsoletta A.; Uriona-Maldonado M.; Dranka G.; Ferreira P.","Dall-Orsoletta, Alaize (57372971800); Uriona-Maldonado, Mauricio (35148501500); Dranka, Géremi (56682833200); Ferreira, Paula (55883358000)","57372971800; 35148501500; 56682833200; 55883358000","A review of social aspects integration in system dynamics energy systems models","2022","International Journal of Sustainable Energy Planning and Management","36","","","33","52","31","10.54337/ijsepm.7478","https://www.scopus.com/pages/publications/85144075393?origin=resultslist","The problem of techno-economic approaches to evaluating energy transition pathways has been constantly reported in the literature, while existing research recognises the critical role played by social aspects in energy systems models. System dynamics (SD) has been pointed out among modelling techniques as a suitable tool to evaluate the interdisciplinary nature of energy transitions. This paper explores how energy system-related SD models have incorporated social aspects through a literature review. Models were assessed based on their geographical resolution, time horizon, methodological approach, and main themes: supply-demand, energy-economy-environment (3E), energy-transport, water-energy-food (WEF) nexus, and consumer-centric and socio-political dynamics. Social aspects considered include behaviour and lifestyle changes, social acceptance, willingness to participate, socio-economic measures, among others. As expected, the representation of social aspects was not standard among the papers analysed. Socio-economic aspects were most commonly included in supply-demand and 3E models. Energy-transport and WEF models mainly incorporated changes in travel and consumption habits, respectively. The last theme had a more diverse approach to social aspects that deserves further attention, especially for energy access and justice issues. Other research lines include modelling approaches combination, enhanced participatory and transparent processes during model development, and use of SD models in policy-aiding and stakeholders’ information processes. © 2022, Aalborg University press. All rights reserved.","Article","Final","All Open Access; Gold Open Access; Green Open Access","Scopus","2-s2.0-85144075393"
"El Hajj C.; Martínez Montes G.","El Hajj, Claudette (57212137171); Martínez Montes, Germán (55763791833)","57212137171; 55763791833","From costs to strategic gains: modeling the economic impact of BIM through sensitivity-enhanced system dynamics","2025","Engineering, Construction and Architectural Management","","","","1","21","1","10.1108/ECAM-04-2025-0690","https://www.scopus.com/pages/publications/105025453374?origin=resultslist","Purpose – The study aims to examine and quantify how the implementation of Building Information Modeling (BIM) impacts the economic value of construction projects in the long run. Design/methodology/approach – An in-depth literature review of design research science, and a case study were employed to develop a quantification model that offers an improved understanding of the costs and benefits of embracing BIM. The System Dynamics (SD) perspective was used to create the simulation model, whereby the socio-technical aspect of BIM technology, the various types of benefits, and the different impacts on the organizational level were taken into consideration. Findings – The results revealed that the manifold interactions between BIM benefits and costs and the elements of the organizational system ensure an enduring growth of the corporate business value. Also, the simulation model of the studied organization showed that BIM adoption affects the firm’s rate of return, generates higher profits in the long term, and enhances the business value of the studied company. Originality/value – This study developed a novel integration of SD and sensitivity analysis using Monte Carlo simulation to model the long-term financial implications of BIM adoption. It shifts the focus from costs that occur in the short term to the strategic value that BIM brings across the project lifecycle. © 2025 Emerald Publishing Limited","Article","Article in press","","Scopus","2-s2.0-105025453374"
"Burri M.; Dätwiler M.; Achtelik M.W.; Siegwart R.","Burri, Michael (55758755600); Dätwiler, Manuel (56743297700); Achtelik, Markus W. (55143887100); Siegwart, Roland (35926876800)","55758755600; 56743297700; 55143887100; 35926876800","Robust state estimation for Micro Aerial Vehicles based on system dynamics","2015","Proceedings - IEEE International Conference on Robotics and Automation","2015-June","June","7139935","5278","5283","19","10.1109/ICRA.2015.7139935","https://www.scopus.com/pages/publications/84938281783?origin=resultslist","In this work, we present a model-based estimation scheme for multi-rotor Micro Aerial Vehicles (MAVs). Although modeling approaches for MAVs have been presented in the past, these models have rarely been used for real-time state estimation onboard MAVs. Building on this work, we identify the most dominant effects and propose an easy-to-use calibration scheme for estimation of the model parameters. Given the calibration estimates for these parameters, we derive a state estimator where the state prediction of the indirect Extended Kalman Filter (EKF) is driven by a MAV model. Solely using measurements from the Inertial Measurement Unit (IMU) and a barometric pressure sensor - both available on almost every MAV - our model-based formulation keeps the estimated velocity of the MAV bounded in all directions, as opposed to state of the art IMU-model driven state estimators onboard MAVs. This is crucial for keeping MAVs airborne safely, for instance in the case of failures or re-initialization of vision based localization systems. © 2015 IEEE.","Conference paper","Final","","Scopus","2-s2.0-84938281783"
"Breukelman H.; Krikke H.; Löhr A.","Breukelman, Hans (57216548663); Krikke, Harold (23094207900); Löhr, Ansje (8271904200)","57216548663; 23094207900; 8271904200","Root causes of underperforming urban waste services in developing countries: Designing a diagnostic tool, based on literature review and qualitative system dynamics","2022","Waste Management and Research","40","9","","1337","1355","17","10.1177/0734242X221074189","https://www.scopus.com/pages/publications/85124879329?origin=resultslist","Cities in developing countries struggle with providing good waste collection services to all their citizens. Daily practice mostly shows low service coverage, especially in the poorer parts of cities. Up until now, research has mainly dealt with the symptoms of poor performance. This article aims at designing a qualitative System Dynamics model of the urban system that may serve as a diagnostic tool to find the root causes and leverage points for interventions. The research presented here uses a broad literature review to draw up a complex causal loop diagram describing all relevant urban variables (demographic, economic, social, financial, technical and governance-related) and their relations. The diagram is analysed using qualitative methods, partly derived from graph theory. It results in an evaluation of all variables, paths, loops and branches of the model, and finally in a simplified model. This simplified model is helpful in diagnosing waste management problems in cities, in formulating interventions and their points of leverage and even in formulating a new taxonomy that classifies cities with regard to the effect and delay in their urban processes. When it comes to interventions, the model suggests that the root cause is in populations growing faster than their economies, and that the enabling circumstances are mainly in poor governance practices that are unable to secure that tax incomes keep pace with needed budgets for sound services. © The Author(s) 2022.","Review","Final","All Open Access; Green Open Access; Hybrid Gold Open Access","Scopus","2-s2.0-85124879329"
"Mejia J.A.A.; Nonsoque G.M.L.; Fernandez M.B.","Mejia, Jose Arturo Amezquita (57429948800); Nonsoque, Ginna Marcela Leguizamon (57429769100); Fernandez, Mauricio Becerra (57225023571)","57429948800; 57429769100; 57225023571","System Dynamics Model for the Sustainability of Educational Resources in Information and Communications Technologies","2021","2021 7th Congreso Internacional de Innovacion y Tendencias en Ingenieria, CONIITI 2021 - Conference Proceedings","","","","","","0","10.1109/CONIITI53815.2021.9619623","https://www.scopus.com/pages/publications/85123582468?origin=resultslist","In higher education institutions in Colombia, requests for needs in the management of technology resources present flaws in the application of techniques; that project resources over time for decision-making in terms of functionality, operation, and inventory. Therefore, this research is applied at the Catholic University of Colombia, which has the existence of Technology of the information and communication (for its acronym in English, ICT) resources infrastructure as tools to support education. In which there is the problem of not having a formal process of technological requirements; which generates incorrect requests by the coordinators of the ICT resource divisions according to their criteria, without any standardized process that responds to immediate needs. For this reason, the objective is to create a system dynamics model that simulates the population sustainability of ICT educational resources, facing the needs of the student's population, based on the concepts of the Forrester world as support for technological management. The research was developed under a correlational approach of the factors that affect the response and quasi-experimental variables, on the natural situation where the variables of importance can be controlled, and determine the characteristics on the effect obtained in the simulation techniques. Through the literature review, records, physical and virtual documents of the university, a statistical study of the historical behavior is made; with the use of the Ithink10.0.3 software for academic purposes and the Vensim application as a graphic tool, to obtain conclusions. Results that present as a contribution to the literature in the field of HEIs, the use of techniques such as system dynamics, which helps decision-making and investment projection that is made in the development plans of endowment and resource management ICT educational. © 2021 IEEE.","Conference paper","Final","","Scopus","2-s2.0-85123582468"
"Uleman J.F.; Petersen A.H.; Rod N.H.","Uleman, Jeroen F. (57211488665); Petersen, Anne Helby (57203590327); Rod, Naja Hulvej (26325731800)","57211488665; 57203590327; 26325731800","Bridging System Dynamics and Causal Epidemiology: An Opportunity for Both Fields","2025","System Dynamics Review","41","1","e1799","","","0","10.1002/sdr.1799","https://www.scopus.com/pages/publications/85214532637?origin=resultslist","This paper examines the potential benefits of a deeper integration between system dynamics and causal inference as applied in epidemiology. We offer four suggestions for bridging these fields: two for what system dynamics can offer and two for what system dynamics stands to gain. First, we discuss the use of system dynamics to develop simulation models that emphasize feedback, (unobserved) dynamics, and multiscale interactions. Second, we note that the formalized participatory methods from system dynamics could help strengthen causal models in epidemiology. Third, we advocate for outlining and explicitly stating causal assumptions relevant to system dynamics research. Lastly, we suggest enhancing the causal structure of system dynamics models by triangulating participatory methods and literature review with data-driven causal discovery. Through these suggestions, we envision the development of more credible and transparent causal models of complex health problems. © 2025 System Dynamics Society.","Article","Final","All Open Access; Hybrid Gold Open Access","Scopus","2-s2.0-85214532637"
"Liu M.; Le Y.; Hu Y.; Xia B.; Skitmore M.; Gao X.","Liu, Mingqiang (57204437282); Le, Yun (7005984035); Hu, Yi (55695354900); Xia, Bo (35604946500); Skitmore, Martin (7003387239); Gao, Xianyi (57211719712)","57204437282; 7005984035; 55695354900; 35604946500; 7003387239; 57211719712","System dynamics modeling for construction management research: Critical review and future trends","2019","Journal of Civil Engineering and Management","25","8","","730","741","25","10.3846/jcem.2019.10518","https://www.scopus.com/pages/publications/85084696453?origin=resultslist","As a result of growing complexities in the construction industry, system dynamics modeling (SDM) has been increasingly used in construction management (CM) research to explore complicated causal relationships at the various levels of construction and management processes. Given the rapid growth of SDM applications over the past two decades, a systematic review is needed to ascertain the state of the art and further trends in the area. This paper provides the results of a systematic analysis of 103 papers from 41 selected peer-reviewed journals from 1997 to 2016. The contributions of the papers are first analyzed, structured and formulated in terms of the year of publication, software involved, the combined use with other methods, and research design. With the assistance of the a keyword co-occurrence network analysis, eight research topics involving different internal and external complexities are identified, including: (1) sustainability, (2) project planning and control, (3) performance and effectiveness, (4) strategic management, (5) site and resource management, (6) risk analysis and management, (7) knowledge management, and (8) organization and stakeholder management. The analysis results reveal the pivotal role of SDM in streamlining different complicated casual relationships at the activity, project, and industry levels across the eight topics and its significant potential in uncovering the impact of complicated contextual conditions on project planning and control, effectiveness and performance, strategic management, and sustainability at the project and industry levels. Lastly, trends and recommendations for SDM applications are provided for future CM research. This paper provides a state of the art of SDM in CM applications and insights into opportunities and useful references for the future. © 2019 The Author(s). Published by VGTU Press.","Article","Final","All Open Access; Gold Open Access; Green Open Access","Scopus","2-s2.0-85084696453"
"Wang W.; Harsono I.; Shieh C.-J.; Samusenkov V.; Shoar S.","Wang, Wenbao (57203557687); Harsono, Iwan (57466888100); Shieh, Chich-Jen (25628866200); Samusenkov, Vadim (57200700307); Shoar, Shahab (57192411550)","57203557687; 57466888100; 25628866200; 57200700307; 57192411550","Identification of critical paths leading to cost claims for underground metro projects: a system dynamics approach","2023","Kybernetes","52","5","","1861","1878","4","10.1108/K-09-2021-0786","https://www.scopus.com/pages/publications/85126186410?origin=resultslist","Purpose: Infrastructure projects play a vital role in the development of countries' economies. However, these projects, notably underground ones, are encountering growing claims as they are subject to many unknowns. Without having a clear insight into the causes of claims and their influence on one another, it is not possible to mitigate their adverse impacts on these projects' goals. To this aim, the main purpose of this study is to identify the critical paths leading to cost claims for underground metro projects. Design/methodology/approach: First, causes of claims were identified through a literature review and then refined to 22 main causes according to the opinions of 148 Iranian experts. A qualitative system dynamics (SD) model was then provided to visualize how various causes interact with each other. The model was developed and validated by drawing on the expertise of industry-related experts, and the critical paths were finally recognized based on their frequency and severity indexes. Findings: The findings revealed that each cause should be evaluated based on their connections with others as there are complex relations among the causes. It was also shown that the major claim paths among others were initiated due to ambiguous contract clauses, unforeseen physical conditions and land handover problems. Originality/value: The findings of this study provide a better insight into how various causes of claims for underground metro projects are related to each other and can eventually assist project managers of different parties, even in other countries, to select proportional strategies to mitigate their adverse impacts. © 2021, Emerald Publishing Limited.","Article","Final","","Scopus","2-s2.0-85126186410"
"Cosenz F.","Cosenz, Federico (56426984200)","56426984200","Supporting start-up business model design through system dynamics modelling","2017","Management Decision","55","1","","57","80","79","10.1108/MD-06-2016-0395","https://www.scopus.com/pages/publications/85009749060?origin=resultslist","Purpose: The purpose of this paper is to explore how system dynamics (SD) modelling can provide a methodological support to business model (BM) design with the intent to better communicate business strategy and manage performance. Design/methodology/approach: After a literature review of the field and an analysis of the strengths and limitations of conventional BM frameworks, the paper illustrates and discusses an approach that combines such a framework with SD modelling. A single-case study design was selected to explore the implications and limitations of using this combined approach to business modelling. Findings: The methodological support provided by SD to BM design may effectively improve business strategy communication and performance management through both the adoption of a systemic and flexible perspective able to identify and analyse the main cause-and-effect relationships between the key-elements of the business strategy, and the use of a simulation technique that contributes in understanding how a firm operates, and its prospective performance over time. Originality/value: Growing interest for BMs appears in the recent strategic management literature with research highlighting strengths and shortcomings. However, few attempts have been produced to overcome such limitations, while the adoption of SD is relatively new in supporting BM design. © 2017, © Emerald Publishing Limited.","Article","Final","","Scopus","2-s2.0-85009749060"
"Schiehlen W.","Schiehlen, W. (7006037476)","7006037476","Multibody System Dynamics: Roots and Perspectives","1997","Multibody System Dynamics","1","2","","149","188","502","10.1023/A:1009745432698","https://www.scopus.com/pages/publications/0031153691?origin=resultslist","The paper reviews the roots, the state-of-the-art and perspectives of multibody system dynamics. Some historical remarks show that multibody system dynamics is based on classical mechanics and its engineering applications ranging from mechanisms, gyroscopes, satellites and robots to biomechanics. The state-of-the-art in rigid multibody systems is presented with reference to textbooks and proceedings. Multibody system dynamics is characterized by algorithms or formalisms, respectively, ready for computer implementation. As a result simulation and animation are most important. The state-of-the-art in flexible multibody systems is considered in a companion review by Shabana. Future research fields in multibody dynamics are identified as standardization of data, coupling with CAD systems, parameter identification, real-time animation, contact and impact problems, extension to control and mechatronic systems, optimal system design, strength analysis and interaction with fluids. Further, there is a strong interest on multibody systems in analytical and numerical mathematics resulting in reduction methods for rigorous treatment of simple models and special integration codes for ODE and DAE representations supporting the numerical efficiency. New software engineering tools with modular approaches promise improved efficiency still required for the more demanding needs in biomechanics, robotics and vehicle dynamics.","Article","Final","","Scopus","2-s2.0-0031153691"
"Zanker M.; Bureš V.","Zanker, Marek (57212941288); Bureš, Vladimír (19638298800)","57212941288; 19638298800","Knowledge Management as a Domain, System Dynamics as a Methodology","2022","Systems","10","3","82","","","12","10.3390/systems10030082","https://www.scopus.com/pages/publications/85137363341?origin=resultslist","For decades, system dynamics has been utilised as a framework for evaluating and interpreting various types of systems with varying degrees of complexity and knowledge demands. Knowledge management is strongly related to system dynamics on a thematic level. We did a thorough review to identify potential applications and analysed system dynamics and knowledge management domains. The systematic review followed the PRISMA method. We identified two major groups and one subgroup of the combination of system dynamics and knowledge management after examining and categorising 45 papers. Articles were searched for on Web of Science, Scopus, and LENS. We then concentrated on the categorisation of articles by theme. We discovered that system dynamics models were used as a component of a decision support tool or a knowledge management system in some instances, or the integration of knowledge management processes into specific systems. This study contributes to the growth of system dynamics as a methodology capable of generating novel ideas, highlighting limitations, and providing analogies for future research in a variety of academic areas. © 2022 by the authors. Licensee MDPI, Basel, Switzerland.","Article","Final","All Open Access; Gold Open Access; Green Open Access","Scopus","2-s2.0-85137363341"
"Gomez B.L.G.; Arias J.A.T.; Calvo J.V.","Gomez, Beatriz Liliana Gomez (57274005000); Arias, Johnny Alexander Tamayo (37074165700); Calvo, Johnny Valencia (57218384338)","57274005000; 37074165700; 57218384338","Model based on system dynamics for the evaluation of construction industries technology transfer performance in Colombia; [Modelo basado en dinámica de sistemas para la evaluación del desempeño de la transferencia de tecnología del sector construcción en Colombia]","2021","Iberian Conference on Information Systems and Technologies, CISTI","","","","","","0","10.23919/CISTI52073.2021.9476302","https://www.scopus.com/pages/publications/85115787212?origin=resultslist","Considering that the strategies developed in Colombia to transfer knowledge and technology have not yet achieved the desired economic impact, evidenced in part in the country's competitiveness index and its position in the world innovation index, the present research work aims to formulate a model based on system dynamics for the analysis of the technology transfer process between the transfer agents and the material supplier industries of the construction sector in Colombia, allowing the analysis of their performance and proposing improvements to the process. For this purpose, variables that have been less studied are included, such as the role of university members, communication skills and, teamwork skills (between technology sender and receiver), thus expanding the state of the art of technology transfer. © 2021 AISTI.","Conference paper","Final","","Scopus","2-s2.0-85115787212"
"Fatema I.; Sakib K.","Fatema, Israt (57201729347); Sakib, Kazi (15925920100)","57201729347; 15925920100","Factors Influencing Productivity of Agile Software Development Teamwork: A Qualitative System Dynamics Approach","2017","Proceedings - Asia-Pacific Software Engineering Conference, APSEC","2017-December","","","737","742","47","10.1109/APSEC.2017.95","https://www.scopus.com/pages/publications/85045931801?origin=resultslist","Agile method emphasizes on the people factors and strength of teamwork that simplify the development process. A highly productive team throughout an agile software development process is very instrumental in achieving project success. Consequently, understanding of how individual behaviour and productivity are affected by teamwork within an agile team becomes critical. Identifying factors that impact productivity will result in improvement of teamwork. Hence, a need emerges to recognise the significant ones. Doing so will enable project team management to determine the areas where to concentrate efforts in order to improve productivity. The objective of this research is to identify and analyse agile teamwork productivity influence factors by using system dynamics (SD) approach. Identification of main factors influencing productivity and how they impact agile teamwork are carried out through interviews, survey and literature review. From the perspective of agile team members, the four most perceived factors impacting on their productivity are team effectiveness, team management, motivation and customer satisfaction. Lack of agile team management support is found to be the most mentioned reason for failed agile project. The complex interrelated structure of different factors affecting agile teamwork productivity is modeled using influence diagram and Causal Loop Diagram (CLD) for qualitative analysis. © 2017 IEEE.","Conference paper","Final","","Scopus","2-s2.0-85045931801"
"Harandi A.A.H.; Valmohammadi C.; Hosseini S.H.","Harandi, Ali Akbar Haddadi (57211285196); Valmohammadi, Changiz (36167875500); Hosseini, Seyed Hossein (57210989484)","57211285196; 36167875500; 57210989484","Enhancing the Intellectual Capital of Research and Development Centres using Business Intelligence: A System Dynamics Approach","2025","Systems Research and Behavioral Science","42","3","","713","738","4","10.1002/sres.3003","https://www.scopus.com/pages/publications/85186866678?origin=resultslist","This study employs system dynamics simulation to examine the scenarios and policies aimed at enhancing the intellectual capital of R&D centres. Through an in-depth review of the relevant literature, such as thematic analysis, along with an examination of regulations and expert interviews and focus group discussions as well, the dimensions, variables and measurement indicators associated with Intellectual Capital and Business Intelligence, were identified. The dynamic relationships among these variables are then modelled, and the model's behaviour is simulated. By implementing two scenarios, namely reducing government financial support and increasing the competitive environment, the simulation results indicate that the enhancement of informational and relational capital will improve structural capital and increase business intelligence. Over ten years of simulation, the centre's dedicated revenue will grow by more than 150%. The proposed dynamic modelling and system behaviour simulation can serve as a basis for setting an intellectual capital framework in R&D centres, particularly in developing countries. © 2024 John Wiley & Sons Ltd.","Article","Final","","Scopus","2-s2.0-85186866678"
"Rodriguez-Garcia E.E.; Elizondo-Noriega A.; Tiruvengadam N.; Guemes-Castorena D.; Rodriguez-Salvador M.","Rodriguez-Garcia, E.E. (58569157800); Elizondo-Noriega, A. (55251722900); Tiruvengadam, N. (57193452139); Guemes-Castorena, D. (14822402500); Rodriguez-Salvador, M. (56315340600)","58569157800; 55251722900; 57193452139; 14822402500; 56315340600","Evaluation of Decentralized Manufacturing via System Dynamics Simulation: A Review of the State-of-the-art","2023","PICMET 2023 - Portland International Conference on Management of Engineering and Technology: Managing Technology, Engineering and Manufacturing for a Sustainable World, Proceedings","","","","","","2","10.23919/PICMET59654.2023.10216824","https://www.scopus.com/pages/publications/85170385298?origin=resultslist","The global economy is undergoing radical and accelerated transformation owing to technological, social, economic, environmental, and political forces. To adapt to a constantly changing business landscape especially in mature and emerging economies, one alternative available to producers of tangible goods is decentralized manufacturing. When the cost, quality, logistics, and risk factors permit, organizations could spread out, aka decentralize, their production processes locally and/or closer to the customer's location thereby servicing customer expectations better through, among other things, quicker order fulfillment. Given its ostensible potential benefits, Decentralized Manufacturing needs to be evaluated more, but given its relative recency, data on its adoption and impact is correspondingly scarce. System Dynamics (SD) simulation offers a robust method to transcend data scarcity issues to evaluate a system holistically. This study provides a review of the state-of-the-art of the intersection of Decentralized Manufacturing and SD that we hope will lay the foundations for further studies on a deeper understanding of Decentralized Manufacturing and its large-scale adoption.  © 2023 PICMET (Portland International Center for Management of Engineering and Technology(.","Conference paper","Final","","Scopus","2-s2.0-85170385298"
"Li L.-Q.; Zhou X.-G.; Li H.-L.","Li, Li-Qing (55730840000); Zhou, Xiao-Gang (56168447700); Li, Hong-Lang (36986993700)","55730840000; 56168447700; 36986993700","Analysis on hospital competitiveness typical archetype of key variable-oriented based on system dynamics","2010","Proceedings - 3rd International Conference on Information Management, Innovation Management and Industrial Engineering, ICIII 2010","4","","5694858","105","109","2","10.1109/ICIII.2010.503","https://www.scopus.com/pages/publications/79951761290?origin=resultslist","In the paper, takes three-A level hospital in Jiangxi province as an example, based on the survey in the concrete hospital and systematic analysis on hospital actual situation, with the help of the literature review, research methodology and analytical framework of the competitiveness, the paper established the main influencing factors that acted on the hospital competitiveness, then on the basis of the influencing factors, built level-rate units of system dynamics and level variable-into-tree models based on standardized modeling method - in-trees archetype generating set method. At the same time the paper qualitatively analyzed feedback dynamics complex relationship between all influencing factors, constructed some typical feedback archetypes. Then classified all the archetypes into four groups according to the key variable, and built limit-to-growth archetypes that in accordance with the actual situation of Jiangxi three-A level comprehensive hospital, and proposed targeted countermeasures. © 2010 IEEE.","Conference paper","Final","","Scopus","2-s2.0-79951761290"
"Gou X.; Liu H.; Qiang Y.; Lang Z.; Wang H.; Ye D.; Wang Z.; Wang H.","Gou, Xiaoqing (57272757100); Liu, Hui (56862382200); Qiang, Yujie (57368385600); Lang, Zhihui (57219605077); Wang, Haining (57196427414); Ye, Dong (56799808200); Wang, Zhiwen (57719539500); Wang, Han (57221610464)","57272757100; 56862382200; 57368385600; 57219605077; 57196427414; 56799808200; 57719539500; 57221610464","In-depth analysis on safety and security research based on system dynamics: A bibliometric mapping approach-based study","2022","Safety Science","147","","105617","","","36","10.1016/j.ssci.2021.105617","https://www.scopus.com/pages/publications/85120856999?origin=resultslist","Safety and security (SS) research based on system dynamics (SD) play a greater theoretical and technical support for hazard identification and accident prevention, which meant SD has become an important method to study the system safety, also that SS research based on SD has entered the application stage. It is a relatively macroscopic understanding of the application of SD to SS research by scholars, and difficult to capture the changes and characteristics of specific topics from the understanding. To get an in-depth understanding of the current research characteristics and development in the research domain, and help researchers dig into the more information from a quantitative perspective, we retrieved 1091 documents about SS-related research based on SD published in the period 2000–2020 from the Web of Science Core Collection database in this paper, the bibliometric analysis and science mapping were carried out. The USA, China, UK, Germany and Australia were the five most contributions to the literature associated with SS research based on SD. In terms of the major sources and co-citation of SS-related research publications, IEEE Transactions on Power System, Safety Science, Energy Policy, System Dynamics Review and Reliability Engineering & System Safety are the five most active journals in this domain. The knowledge base of SS research based on SD focuses on “safety management”, “risk analysis” and “network and information security”. There are some significant differences between the safety and security domains while they are very similar in “risk analysis”. Currently, hotspot topics include “safety management”, “energy security”, “resource utilization” and “industry applications”. “system safety and reliability”, “energy consumption and security” and “power system dynamics and stability” have become the research frontier in the field. © 2021 Elsevier Ltd","Article","Final","","Scopus","2-s2.0-85120856999"
"Tran T.-A.; Ruppert T.; Eigner G.; Abonyi J.","Tran, Tuan-Anh (57219840077); Ruppert, Tamás (57203063137); Eigner, György (55903781000); Abonyi, János (7003663899)","57219840077; 57203063137; 55903781000; 7003663899","Conceptual qualitative system dynamics model for simulation of perceived workload, stress and performance from industrial work content","2026","PLOS ONE","21","5 May","e0347030","","","0","10.1371/journal.pone.0347030","https://www.scopus.com/pages/publications/105037731048?origin=resultslist","Workload and psychological stress, which industrial workers perceived as stressors, affected their performance after they were exposed to the work content. A model simulating the stress-performance of a working individual is a beneficial tool for work task design and production management, enabling long-term Human Resource Development. Current models and concepts lack the construction of work-content components, human centricity, and the mechanism of stress transformation and effect; therefore not able to reproduce subtle human behaviors. This paper formulates this problem with a multi-disciplinary literature review, and proposes a conceptual qualitative system dynamics model to simulate the stress and performance of workers in a given work environment and conditions. By replicating the changes in work content with associated effects, human-centric solutions and interventions can be designed. A use case in the Vensim environment with different simulated scenarios returned behavior and tendency in the outputs that aligned with phenomena reported in relevant studies. The model enables analysis of human factors in complex manufacturing systems, especially the effect of work content on individual workload-stress perception, benefiting future development of Human Digital Twins. This research calls for experiments and clinical trials to strengthen the existing associations between model factors and more effort for developing realistic mechanisms for modeling human factors in Industry 5.0. Copyright: © 2026 Tran et al. This is an open access article distributed under the terms of the Creative Commons Attribution License, which permits unrestricted use, distribution, and reproduction in any medium, provided the original author and source are credited.","Article","Final","All Open Access; Gold Open Access; Green Open Access","Scopus","2-s2.0-105037731048"
"Aguiar A.","Aguiar, Anaely (57219381080)","57219381080","The role of systematic reviews in the system dynamics modelling process","2020","Systems Research and Behavioral Science","37","6","","892","895","0","10.1002/sres.2758","https://www.scopus.com/pages/publications/85099375728?origin=resultslist","[No abstract available]","Article","Final","All Open Access; Green Open Access","Scopus","2-s2.0-85099375728"
"Li L.; Zheng Z.; Mo Q.; Ma X.","Li, Liwei (57226546525); Zheng, Zhong (57226546743); Mo, Quanli (58967875600); Ma, Xiaofei (58928065400)","57226546525; 57226546743; 58967875600; 58928065400","System Dynamics Modeling for Contactless Delivery Strategy of Medical Supplies","2024","Advances in Transdisciplinary Engineering","48","","","374","386","0","10.3233/ATDE231348","https://www.scopus.com/pages/publications/85189284973?origin=resultslist","The contactless delivery of drugs under the novel coronavirus pneumonia epidemic has become one of the main research trends. In this paper, an optimization model of contactless distribution of drugs under the epidemic is constructed based on the system dynamics simulation, considering the medical prescriptions of spare drugs in the cabin and the workflow of contactless drug distribution by unmanned vehicles. Finally, the model and algorithm are validated by taking the drug delivery of Wuhan city mobile cabin hospital under the new coronavirus pneumonia epidemic as an example. By adjusting the parameters and continuously simulating and optimizing, we study the use of contactless technology in drug distribution in mobile cabin hospital, clarify the practical value of the technology, and analyze the distribution efficiency, distribution cost and inventory changes before and after its use. The results show that the model constructed in this paper takes into account the time delay caused by quarantine and disinfection in distribution, which can more realistically reflect the distribution scenarios and influencing factors in the hospital environment, reasonably plan the unmanned vehicle scheduling work, and maximize the benefits of the contactless drug distribution system.  © 2024 The Authors.","Conference paper","Final","All Open Access; Gold Open Access","Scopus","2-s2.0-85189284973"
"Ghaisani A.D.; Subroto A.","Ghaisani, Ajrina Diva (57207842436); Subroto, Athor (57207848140)","57207842436; 57207848140","The model of craft subsector's development within Indonesia's creative industry: A system dynamics approach","2018","Proceedings of the 32nd International Business Information Management Association Conference, IBIMA 2018 - Vision 2020: Sustainable Economic Development and Application of Innovation Management from Regional expansion to Global Growth","","","","2622","2636","1","","https://www.scopus.com/pages/publications/85063059906?origin=resultslist","The creative industry is one of the industries in Indonesia that has great potential to develop. Through the uniqueness of Indonesia's culture and its geographic uniqueness, Craft subsector in the creative Industry is one of the sub-sectors that have the central role in the economic growth of the creative industry. However, along with the development of technology and market demand, actors in the craft industry is still facing some of the problems in its business development. The purpose of this paper to analyze the problems and to find solutions for craft subsector in the creative industry in Indonesia, through the system dynamics approach, this method will analyse what variables that play a role in the craft industry ecosystem through primary and secondary data which are collected from literature review, statistic data and in-depth interview. The paper also considers some scenarios which possibly can boost up the development of this industry, at the end of this paper, can be known that the best scenario is to lower the raw material price, the government may provide kind of subsidy for this industry through the raw material price. Copyright © 2018 International Business Information Management Association (IBIMA).","Conference paper","Final","","Scopus","2-s2.0-85063059906"
"Michail M.; Waring J.; Occhipinti J.-A.; Witt K.; Skinner A.; Lamblin M.; Veresova M.; Kartal D.; Robinson J.","Michail, Maria (26665573600); Waring, Justin (55530919200); Occhipinti, Jo-An (56268300100); Witt, Katrina (55597872600); Skinner, Adam (57211686695); Lamblin, Michelle (57204647912); Veresova, Maria (57579639400); Kartal, Dzenana (57105374000); Robinson, Jo (7405865817)","26665573600; 55530919200; 56268300100; 55597872600; 57211686695; 57204647912; 57579639400; 57105374000; 7405865817","An evaluation of the feasibility, value and impact of using participatory modelling to inform the development of a regional system dynamics model for youth suicide prevention","2025","Health Research Policy and Systems","23","1","88","","","3","10.1186/s12961-025-01360-6","https://www.scopus.com/pages/publications/105009544007?origin=resultslist","Background: Suicide remains a leading cause of death for young Australians. We need robust analytical tools to help us understand and respond to the dynamic complexity underlying suicide and suicidal behaviour. Participatory systems modelling leverages empirical data together with the experiential knowledge of stakeholders to inform model building, evaluation, and implementation. Efforts to evaluate collaborative deliberative processes such as participatory system modelling remain sparse. The aim of this study was to evaluate the feasibility, value and impact of adopting a participatory systems modelling approach for developing a youth suicide prevention system dynamics model in North-West Melbourne, Australia. Methods: Three participatory workshops were conducted with an expert stakeholder group including young people with lived and living experience of self-harm/suicidal behaviour, family members, healthcare professionals, and policy-makers. Data collection was informed by an evaluation framework, including (i) briefing questionnaires, (ii) workshop recordings and field notes and (iii) evaluation questionnaires. Data from each source were analysed separately, using codebook and reflexive thematic analysis, and synthesized to identify patterns in meaning and broad concepts under the evaluation categories of feasibility, value and impact. Results: We found that the feasibility of undertaking an inclusive and accessible participatory systems modelling project was influenced by stakeholder cultural diversity, meaningful involvement of those with lived and living experience, accessibility of technical aspects of modelling and managing group dynamics. The value of adopting a participatory approach in developing a complex systems model was demonstrated in the collaborative learning that took place between the expert stakeholder group and the research team. Central to this was the experiential knowledge of young people who helped shape our understanding of the contextual drivers of self-harm and suicidal behaviour. Stakeholders’ knowledge of the regional health system informed the structure, logic and assumptions of the systems model. Conclusions: This is one of very few evaluations of a participatory systems modelling project involving young people with lived and living experience of self-harm/suicidal behaviour and bereaved families. Our study offers novel theoretical and practical insights into the processes adopted to ensure the safe and inclusive involvement of diverse perspectives in developing a youth suicide prevention system dynamics model. © The Author(s) 2025.","Article","Final","All Open Access; Gold Open Access; Green Open Access","Scopus","2-s2.0-105009544007"
"Kortum W.; Schiehlen W.","Kortum, W. (6701735287); Schiehlen, W. (7006037476)","6701735287; 7006037476","General Purpose Vehicle System Dynamics Software Based on Multibody Formalisms","1985","Vehicle System Dynamics","14","4-6","","229","263","51","10.1080/00423118508968833","https://www.scopus.com/pages/publications/84972925037?origin=resultslist","This paper pursues two objectives: Firstly, to review the state-of-the-art of general purpose vehicle system dynamics software and secondly, to describe two representatives, the program MEDYNA and the program NEWEUL. The general modeling requirements for vehicle dynamics software, the multibody system approach and a comparative discussion of multibody software are given. The two programs NEWEUL and MEDYNA are described with respect to modeling options, computational methods, software engineering as well as their interfaces to other software. The applicability of these programs is demonstrated on two selected examples, one from road vehicle problems and the other from wheel/rail dynamics. It is concluded that general purpose software based on multibody formalisms will play the same role for mechanical systems, especially vehicle systems, as finite element methods play for elastic structures. © 1985, Taylor & Francis Group, LLC. All rights reserved.","Article","Final","","Scopus","2-s2.0-84972925037"
"Homayounfar M.; Kamali-Chirani F.; Chobar A.P.; Daneshvar A.","Homayounfar, Mahdi (57687085100); Kamali-Chirani, Faezeh (59969900100); Chobar, Adel Pourghader (57383397700); Daneshvar, Amir (57226774952)","57687085100; 59969900100; 57383397700; 57226774952","Modeling the resilience of startups in the COVID-19 pandemic using the system dynamics approach","2025","Journal of Safety Science and Resilience","6","3","100185","","","8","10.1016/j.jnlssr.2024.10.004","https://www.scopus.com/pages/publications/105009511946?origin=resultslist","The COVID-19 pandemic has profoundly impacted startups, disrupting operations, consumer behavior, and market dynamics. Addressing these challenges necessitates an in-depth analysis of startups' vulnerabilities and the development of effective strategies to bolster their resilience and sustainability. This study introduces a combined thematic analysis and system dynamics approach to enhance startups' resilience during the pandemic. A qualitative thematic analysis was employed to identify the key factors influencing resilience. Semi-structured interviews with 12 experts provided data categorized into 21 themes across four dimensions: team, founder, human resources, and startup characteristics. Building on the qualitative phase, a system dynamics model was developed, comprising 32 auxiliary variables, five flow variables, four constants, and four stock variables. Four scenarios were devised to evaluate resilience within this model, reflecting varying degrees of financial strength, government support, and crisis management improvements. The results highlight the effectiveness of Scenario 4, which achieved the highest resilience improvement, driven by a 5 % increase in financial strength, a 5 % increase in government support, and a 10 % enhancement in crisis management. These findings offer critical insights for stakeholders and researchers seeking to strengthen startup resilience during crises. © 2025","Article","Final","All Open Access; Gold Open Access; Green Open Access","Scopus","2-s2.0-105009511946"
"Kaggwa M.; Steyn J.L.; Pouris A.","Kaggwa, Martin (22941102700); Steyn, Jasper L. (7006182322); Pouris, Anastassios (6602704871)","22941102700; 7006182322; 6602704871","Modeling effects of incentives for industry competitiveness using a system dynamics approach","2012","International Journal of Innovation and Technology Management","9","2","12500113","","","1","10.1142/S0219877012500113","https://www.scopus.com/pages/publications/84899843644?origin=resultslist","Investment in state of the art machinery and tooling and in R&D is widely seen as a prerequisite for achieving industry competitiveness in the long term. Investment-based incentives that countries provide for these inputs are perceived as a way of supporting industry competitiveness. Despite this being a global phenomenon, there is no formal process to guide the offer of these incentives. The process of designing such incentives is often based on internalized judgment rather than on formal models making it difficult to assess such interventions objectively and to improve on them. Specific to South Africa, the offer of incentives to the automotive industry to support its competitiveness has had mixed results. In particular, investment in R&D has remained minimal. The paper presents a system dynamics model as a proposed instrument in formalizing the offer of incentives, applied to the South African government's offer of incentives to the automotive manufacturing sector. The model was developed from qualitative and quantitative information on how the incentives had been structured. Simulations of the model reveal that the incentives model, as a stand-alone intervention, had a significant and positive effect on industry investment, but had no specific policy lever to direct investment into R&D and subsequent innovative activities. By this measure, the incentives model has not been a strong policy framework for supporting long-term industry competitiveness. © 2012 World Scientific Publishing Company.","Article","Final","","Scopus","2-s2.0-84899843644"
"Kunc M.; Mortenson M.J.; Vidgen R.","Kunc, Martin (22951387000); Mortenson, Michael J. (56442507000); Vidgen, Richard (6603402952)","22951387000; 56442507000; 6603402952","A computational literature review of the field of System Dynamics from 1974 to 2017","2018","Journal of Simulation","12","2","","115","127","56","10.1080/17477778.2018.1468950","https://www.scopus.com/pages/publications/85047247619?origin=resultslist","System Dynamics celebrated its 60th anniversary in 2017. While there have been numerous special issues in diverse journals that bring together work by System Dynamics scholars who share similar research interests, there have been no systematic reviews of scholarly activity across the broad field. This paper presents a computational literature review of the field from 1974 to 2017. A CLR automates the analysis of research articles with analysis of content (topic modelling of abstracts) to identify emergent themes in the literature. We performed a broad review of the field by initially searching using the term “System Dynamics” with more than 8000 articles. However, the results obtained were not satisfactory so we decided to restrict our sample to less than 800 articles from recognised journals and proceedings. After evaluation of the results obtained from topic modelling, we decided to use 51 topics covering most of the articles in our sample. A list of 51 topics provides enough granularity to identify relevant patterns of activity within the community of System Dynamics scholars. For each of these 51 topics, we present a commentary on the key insights obtained. © 2018 Operational Research Society.","Article","Final","","Scopus","2-s2.0-85047247619"
"Liu H.; Yan W.","Liu, Hanyu (58896182900); Yan, Wanglin (59677628700)","58896182900; 59677628700","System Dynamics in the Urban Food–Water–Energy Nexus: A Systematic Review","2026","Urban Nexus Approach for Sustainable Cities: Principles, Methods and Applications","","","","75","94","0","10.1007/978-981-95-6156-8_4","https://www.scopus.com/pages/publications/105044748696?origin=resultslist","The food–energy–water (FEW) nexus provides a critical framework for analyzing complex interdependencies within urban resource system, while the inherent complexity of urban system presents significant challenges for effective management and policy formulation. System dynamics (SD) modeling is widely applied to capture the complex interactions among urban systems. However, its application in urban FEW nexus research remains limited, with notable gaps such as the lack of post-modeling optimization analyses and insufficient integration of spatial dimensions. Therefore, this study reviews existing SD models applied to the urban FEW nexus, synthesizing their structures and applications and discussing future directions for model development. The systematic review of 179 journal articles reveals that although urban FEW management is the most frequently addressed theme, research in this field remains fragmented. Keywords clusters analysis highlights dominant research clusters focused on water management and energy–carbon modeling, while also exposing underexplored areas such as spatial modeling, household-scale analysis, and cross-sector integration. Scenario analysis emerges as the most widely adopted post-modeling approach, followed by sensitivity analysis. These findings inform the discussion on an ideal system dynamics modeling framework for the urban FEW nexus, emphasizing spatial–temporal perspectives, regional interdependencies, and post-modeling optimization. This study contributes to advancing FEW nexus understanding and supports the development of more effective tools for managing its complexities. © The Author(s), under exclusive license to Springer Nature Singapore Pte Ltd. 2026.","Book chapter","Final","","Scopus","2-s2.0-105044748696"
"Wilczak J.M.; Kirk-Davidoff D.B.; Bloomfield H.; Bracken C.; Sharp J.","Wilczak, James M. (7004499877); Kirk-Davidoff, Daniel B. (6603021857); Bloomfield, Hannah (57192875643); Bracken, Cameron (55200873000); Sharp, Justin (7401915328)","7004499877; 6603021857; 57192875643; 55200873000; 7401915328","Wind and solar energy droughts: Potential impacts on energy system dynamics and research needs","2025","Journal of Renewable and Sustainable Energy","17","2","022301","","","19","10.1063/5.0253058","https://www.scopus.com/pages/publications/105003931972?origin=resultslist","This Perspective article provides a brief overview of the topic of wind and solar energy droughts (henceforth WSDs). It does not attempt to provide a complete literature review of the subject but rather highlights some of the main concepts associated with WSDs. These include wind and solar energy drought definitions and metrics; meteorological conditions producing WSDs; a comparison of their characteristics with hydrologic droughts and hydropower droughts; model-based and observational datasets useful for WSD analyses; the linkage of WSDs to transmission, storage, and demand response; the potential impacts of WSDs vs energy demand variations; wind and solar flood events; WSD predictability; WSD dependency on climate modes of variability; climate change impacts on WSDs; and the special challenge of evaluating the characteristics of WSDs in developing countries that have limited historical data available. Finally, the manuscript identifies research areas that the authors believe would provide immediate benefit to energy system planners. © 2025 Author(s).","Article","Final","All Open Access; Green Open Access; Hybrid Gold Open Access","Scopus","2-s2.0-105003931972"
"Cunha L.R.A.; dos Santos J.R.; Leiras A.","Cunha, Luiza Ribeiro Alves (57201075384); dos Santos, Joaquim Rocha (59158049200); Leiras, Adriana (21934110800)","57201075384; 59158049200; 21934110800","Disaster Influencing Migratory Movements: A System Dynamics Analysis","2021","Springer Proceedings in Mathematics and Statistics","367","","","265","277","2","10.1007/978-3-030-78570-3_20","https://www.scopus.com/pages/publications/85115147368?origin=resultslist","The number of migrants, refugees, and asylum seekers have dramatically increased in the past few years as a result of instability, socio-economic crises, and natural and human-made disasters. This growth of migratory movements has attracted the attention of academics interested in social-impact oriented research. In this context, this paper proposes a causal loop diagram to analyze the influence of disasters in migratory movements. Based on a systematic literature review (SLR) encompassing the system dynamics method, we identify variables that relate disasters and migratory movements. Thus, we contribute to the literature by proposing a taxonomy (list of variables) and a framework (a causal loop diagram) to support decision-makers in operations management resolutions. © 2021, The Author(s), under exclusive license to Springer Nature Switzerland AG.","Conference paper","Final","","Scopus","2-s2.0-85115147368"
"Hoeke S.; van Wijnen J.; Krikke H.; Löhr A.J.; Ragas A.M.J.","Hoeke, Sya (58856654900); van Wijnen, Jikke (53867322400); Krikke, Harold (23094207900); Löhr, Ansje J (8271904200); Ragas, Ad M J (55939218100)","58856654900; 53867322400; 23094207900; 8271904200; 55939218100","A system dynamics model for evaluating tire wear particle mitigation strategies","2026","Integrated Environmental Assessment and Management","22","4","","1145","1158","0","10.1093/inteam/vjag021","https://www.scopus.com/pages/publications/105043860336?origin=resultslist","Tire wear particles are a major source of microplastic emissions, making effective mitigation an urgent topic. Mitigation strategies are complex, as they involve multiple dimensions, trade-offs, and potential unintended consequences. To address this, we developed a system dynamics model to predict the environmental release of tire wear particles and evaluate the impact of intervention strategies, parameterized for the Netherlands. By including both key and secondary impact indicators, the model allows assessment not only of the environmental tire wear particle release but also of broader consequences such as road safety and carbon dioxide emissions. The model was constructed through a combination of literature review, expert consultation, and stakeholder engagement, which enhanced both the model structure and its practical relevance. Backcasting and validation confirmed its structural and behavioral soundness. Two hypothetical policy scenarios illustrate the model’s ability to explore system-wide effects and identify effective interventions. Although developed for the Netherlands, the approach is transferable to other regions, providing a flexible tool for analyzing mitigation strategies. Methodologically, the study demonstrates how system dynamics can be applied to complex microplastic challenges by integrating technical modeling with social dimensions, such as mobility trends and driving behavior. In practice, the model can provide a foundation for stakeholders to systematically compare and evaluate tire wear particle mitigation strategies. © The Author(s) 2026. Published by Oxford University Press on behalf of the Society of Environmental Toxicology and Chemistry. This is an Open Access article distributed under the terms of the Creative Commons Attribution License (https://creativecommons.org/licenses/by/4.0/), which permits unrestricted reuse, distribution, and reproduction in any medium, provided the original work is properly cited.","Article","Final","All Open Access; Green Open Access; Hybrid Gold Open Access","Scopus","2-s2.0-105043860336"
"Jovičić M.; Mačužić I.; Vukićević A.; Demichela M.","Jovičić, Miloš (57413736400); Mačužić, Ivan (24465612600); Vukićević, Arso (55568836700); Demichela, Micaela (6602178643)","57413736400; 24465612600; 55568836700; 6602178643","ENTERPRISE STRESS TESTING WITH SYSTEM DYNAMICS: A STATE OF RESEARCH AND CHALLENGES","2019","Proceedings on Engineering Sciences","1","2","","65","72","1","10.24874/PES01.02.008","https://www.scopus.com/pages/publications/85122858355?origin=resultslist","The paper is to analyse opportunities and limitations of making numerical simulations of the behaviour of non-financial enterprises; the examined models are intended to fit the requirements of risk technics like stress testing. This kind of a model needs to be universal and agile in its use for different enterprises of different sizes, and all of this to a sufficient degree since some industries are highly differentiated from the others. The paper will examine these challenges true the scope of system dynamics modelling, however the paper is to examine the right heuristics where this kind of modelling can be done with different approaches. The goal of this paper is differentiated from the conventional approaches in its pursuit to proposing a model that is adapted for the risk technic, not the other way around. The paper will conduct an observation upon an un-investigated and neglected concept in the world of risk management; which is the development of stress testing analysis for the non-financial sector true a simulation method like system dynamics. © 2019, Faculty of Engineering, University of Kragujevac. All rights reserved.","Article","Final","All Open Access; Gold Open Access; Green Open Access","Scopus","2-s2.0-85122858355"
"Xie T.; Liu W.; Anderson B.D.; Liu X.; Gray G.C.","Xie, Tai (57193238009); Liu, Wenbao (57148890700); Anderson, Benjamin D. (57424654200); Liu, Xiaorong (57206737868); Gray, Gregory C. (16425441400)","57193238009; 57148890700; 57424654200; 57206737868; 16425441400","A system dynamics approach to understanding the One Health concept","2017","PLoS ONE","12","9","e0184430","","","55","10.1371/journal.pone.0184430","https://www.scopus.com/pages/publications/85028972750?origin=resultslist","There have been many terms used to describe the One Health concept, including movement, strategy, framework, agenda, approach, among others. However, the inter-relationships of the disciplines engaged in the One Health concept have not been well described. To identify and better elucidate the internal feedback mechanisms of One Health, we employed a system dynamics approach. First, a systematic literature review was conducted via searches in PubMed, Web of Knowledge, and ProQuest with the search terms: ‘One Health’ and (concept* or approach*). In addition, we used the HistCite® tool to add significant articles on One Health to the library. Then, of the 2368 articles identified, 19 were selected for evaluating the inter-relationships of disciplines engaged in One Health. Herein, we report a visually rich, theoretical model regarding interactions of various disciplines and complex problem descriptors engaged in One Health problem solving. This report provides a conceptual framework for future descriptions of the interdisciplinary engagements involved in One Health. © 2017 Xie et al. This is an open access article distributed under the      terms      of the Creative Commons Attribution License, which permits unrestricted use,      distribution,      and reproduction in any medium, provided the original author and source      are      credited.","Article","Final","All Open Access; Gold Open Access; Green Open Access","Scopus","2-s2.0-85028972750"
"Tsai M.-H.; Chen W.-H.; Wang C.-T.","Tsai, Mei-Hsiang (60685466100); Chen, Wei-Hung (57202006662); Wang, Chun-Tai (60685289400)","60685466100; 57202006662; 60685289400","Dynamic Relationships in Circular Economy Systems: An Integrated Perspective of Resource-Based View, Stakeholder Theory, and System Dynamics","2026","Sustainability (Switzerland)","18","11","5235","","","0","10.3390/su18115235","https://www.scopus.com/pages/publications/105041432409?origin=resultslist","As global resource depletion and environmental challenges continue to intensify, the circular economy has emerged as a critical strategy for firms pursuing sustainable development. This study integrates the perspectives of circular economy, the resource-based view (RBV), and stakeholder theory, and incorporates a system dynamics approach to construct a causal feedback model of circular economy systems. First, through a comprehensive literature review and systems thinking, this study develops a causal loop diagram (CLD) that captures the dynamic interactions among key elements, including firms, resources, design, products, consumers, recycling, and waste, thereby illustrating the underlying mechanisms of circular economy operations. Subsequently, the CLD is transformed into a structural equation model (SEM), and empirical analysis is conducted using 134 valid questionnaire responses. The results indicate that significant and positive causal relationships exist among the constructs. In particular, resource-based design advantage is identified as the core driving factor of the system, influencing waste reduction through circular recycling and resource circulation mechanisms. Moreover, the interaction between reinforcing feedback loops and balancing feedback loops forms a dynamic equilibrium within the circular economy system. The findings not only validate the theoretical framework of circular economy systems but also provide practical implications for firms in terms of resource allocation, product design, and recycling management, thereby facilitating resource circulation and sustainable development. © 2026 by the authors.","Article","Final","All Open Access; Gold Open Access","Scopus","2-s2.0-105041432409"
"Tiruvengadam N.; Elizondo-Noriega A.; Gemes-Castorena D.; Beruvides M.G.","Tiruvengadam, N. (57193452139); Elizondo-Noriega, A. (55251722900); Gemes-Castorena, D. (14822402500); Beruvides, M.G. (6701413708)","57193452139; 55251722900; 14822402500; 6701413708","Opportunities for System Dynamics Implementation in Project Management Evaluation","2022","PICMET 2022 - Portland International Conference on Management of Engineering and Technology: Technology Management and Leadership in Digital Transformation - Looking Ahead to Post-COVID Era, Proceedings","","","","","","5","10.23919/PICMET53225.2022.9882860","https://www.scopus.com/pages/publications/85139162178?origin=resultslist","Project Management (PM) provides a framework to employ, track, and control the organizational resources required to undertake a project and manage all its associated attributes like risks and costs. However, oftentimes, practitioners head into projects without a clear foresight into the cost overruns and schedule delays that are caused by the various inherent risks. System Dynamics (SD) is a powerful tool to model a complex system and the interdependencies of its parts that can help identify such intrinsic risks and their time-delayed impacts especially on project-related expenses, thereby helping PM practitioners use capital effectively. With the intent of exploring one part of this vast intersectionality between PM and SD, from a very specific end-objective of assessing only literature with published SD models, a State-of-the-Art (SAM) analysis of the extant literature was carried out to determine the trends in the research in this space and identify opportunity areas. First, peer-reviewed articles were systematically collected and classified per the PRISMA-P protocol, which also enabled generation of descriptive statistics and trend analysis. Following this, a SAM analysis of the gathered articles was carried out. The preliminary results confirmed the growth of use of SD within the PM space but also highlighted the limited availability of actual SD models modeling PM issues, thereby establishing the scope more such studies. Among the identified studies with published SD models, none was found employing the concept of isomorphism (similarity between systems of different origins) to simulate complex projects or any SD archetype © 2022 PICMET.","Conference paper","Final","","Scopus","2-s2.0-85139162178"
"Kaur G.; Kander R.","Kaur, Gurinder (58446548700); Kander, Ronald (7003795933)","58446548700; 7003795933","Supply Chain Simulation of Manufacturing Shirts Using System Dynamics for Sustainability","2023","Sustainability (Switzerland)","15","21","15353","","","5","10.3390/su152115353","https://www.scopus.com/pages/publications/85199232288?origin=resultslist","In supply chain management (SCM), goods and services flow from the raw materials stage to the end user with complexities and uncertainty at each stage. Computer modeling and simulation is a particularly useful method to examine supply chain operational issues because it can solve operational complexities that are challenging and time consuming to analyze. Manufacturing companies fear losing valuable time and assets during the manufacturing process; the inaccurate estimation of raw materials, human capital, or physical infrastructure not only leads to monetary loss for the manufacturing unit, but also has a detrimental effect on the environment. The purpose of this paper is to demonstrate that system dynamics modeling (SDM) in sustainable supply chain management (SSCM) can be applied to apparel manufacturing to optimize materials, labor, and equipment usage. Utilizing system dynamics (SD), the manufacturing unit can improve sustainability by reducing materials, labor, and equipment usage, which in turn reduces energy use. In our literature review, we did not identify any study addressing supply chain simulation of the manufacturing of shirts using SDM. We chose shirt manufacturing to demonstrate the model because of its relatively simple manufacturing process. In our study, we conclude that SDM simulation is an efficient way to optimize materials, labor, and equipment in apparel manufacturing. This leads to a more sustainable manufacturing process, as the model simulates different manufacturing supply chain scenarios in a risk-free environment, thereby minimizing waste and resources. Further, the outputs from the STELLA® model can be used as inputs into a subsequent life cycle assessment (LCA) model to determine the quantitative environmental impacts. © 2023 by the authors.","Article","Final","All Open Access; Gold Open Access; Green Open Access","Scopus","2-s2.0-85199232288"
"Li L.-Q.; Jiang M.","Li, Li-Qing (55730840000); Jiang, Ming (54395532900)","55730840000; 54395532900","Analysis on key variable-oriented typical archetype of high college and university competitiveness based on system dynamics","2011","2011 IEEE 18th International Conference on Industrial Engineering and Engineering Management, IE and EM 2011","","PART 3","6035473","1636","1639","3","10.1109/ICIEEM.2011.6035473","https://www.scopus.com/pages/publications/80155193009?origin=resultslist","In the paper, takes high college and university in Jiangxi province as an example, based on the survey in the targeted high college and university and systematic analysis on the high college and university actual situation, with the help of the literature review, research methodology and analytical framework of the competitiveness, the paper established the eight influencing factors that acted on high college and university competitiveness, according to the theory of system dynamics, built level-rate units of system dynamics and eight level variable-into-tree models, and classified all the archetypes into four groups according to key influencing factors that play an important role in improving competitiveness of high college and university. At last, the paper built positive feedback archetypes that in accordance with the actual situation of high college and university, which reflect the feedback, dynamical and complicated relation between all influencing factors. © 2011 IEEE.","Conference paper","Final","","Scopus","2-s2.0-80155193009"
"Lacroix T.; Le Dé B.; Riva A.; Dunnett A.J.; Chin A.W.","Lacroix, Thibaut (57226756142); Le Dé, Brieuc (57218647109); Riva, Angela (58757336900); Dunnett, Angus J. (57219791465); Chin, Alex W. (20733377800)","57226756142; 57218647109; 58757336900; 57219791465; 20733377800","MPSDynamics.jl: Tensor network simulations for finite-temperature (non-Markovian) open quantum system dynamics","2024","Journal of Chemical Physics","161","8","084116","","","20","10.1063/5.0223107","https://www.scopus.com/pages/publications/85202767876?origin=resultslist","The MPSDynamics.jl package provides an easy-to-use interface for performing open quantum systems simulations at zero and finite temperatures. The package has been developed with the aim of studying non-Markovian open system dynamics using the state-of-the-art numerically exact Thermalized-Time Evolving Density operator with Orthonormal Polynomials Algorithm based on environment chain mapping. The simulations rely on a tensor network representation of the quantum states as matrix product states (MPS) and tree tensor network states. Written in the Julia programming language, MPSDynamics.jl is a versatile open-source package providing a choice of several variants of the Time-Dependent Variational Principle method for time evolution (including novel bond-adaptive one-site algorithms). The package also provides strong support for the measurement of single and multi-site observables, as well as the storing and logging of data, which makes it a useful tool for the study of many-body physics. It currently handles long-range interactions, time-dependent Hamiltonians, multiple environments, bosonic and fermionic environments, and joint system-environment observables. © 2024 Author(s).","Article","Final","All Open Access; Green Open Access","Scopus","2-s2.0-85202767876"
"Faham E.; Rezvanfar A.; Movahed Mohammadi S.H.; Rajabi Nohooji M.","Faham, Elham (24447760700); Rezvanfar, Ahmad (16029321800); Movahed Mohammadi, Seyed Hamid (57201135855); Rajabi Nohooji, Meisam (57196076228)","24447760700; 16029321800; 57201135855; 57196076228","Using system dynamics to develop education for sustainable development in higher education with the emphasis on the sustainability competencies of students","2017","Technological Forecasting and Social Change","123","","","307","326","103","10.1016/j.techfore.2016.03.023","https://www.scopus.com/pages/publications/85031741882?origin=resultslist","In response to growing concerns of the community about sustainability challenges and the intensification of the international calls to move towards a sustainable future, higher education should be involved in implementing the programs of education for sustainable development; because of this fact that University graduates are part of this solution as future leaders and inheritors of technology. In this study, the underlying research question is: What mechanisms are needed to develop education for sustainable development in higher education with the emphasis on the sustainability competencies of students? The research method was system dynamics. Therefore, we used a mix method research design. Tools of research included the literature review, questionnaire, interview, and observation. We developed a dynamic model to develop the education for sustainable development in higher education with the emphasis on the sustainability competencies of students. This model describes the research problem and predicts the behavior of model variables by simulating in the next 20 years. This model included 18 reinforcing and six balancing feedback loops. After ensuring the validity of the model, mechanisms were elicited from the model. Finally, we evaluated these mechanisms for finding the impacts on improving the problem. © 2016 Elsevier Inc.","Article","Final","","Scopus","2-s2.0-85031741882"
"Nesanır M.O.; Zenezini G.; Senvar O.; Ottaviani F.M.","Nesanır, Mustafa Ozan (58657180300); Zenezini, Giovanni (57188725218); Senvar, Ozlem (55535545200); Ottaviani, Filippo Maria (57219132458)","58657180300; 57188725218; 55535545200; 57219132458","A Literature Review on the Integration of System Dynamics and Machine Learning/Artificial Intelligence in Addressing Environmental Matters","2026","IFIP Advances in Information and Communication Technology","764 IFIPAICT","","","370","384","2","10.1007/978-3-032-03515-8_26","https://www.scopus.com/pages/publications/105015380250?origin=resultslist","Environmental challenges, such as climate change, energy inefficiency, emissions, and waste, pose significant threats to global sustainability. These issues are critical due to their impact on ecosystems, economies, and human health, necessitating innovative solutions. Despite extensive research, there is a gap in integrating system dynamics (SD) and machine learning/artificial intelligence (ML/AI) for holistic environmental management. This study addresses this gap by reviewing literature from 2014–2024 that combines SD’s feedback-driven modeling with ML/AI’s predictive and optimization capabilities. The findings reveal that this hybrid approach enhances long-term planning and decision-making in areas like waste, water, and energy management, though its application remains limited, highlighting opportunities for broader adoption. © IFIP International Federation for Information Processing 2026.","Conference paper","Final","All Open Access; Hybrid Gold Open Access","Scopus","2-s2.0-105015380250"
"Hu X.; Ye L.","Hu, Xiaolan (57723314900); Ye, Lei (58587168400)","57723314900; 58587168400","System Dynamics Algorithm Guided Smart Agricultural Product Logistics Optimization","2023","6th International Conference on Inventive Computation Technologies, ICICT 2023 - Proceedings","","","","686","691","1","10.1109/ICICT57646.2023.10134070","https://www.scopus.com/pages/publications/85163483535?origin=resultslist","The existing research trend integrates modern information technologies such as the Internet, cloud computing, and also mobile communications into the construction of the agricultural product logistics system, and builds an integrated logistics system based on cloud logistics for the agriculture, goods, and commerce. Then, this paper discusses the system dynamics algorithm guided smart agricultural product logistics optimization. Smart logistics uses smart technology to realize the effective management of the smart logistics information systems, which is conducive to improving overall system optimization and decision-making capabilities. The proposed model has the two innovation aspects, namely: (1) relevant formulas are used to calculate the mutual influence relationship between the logistics industry and the regional economy based on the system dynamic model, the connection information is modelled. (2) the optimized logistics network is defined with network bi-level programming model. After the model design, the experiment under the different data sets are conducted. Through the comparison analysis, it can be seen that the designed model is efficient. © 2023 IEEE.","Conference paper","Final","","Scopus","2-s2.0-85163483535"
"Lin C.-H.; Tung C.-M.; Huang C.-T.","Lin, Chin-Huang (26663423700); Tung, Chiu-Mei (56658295600); Huang, Chih-Tai (37058286200)","26663423700; 56658295600; 37058286200","Elucidating the industrial cluster effect from a system dynamics perspective","2006","Technovation","26","4","","473","482","72","10.1016/j.technovation.2004.11.008","https://www.scopus.com/pages/publications/32044443383?origin=resultslist","This study applies the system dynamics (SD) methodology to explore factors affecting the industrial cluster effect, which is crucial in determining national and industrial competitive advantage. A literature review finds few studies that utilize SD to investigate factors affecting the industrial cluster effect. In a global business environment, competition is not just between individual companies and supply chains, but also among companies in regional clusters. The concept of SD, devised by Jay W. Forrester et al, helps mankind realize the variation of a complicated system, and perceive how an internal feedback loop within a system impacts whole system's behavior. This study establishes a dynamic model of various factors of industrial cluster effect through the causal loop diagram also known as the cause-and-effect chain. This study considers four important interactive dimensions of industrial competitiveness: manpower, technology, money, and market flows. This study also constructs a comprehensive causal loop diagram of the industrial cluster effect. All factors in the cause-and-effect chains influence positively the industrial cluster effect. The SD approach is adopted to analyze the complicated relationship of factors affecting industrial cluster effect. The SD approach is more effective than other methodologies. © 2005 Elsevier Ltd. All rights reserved.","Article","Final","","Scopus","2-s2.0-32044443383"
"Moradi A.; Vagnoni E.","Moradi, Afsaneh (57221132395); Vagnoni, Emidia (6506307691)","57221132395; 6506307691","A multi-level perspective analysis of urban mobility system dynamics: What are the future transition pathways?","2018","Technological Forecasting and Social Change","126","","","231","243","135","10.1016/j.techfore.2017.09.002","https://www.scopus.com/pages/publications/85029744316?origin=resultslist","Transport sector is one of the main contributors to air pollution, greenhouse gases and CO2 emissions, specifically in urban areas, and is the only sector that has not yet achieved sustainability objectives. Increasing concerns about emissions from the transport sector highlight the need for urgent actions for change to more sustainable systems that consider the needs of all social groups, be more affordable and less polluted. Transition studies focus on actions and plans used to change the current system to more sustainable ones, a radical shift in incremental steps. Multi-level perspective considers the transition as a nonlinear process of change resulted from the interactions of social and technological factors at different levels. While most studies focused on historical transition reviews or future pathways and scenarios, this paper is a study of current system as the change process is performed. The paper aimed at identifying the main mobility regimes and dynamics of low carbon mobility transitions to see what are the current pathways and most probable pathways in the scope of 2030 targets. A comprehensive review of related literature combined with stakeholder interviews in a qualitative data analysis process to see what the driving and restraining forces of transition process are and which innovations has the greater potential to get aligned in future mobility regimes. The paper contributed to transition studies through combining multi stakeholder and MLP approach for detailed investigation of passenger urban mobility transition dynamics. The results can also help urban mobility planners to know the factors that can help or challenge them in planning for more sustainable transport systems. © 2017 Elsevier Inc.","Article","Final","All Open Access; Green Open Access","Scopus","2-s2.0-85029744316"
"Baker P.; Brown A.D.; Wingrove K.; Allender S.; Walls H.; Cullerton K.; Lee A.; Demaio A.; Lawrence M.","Baker, Phillip (57219188612); Brown, Andrew D. (57201464558); Wingrove, Kate (56784321600); Allender, Steve (11639981600); Walls, Helen (24482778500); Cullerton, Katherine (56829678400); Lee, Amanda (55745595500); Demaio, Alessandro (37028179400); Lawrence, Mark (57202034119)","57219188612; 57201464558; 56784321600; 11639981600; 24482778500; 56829678400; 55745595500; 37028179400; 57202034119","Generating political commitment for ending malnutrition in all its forms: A system dynamics approach for strengthening nutrition actor networks","2019","Obesity Reviews","20","S2","","30","44","41","10.1111/obr.12871","https://www.scopus.com/pages/publications/85068133378?origin=resultslist","Generating political commitment for ending all forms of malnutrition represents a key challenge for the global nutrition community. Without commitment, the policies, programs, and resources needed to improve nutrition are unlikely to be adopted, effectively implemented, nor sustained. One essential driver of commitment is nutrition actor network (NAN) effectiveness, the web of individuals and organizations operating within a given country who share a common interest in improving nutrition and who act collectively to do so. To inform new thinking and action towards strengthening NAN effectiveness, we use a systems dynamics theoretical approach and literature review to build initial causal loop diagrams (CLDs) of political commitment and NAN effectiveness and a qualitative group model building (GMB) method involving an expert workshop to strengthen model validity. First, a “nutrition commitment system” CLD demonstrates how five interrelated forms of commitment—rhetorical, institutional, operational, embedded, and system-wide—can dynamically reinforce or diminish one another over time. Second, we present CLDs demonstrating factors shaping NAN effectiveness organized into three categories: actor features, resources, and capacities; framing strategies, evidence, and norms; and institutional, political, and societal contexts. Together, these models generate hypotheses on how political commitment and NAN effectiveness could be strengthened in future and may provide potential starting points for country-specific conversations for doing so. © 2019 World Obesity Federation","Article","Final","All Open Access; Bronze Open Access; Green Open Access","Scopus","2-s2.0-85068133378"
"Keith D.R.; Yadama A.; O’Neill E.; Chung S.","Keith, David R. (57092513700); Yadama, Aishwarya (58505678600); O’Neill, Ellen (59401001900); Chung, Saras (56606551300)","57092513700; 58505678600; 59401001900; 56606551300","Anticipating the Side Effects of Educational Reform Using System Dynamics Modeling","2024","Review of Research in Education","48","1","","1","27","5","10.3102/0091732X241260012","https://www.scopus.com/pages/publications/85208453807?origin=resultslist","There have been countless efforts to improve academic achievement in public schools across the United States, especially in urban school districts. Few efforts, however, use rigorous analytic modeling tools to anticipate and prevent the potential side effects of change. This chapter proposes the application of system dynamics on educational reform efforts by offering a conceptual model, literature review, and research agenda to identify and mitigate the potential side effects of reform. The model is based on interviews and workshops with public school leaders, teachers, and parents in a midsized midwestern urban city. We identify a “capability trap” that may lead to policy resistance with educational reforms. Limitations to this approach are noted, and future areas of research are identified. © 2024 The Author(s).","Article","Final","All Open Access; Green Open Access; Hybrid Gold Open Access","Scopus","2-s2.0-85208453807"
"Fontoura W.B.; Ribeiro G.M.","Fontoura, Wlisses Bonelá (57188993510); Ribeiro, Glaydston Mattos (14009673300)","57188993510; 14009673300","System dynamics for sustainable transportation policies: A systematic literature review; [Dinâmica de Sistemas aplicada a políticas de transporte sustentável: Uma revisão sistemática]","2021","Urbe","13","","e20200259","","","22","10.1590/2175-3369.013.E20200259","https://www.scopus.com/pages/publications/85107146094?origin=resultslist","Systems Dynamics (SD) is an efficient method that allows to analyze systems with dynamic complexity and policy resistance. The holistic approach of SD is suitable to analyze the current transportation problems. Among the applications of SD in the transportation sector, the use of this tool in the development and implementation of sustainable transport policies stands out. In this context, this paper aims to conduct a systematic literature review to assess the use of SD in the development and implementation of urban policies focused on sustainable transportation. The results show that most studies analyze policies focused on reducing the negative externalities of transportation, highlighting the efforts to reduce air pollutant emissions and traffic congestion. However, we did not find a study that analyzes non-motorized and motorized modes by economic, environmental, social, spatial and traffic variables. At the end of this study, the gaps found in the literature are pointed out, being available to further exploration in future studies. © 2021 Editora CHAMPAGNAT. All rights reserved.","Review","Final","All Open Access; Gold Open Access; Green Open Access","Scopus","2-s2.0-85107146094"
"Morecroft J.; Wolstenholme E.","Morecroft, John (7003868542); Wolstenholme, Eric (6701594168)","7003868542; 6701594168","System dynamics in the U.K.: A journey from stirling to Oxford and beyond","2007","System Dynamics Review","23","2-3","","205","214","3","10.1002/sdr.368","https://www.scopus.com/pages/publications/36348946451?origin=resultslist","We review the history of and survey current system dynamics activity in the United Kingdom. Copyright © 2007 John Wiley & Sons, Ltd.","Review","Final","","Scopus","2-s2.0-36348946451"
"Xue Y.; Xiang P.; Jia F.; Liu Z.","Xue, Yutong (57216159588); Xiang, Pengcheng (36841916200); Jia, Fuyuan (57203782083); Liu, Zhaowen (57195413630)","57216159588; 36841916200; 57203782083; 57195413630","Risk assessment of high-speed rail projects: A risk coupling model based on system dynamics","2020","International Journal of Environmental Research and Public Health","17","15","5307","1","27","55","10.3390/ijerph17155307","https://www.scopus.com/pages/publications/85088679609?origin=resultslist","Due to their characteristics and multiple objectives, high-speed rail (HSR) projects carry more complex risks than conventional projects and high correlation and conductivity are among the associated risk factors. Previous risk assessment frameworks for rail infrastructure have ignored the effects of risk interactions that inflate risk levels, namely, risk coupling effects. Based on a system dynamics method, this paper develops a risk coupling model for HSR project risk assessments. A risk factor list is established from a literature review, and relationships analysed using a case study and expert interviews. System dynamics equations are constructed and their parameters obtained by expert evaluations of risk factors. The proposed model is applied to a real-world HSR project to demonstrate it in detail. The model can evaluate the risk levels of HSR projects during a simulation period. In particular, it can identify the key coupling effects that are the main increased risk. It provides a significant resource, using which HSR project managers can identify and mitigate risks. © 2020 by the authors. Licensee MDPI, Basel, Switzerland.","Article","Final","All Open Access; Gold Open Access; Green Open Access","Scopus","2-s2.0-85088679609"
"Martínez-Marín S.; Puello-Pereira N.; Ovallos-Gazabon D.","Martínez-Marín, Sindy (57193432424); Puello-Pereira, Nataly (57212003956); Ovallos-Gazabon, David (57218478182)","57193432424; 57212003956; 57218478182","Cluster competitiveness modeling: An approach with systems dynamics","2020","Social Sciences","9","2","12","","","8","10.3390/socsci9020012","https://www.scopus.com/pages/publications/85082189904?origin=resultslist","This study makes a systemic review to cluster and create a competitiveness relationship considering a systems dynamics approach. A dynamic hypothesis was constructed to validate what factors increase a cluster's level of competitiveness, through causal analysis. Then, the causal diagram that validates the dynamic H0 hypothesis was constructed in Vensim PLE systems®. Literature review shows the evolution of the cluster system according to the current needs of the market, and emphasizes the need for new approaches and models that capture the complexity and dynamics of this system, allowing the understanding of its structure and the evaluation of the contribution of factors and capabilities to cluster competitiveness. It highlights the usefulness of systems dynamics as a simulation methodology for dynamic and complex systems, and establishes itself as a growing line of research applied to various systems of study. Dynamic hypothesis H0 was validated using the causal diagram, reaching the conclusion that innovation, productive management, financial management, organizational management, commercial management, and cluster management factors positively increase the cluster competitiveness level. From structure analysis, the behavior is associated to the archetype ""Path Dependence"", usual in growing industrial markets. © 2020 by the authors.","Article","Final","All Open Access; Gold Open Access; Green Open Access","Scopus","2-s2.0-85082189904"
"Nugroho S.; Uehara T.","Nugroho, Supradianto (57210948873); Uehara, Takuro (54794529200)","57210948873; 54794529200","Systematic Review of Agent-Based and System Dynamics Models for Social-Ecological System Case Studies","2023","Systems","11","11","530","","","44","10.3390/systems11110530","https://www.scopus.com/pages/publications/85178310345?origin=resultslist","Social–ecological system (SES) modeling involves developing and/or applying models to investigate complex problems arising from the interactions between humans and natural systems. Among the different types, agent-based models (ABM) and system dynamics (SD) are prominent approaches in SES modeling. However, few SES models influence decision-making support and policymaking. The objectives of this study were to explore the application of ABM and SD in SES studies through a systematic review of published real-world case studies and determine the extent to which existing SES models inform policymaking processes. We identified 35 case studies using ABM, SD, or a hybrid of the two and found that each modeling approach shared commonalities that collectively contributed to the policymaking process, offering a comprehensive understanding of the intricate dynamics within SES, facilitating scenario exploration and policy testing, and fostering effective communication and stakeholder engagement. This study also suggests several improvements to chart a more effective trajectory for research in this field, including fostering interdisciplinary collaboration, developing hybrid models, adopting transparent model reporting, and implementing machine-learning algorithms. © 2023 by the authors.","Review","Final","All Open Access; Gold Open Access; Green Open Access","Scopus","2-s2.0-85178310345"
"Song X.; Ahmadian M.","Song, X. (8372916700); Ahmadian, M. (16471353300)","8372916700; 16471353300","Characterization of semi-active control system dynamics with magneto-rheological suspensions","2010","JVC/Journal of Vibration and Control","16","10","","1439","1463","20","10.1177/1077546309103418","https://www.scopus.com/pages/publications/77956714571?origin=resultslist","This paper characterizes two semi-active control algorithms through strategy analysis and parametric simulation study. A brief literature review discloses two kinds of semi-active controls: non-model based skyhook-like control policy (or skyhook variations), and model-based clipped semi-active control strategies. Both can be formulated as a bi-state control algorithm. In this paper, the no-jerk skyhook control policy is chosen to represent bi-state strategies, while a nonlinear adaptive semi-active control algorithm without need of clipping control signals is selected for comparison study. Then the studied MR suspension and its model setup are presented. In the paper we explain dynamic analysis approach and controller tuning for this simulation study. While analytic analysis of strategies is based on linear base-excited vibration systems by using transmissibility plots, simulation study adopts sine-sweep excitations so that comparison of transient dynamics could be stressed out and simultaneously the vibration isolation capability compared in the frequency domain by directly observing the time domain data. In addition, one pure-tone excitation case is simulated to explain higher harmonics inherent with bi-state skyhook controls. From the simulation study, the effectiveness of both semi-active controls can be observed for vibration isolation. In addition, the adaptability of both selected controls is compared regarding plant variations and different excitation profiles, both of which are typical in vehicle suspension systems. Finally the characteristics of these two semi-active controls are summarized from the simulation findings. © 2010 SAGE Publications Los Angeles, London, New Delhi, Singapore.","Article","Final","","Scopus","2-s2.0-77956714571"
"Domingos J.C.; Politano P.R.; Pereira N.A.","Domingos, Jean Carlos (6603082009); Politano, Paulo Rogério (6602768676); Pereira, Néocles Alves (14631089600)","6603082009; 6602768676; 14631089600","Systems dynamics model for the expanded S&OP process; [Modelo de dinâmica de sistemas para o processo de S&OP ampliado]","2015","Gestao e Producao","22","4","","755","788","0","10.1590/0104-530X1702-14","https://www.scopus.com/pages/publications/84955441212?origin=resultslist","Despite the S&OP (Sales and Operations Planning) process not being a new procedure in enterprises, especially the large size, it is still a research subject for their practices and computational tools support. Computational models and tools focused to aid the S&OP process are used and can contribute to improve the quality of its implementation and results. The most common tools are those based on spreadsheets; and the most sophisticated ones are based on operational research techniques inserted in Advanced Planning Systems (APS). The literature review on theory and computational techniques used to aid the S&OP process identified a lack of studies related to the use of System Dynamics. Additionally, the review indicates the need for economic and financial analysis integration studies during the preparation of aggregates plans and the use of probabilistic variables in the process enabling the statistical analysis in order to provide more reliable plans. Another relevant issue observed is that managers involved in the S&OP process do not always have a global vision of all variables and constraints involved in the process, therefore, the techniques and tools used to implement the S&OP process do not provide a holistic view of the activities and variables involved. Hence, this paper proposes a System Dynamics Model simulation that provides a holistic vision for the S&OP process, allowing the integration of finance processes and the use of probabilistic variables. The evaluation of the simulations results performed with the model, supported by a design of experiments (DoE), shows that the generated plans are compatible if compared to business procedure, with the advantage of dealing simultaneously with economic and financial analysis and still allows the generation of numerous scenarios of S&OP plans.","Article","Final","All Open Access; Gold Open Access; Green Open Access","Scopus","2-s2.0-84955441212"
"Irfani D.P.; Wibisono D.; Basri M.H.","Irfani, Dian Prama (57208014582); Wibisono, Dermawan (24077747800); Basri, Mursyid Hasan (55976139300)","57208014582; 24077747800; 55976139300","Design of a logistics performance management system based on the system dynamics model","2019","Measuring Business Excellence","23","3","","269","291","7","10.1108/MBE-01-2019-0008","https://www.scopus.com/pages/publications/85071600739?origin=resultslist","Purpose: Logistics systems used in companies that perform multiple roles are expected to be able to manage conflicting objectives. Nevertheless, the literature suggests that many existing logistics performance measurement system (PMS) frameworks are not optimized to provide mechanisms to reveal dynamic relationships between conflicting performance indicators. The purpose of this paper is to develop a new logistics PMS by linking the system dynamics model with a set of balanced performance indicators. Design/methodology/approach: The logistics PMS is developed through a literature review and case study of a company that plays multiple roles. The interrelationships between logistics factors and their links to end results are modeled in diagrams through in-depth interviews with stakeholders. The developed model is then used to build a simulation tool to analyze factors that cause poor performance. Findings: The new logistics PMS developed by incorporating system dynamics offers decision makers ways to identify dynamic relationships among factors and conflicting indicators, in turn helping them to understand holistic logistics performance, objectively analyze why logistics systems perform in a certain way and foster a common shared view. Practical implications: Stakeholders of companies that play multiple roles can use the new PMS model to comprehensively evaluate the performance of logistics systems. In addition, the increased visibility of logistics systems may support decision-making while preventing local optimization. Originality/value: A logistical PMS based on the system dynamics model for managing logistics systems in companies performing multiple roles has not yet been identified. This paper fills this theoretical gap and contributes to the academic literature by proposing a novel PMS model based on the system dynamics model to address the limitations of existing PMS frameworks. © 2019, Emerald Publishing Limited.","Article","Final","","Scopus","2-s2.0-85071600739"
"Łobejko A.; Stephan E.; Ciepał I.; Golak J.; Kalantar-Nayestanaki N.; Kistryn S.; Kłos B.; Kozela A.; Kulessa P.; Parol W.; Skibiński R.; Skwira-Chalot I.; Szadziński A.; Wilczek A.; Witała H.; Włoch B.; Zejma J.","Łobejko, A. (57205663011); Stephan, E. (7102112399); Ciepał, I. (12804325300); Golak, J. (7005716737); Kalantar-Nayestanaki, N. (7003296906); Kistryn, S. (6603553636); Kłos, B. (6603405227); Kozela, A. (6602651925); Kulessa, P. (6701649002); Parol, W. (37104886000); Skibiński, R. (7003875721); Skwira-Chalot, I. (12545703600); Szadziński, A. (57216950425); Wilczek, A. (57188585833); Witała, H. (7005781203); Włoch, B. (57188584092); Zejma, J. (6602702336)","57205663011; 7102112399; 12804325300; 7005716737; 7003296906; 6603553636; 6603405227; 6602651925; 6701649002; 37104886000; 7003875721; 12545703600; 57216950425; 57188585833; 7005781203; 57188584092; 6602702336","Experimental studies of three-nucleon-system dynamics in proton-induced deuteron breakup at 108 MeV","2025","Physical Review C","111","5","054001","","","1","10.1103/PhysRevC.111.054001","https://www.scopus.com/pages/publications/105005875185?origin=resultslist","The differential cross sections for the H2(p,pp)n reaction have been measured for 84 angular configurations of the outgoing protons in the range of polar angles from 13° to 33° with a proton beam of 108 MeV. Data have been collected in the Cyclotron Center Bronowice at the Institute of Nuclear Physics PAS in Kracow using the BINA detector setup. Analysis leading to determination of the breakup cross-section values is described. Absolute normalization is obtained by normalization to the simultaneously measured H2(p,d)p scattering events. Experimental results are compared to the state-of-the-art theoretical calculations. Global analysis shows significant influence of the Coulomb interaction and small effects of three-nucleon force in the studied phase-space region.  © 2025 authors. Published by the American Physical Society. Published by the American Physical Society under the terms of the Creative Commons Attribution 4.0 International license. Further distribution of this work must maintain attribution to the author(s) and the published article's title, journal citation, and DOI.","Article","Final","All Open Access; Green Open Access; Hybrid Gold Open Access","Scopus","2-s2.0-105005875185"
"Bisenbaev A.; Zholymbayev O.; Galimzhanova M.; Sapieva M.","Bisenbaev, Adilbek (6508244459); Zholymbayev, Oraltay (57190682230); Galimzhanova, Marzhan (56127486600); Sapieva, Maira (56177958000)","6508244459; 57190682230; 56127486600; 56177958000","International scientific collaboration in the research system: dynamics, opportunities and challenges for Kazakhstan","2023","Economic Annals-XXI","203","5-6","","4","15","0","10.21003/ea.V203-01","https://www.scopus.com/pages/publications/85183093309?origin=resultslist","Introduction. International scientific collaboration and science diplomacy are essential components of international relations and international law, facilitating cross-cultural interactions at various political, societal, social, humanitarian, and technical levels. The sphere of international scientific collaboration, increasingly intertwined with science diplomacy, holds significant relevance in the realm of global relations and international jurisprudence. It fosters multifaceted exchanges spanning political, societal, humanitarian, and technical domains. In the current epoch, often termed the «International Era,» the dynamics of international scientific collaboration assume heightened importance. This era marks a distinct phase in the evolutionary trajectory of global science, progressing from individual, institutional, to national stages. Methodology. This study delves into the nature and scope of international scientific cooperation involving Kazakhstani scientific entities and researchers. It employs an analytical framework grounded in epistemology and gnoseology, complemented by statistical and correlational analysis. The investigation categorizes the diverse forms and types of international scientific engagements, adopting a synectics approach. It introduces the concept of «commensalism» as a contemporary model of international collaboration in the Kazakhstani scientific context. The paper confronts challenges associated with the saturation of information in scientific publications and introduces the notion of the «dark matter of science.» It proposes hypotheses on the structures, targeted outcomes, and methodologies pertinent to international scientific cooperation. The research employs scientometric data, exemplified through national and academic research scenarios, to establish correlations. It interprets Pearson, Spearman, and Kendall correlation coefficients within the context of scientometric parameters, focusing on publication activities in international scientific collaboration. Results. The study unveils critical insights into the dynamics of international scientific collaboration and its economic implications. Key findings include a positive correlation between the number of joint publications and the H-index across various research fields, with notable variations in research funding and commercialization potential. Engineering, Physics & Astronomy, and Medical Sciences emerge as leading disciplines in terms of joint publication volume, H-index, and economic parameters. In contrast, Social Sciences show a lower level of international collaboration and economic impact, suggesting a more localized research focus. The data also highlights significant economic viability in fields like Materials Science and Environmental Sciences, driven by global emphasis on sustainability and technological advancements. Scientific Novelty. The novelty of this research lies in its comprehensive analysis of the economic aspects of international scientific collaboration, especially in the context of Kazakhstani research. It bridges the gap in understanding how international collaboration, especially with scientifically advanced countries, impacts not only academic metrics like the H-index but also economic factors such as research funding and commercialization. This study is one of the first to quantitatively analyze these aspects in the Kazakhstani research context, offering a new perspective on the economic benefits and challenges of global scientific partnerships. Practical Significance. This research holds significant practical implications for policy-makers, researchers, and academic institutions in Kazakhstan. By identifying the fields with the highest economic benefits from international collaboration, it provides a strategic roadmap for allocating resources and prioritizing research areas. The findings can guide policy decisions to enhance Kazakhstan's integration into the global research community, optimize research funding allocation, and harness the commercial potential of scientific advancements. Additionally, it offers insights for individual researchers to strategically collaborate internationally for maximizing their academic impact and economic benefits. © 2023 Institute of Society Transformation. All rights reserved.","Article","Final","All Open Access; Gold Open Access","Scopus","2-s2.0-85183093309"
"Sánchez M.A.","Sánchez, Marisa A. (54390028500)","54390028500","Exploring the landscape of system dynamics archetypes: A systematic review","2025","Systems Research and Behavioral Science","42","6","","1618","1632","2","10.1002/sres.3066","https://www.scopus.com/pages/publications/85201950178?origin=resultslist","System dynamic archetypes reflect common problematic behaviours that occur in the real world. The high level of abstraction embodied in these archetypes is both promising and daunting. Identifying relevant archetypes for real-world problems is not a straightforward task. In this work, we aim to provide a comprehensive background for understanding current knowledge on the application of system archetypes. The methodology is based on a systematic literature review. Most of the works contribute with prescriptive models that address problems in specific areas. These models generally tackle complex problems where social, environmental and political issues converge. The unit of analysis encompasses geographical units, organizations and artefacts. The steps followed in the development are described with different level of detail. Stakeholders' participation is typically integrated into the development process. Some reported problems are that archetypes could induce a hypothesis that does not include all relevant factors; some participants may have difficulty in understanding the models; confidence in results, difficulty of having data to configure all the variables; and the cost burden for small enterprises. © 2024 John Wiley & Sons Ltd.","Article","Final","All Open Access; Bronze Open Access","Scopus","2-s2.0-85201950178"
"Datola G.; Bottero M.; De Angelis E.; Romagnoli F.","Datola, Giulia (57195285624); Bottero, Marta (57200325285); De Angelis, Elena (8954851400); Romagnoli, Francesco (36998780600)","57195285624; 57200325285; 8954851400; 36998780600","Operationalising resilience: A methodological framework for assessing urban resilience through System Dynamics Model","2022","Ecological Modelling","465","","109851","","","103","10.1016/j.ecolmodel.2021.109851","https://www.scopus.com/pages/publications/85122322814?origin=resultslist","The global ambition of making cities resilient is leading to growing attention towards evaluation frameworks that can assess and communicate the performance of cities in terms of resilience. This perspective requires appropriate approaches and tools which consider complexity, multidimensionality and dynamic behaviour of urban resilience over time. In this context, the System Dynamics Model (SDM) is a suitable tool to analyse and evaluate urban resilience as part of its main characteristics. This paper firstly provides a literature review on the application of SDM in the field of urban resilience assessment in order to underline both the strengths and the weaknesses that characterise the implementations currently available in the literature. Secondly, the article proposes a methodological framework to build a comprehensive multidimensional SDM to assess urban resilience. The final part of the paper provides a specific literature review that collects in a single framework the existing applications of SDM that analyse and model urban resilience issues related to economic, social, environmental and infrastructure dimensions of urban systems. This review is helpful to understand how different urban elements can be characterised and described through mathematical equations. Thus, it provides a basis for a multidimensional SDM to assess urban resilience and identify the mutual interdependences among the considered urban variables. © 2021","Review","Final","","Scopus","2-s2.0-85122322814"
"Ding Z.; Zhu M.; Tam V.W.Y.; Yi G.; Tran C.N.N.","Ding, Zhikun (21933486700); Zhu, Menglian (57195346964); Tam, Vivian W.Y. (7005091994); Yi, Guizhen (57171605200); Tran, Cuong N.N. (57198450838)","21933486700; 57195346964; 7005091994; 57171605200; 57198450838","A system dynamics-based environmental benefit assessment model of construction waste reduction management at the design and construction stages","2018","Journal of Cleaner Production","176","","","676","692","236","10.1016/j.jclepro.2017.12.101","https://www.scopus.com/pages/publications/85040702810?origin=resultslist","Construction waste generation and its environmental impact reduction have become an urgent issue to be solved with the acceleration of urbanization process in China. However, limited research has been conducted to cover both the design stage and the construction stage such that the overall construction waste reduction outcome could be comprehensively assessed. Based on interview data and literature review, Vensim software was used to build a two-stage environmental benefit assessment system dynamics (SD) model which covered construction waste reduction management subsystem, waste generation and disposal subsystem, and environmental benefit assessment subsystem. Simulation results highlight that the reduction management can reduce 40.63% of waste generation. In the meantime, the reduction management achieves good environmental benefits including the reduction of greenhouse-gas emissions of 12,623.30 kg, saving waste landfill of 3901.05 m3 and reducing the use of public vacant site for the illegal dumping of 688.42 m3. The simulation results demonstrate that the dynamic model could assess the environmental benefits of construction waste reduction effectively at the design and the construction stage. This research can provide insight to the design and construction professionals for waste reduction measures such as prefabricated components application, reduced design modification at the design stage, on-site sorting and material reuse at the construction stage, and to provide references for governments in assessing the reduction management outcomes of construction projects and the environmental benefits. © 2017 Elsevier Ltd","Article","Final","","Scopus","2-s2.0-85040702810"
"Karnopp D.C.; Margolis D.L.; Rosenberg R.C.","Karnopp, Dean C. (7006078494); Margolis, Donald L. (7102107938); Rosenberg, Ronald C. (7402294957)","7006078494; 7102107938; 7402294957","SYSTEM DYNAMICS: Modeling, Simulation, and Control of Mechatronic Systems, Fifth Edition","2012","System Dynamics: Modeling, Simulation, and Control of Mechatronic Systems, Fifth Edition","","","","1","636","8","10.1002/9781118152812","https://www.scopus.com/pages/publications/105008845082?origin=resultslist","An expanded new edition of the bestselling system dynamics book using the bond graph approach A major revision of the go-to resource for engineers facing the increasingly complex job of dynamic systems design, System Dynamics, Fifth Edition adds a completely new section on the control of mechatronic systems, while revising and clarifying material on modeling and computer simulation for a wide variety of physical systems. This new edition continues to offer comprehensive, up-to-date coverage of bond graphs, using these important design tools to help readers better understand the various components of dynamic systems. Covering all topics from the ground up, the book provides step-by-step guidance on how to leverage the power of bond graphs to model the flow of information and energy in all types of engineering systems. It begins with simple bond graph models of mechanical, electrical, and hydraulic systems, then goes on to explain in detail how to model more complex systems using computer simulations. Readers will find: New material and practical advice on the design of control systems using mathematical models New chapters on methods that go beyond predicting system behavior, including automatic control, observers, parameter studies for system design, and concept testing Coverage of electromechanical transducers and mechanical systems in plane motion Formulas for computing hydraulic compliances and modeling acoustic systems A discussion of state-of-the-art simulation tools such as MATLAB and bond graph software Complete with numerous figures and examples, System Dynamics, Fifth Edition is a must-have resource for anyone designing systems and components in the automotive, aerospace, and defense industries. It is also an excellent hands-on guide on the latest bond graph methods for readers unfamiliar with physical system modeling. © 2012 by John Wiley & Sons, Inc. All rights reserved.","Book","Final","","Scopus","2-s2.0-105008845082"
"Karnopp D.C.; Margolis D.L.; Rosenberg R.C.","Karnopp, Dean C. (7006078494); Margolis, Donald L. (7102107938); Rosenberg, Ronald C. (7402294957)","7006078494; 7102107938; 7402294957","System Dynamics: Modeling, Simulation, and Control of Mechatronic Systems: Fifth Edition","2012","System Dynamics: Modeling, Simulation, and Control of Mechatronic Systems: Fifth Edition","","","","","","552","10.1002/9781118152812","https://www.scopus.com/pages/publications/84887303379?origin=resultslist","This revised and updated edition deals with the modeling of physical systems and features extensive use of bond graphs to illustrate and model these systems. Its coverage encompasses electromechanical transducers, mechanical systems in plane motion, and formulas for computing hydraulic compliances and for modeling acoustic systems. New chapters and sections treat the use of physical system models beyond simply predicting system performance, including automatic control, observers, parameter studies for system design, and concept testing. In addition, the text utilizes state-of-the-art software tools (MATLAB and bondgraph software) for examples and art generation. © 2012 John Wiley & Sons, Inc.","Book","Final","","Scopus","2-s2.0-84887303379"
"Pedeliento G.; Mangiò F.; Murtas G.; Andreini D.","Pedeliento, Giuseppe (56038740700); Mangiò, Federico (57224403824); Murtas, Gabriele (57903829300); Andreini, Daniela (36642297200)","56038740700; 57224403824; 57903829300; 36642297200","Market system dynamics (MSD): A process-oriented review of the literature","2023","AMS Review","13","3-4","","173","195","15","10.1007/s13162-023-00260-8","https://www.scopus.com/pages/publications/85164163632?origin=resultslist","The renewed interest in the market as a unit of analysis has increased adoption of a market system dynamics (MSD) perspective. Since studies drawing on MSD have significant overlaps with other research traditions equally focused on market changes, we trace the theoretical boundaries of the literature on MSD, and unpack its evolution, in order to appreciate conceptual achievements and research directions. Building on change-process theorizing and on a reiterative processual multi-stage research strategy, we conduct a systematic review of the literature on MSD. We organize the findings into three stages of MSD’s maturation–infancy, adolescence, and adulthood–and show that MSD has grown into a market approach that is ever more multi-actor, theoretically-plural, and based on longitudinal methodologies. The existing literature has gradually shifted towards a balance in agency and structure in market change, and towards a more cautious view on the consumer’s role. Under-researched areas are pinpointed, along with research avenues that can further reinforce MSD. © 2023, The Author(s).","Article","Final","All Open Access; Green Open Access; Hybrid Gold Open Access","Scopus","2-s2.0-85164163632"
"Samuil I.; Ionica A.; Leba M.","Samuil, Ionela (57210414063); Ionica, Andreea (42261497800); Leba, Monica (24829039500)","57210414063; 42261497800; 24829039500","System Dynamics Meets Multi-Agent Systems: A Review of Hybrid Simulation Approaches","2027","Lecture Notes in Networks and Systems","2094 LNNS","","","232","243","0","10.1007/978-3-032-32032-2_22","https://www.scopus.com/pages/publications/105046834141?origin=resultslist","This paper presents the development of systems dynamics (SD), and agent-based model (ABM) integration. A co-occurrence map illustrates the progress from theory and policy-wise hybrid simulations to integrations of cyber-physical systems with performance intelligence. One of the earliest research was about modality alignment of SD and ABM followed by the development of frameworks to combine policy decision and evaluation support systems with an pool of behavior system and heterogeneous individual agents. New clusters define a new cue from theory to realistic implementation. With digital twins and ABM, the systems are synchronized with their physical counterparts in near real time. Within these systems, autonomous agents manage the adaptive control in an environment with an IoT system which provide them with data that streams in continuously that facilitate a shift from descriptive to prescribed control. The prominence of concepts from digital twin reflects the real time data and IoT of the Industry 4.0. With these concepts, the paper outlines a systematized methodology for modeling hybrid SD agents that is coherent, scalable and transparent. The proposed framework clarifies and promotes the development of explainable and trustworthy autonomous actors and provides an ease of application to various systems. © The Author(s), under exclusive license to Springer Nature Switzerland AG 2027.","Conference paper","Final","","Scopus","2-s2.0-105046834141"
"Pluchinotta I.; Zhou K.; Zimmermann N.","Pluchinotta, Irene (55872771600); Zhou, Ke (57224002759); Zimmermann, Nici (57207787873)","55872771600; 57224002759; 57207787873","Dealing with soft variables and data scarcity: lessons learnt from quantification in a participatory system dynamics modelling process","2024","System Dynamics Review","40","4","e1770","","","18","10.1002/sdr.1770","https://www.scopus.com/pages/publications/85190799282?origin=resultslist","System dynamics (SD) models are commonly used for structuring complex problems to support decision-making. They are used to investigate areas in which limited knowledge is available, describing nonlinear relationships and including intangible elements. Although this explorative nature is one of the key advantages, it also represents a challenge for quantifying the intangible, i.e. more qualitative aspects of an SD model, especially when it is not possible to apply conventional analytical methods due to data scarcity. Procedures to obtain and analyse information using participatory approaches are limited. First, this article outlines existing quantification methods and related open questions when dealing with soft variables and data scarcity. Secondly, it summarises the quantification process developed during a participatory SD process, describing how we dealt with data scarcity and soft variables. Lastly, we suggest a quantification framework in relation to data availability and level of stakeholder engagement. © 2024 The Authors. System Dynamics Review published by John Wiley & Sons Ltd on behalf of System Dynamics Society. © 2024 The Authors. System Dynamics Review published by John Wiley & Sons Ltd on behalf of System Dynamics Society.","Article","Final","All Open Access; Green Open Access; Hybrid Gold Open Access","Scopus","2-s2.0-85190799282"
"Oztanriseven F.; Pérez-Lespier L.; Long S.; Nachtmann H.","Oztanriseven, Furkan (56230134200); Pérez-Lespier, Lizzette (57189441654); Long, Suzanna (56898461200); Nachtmann, Heather (55897585000)","56230134200; 57189441654; 56898461200; 55897585000","A review of system dynamics in maritime transportation","2014","IIE Annual Conference and Expo 2014","","","","2447","2456","16","","https://www.scopus.com/pages/publications/84910052075?origin=resultslist","Towards the end of the twentieth century, a number of factors have re-shaped the shipping industry including the growth of international trade, the emergence of new markets, and the development of multimodal supply chains. The maritime transportation system consists of ocean and coastal routes, inland waterways, railways, roads, and air freight and is a vital part of the global supply chain and freight transportation system. Due to the complexity of the maritime transportation system (MTS), multiple transportation systems interconnect to achieve a purpose. We have identified system dynamics (SD) as an appropriate approach to study the MTS and its integration with multimodal transportation. In the initial phase of this research, we conducted a literature review of SD applications in the MTS. The result of our literature review provides an overview of SD modeling in the MTS and generates future research questions in this area.","Conference paper","Final","","Scopus","2-s2.0-84910052075"
"Arranz C.F.A.","Arranz, Carlos F. A. (57557177200)","57557177200","A system dynamics approach to modelling eco-innovation drivers in companies: Understanding complex interactions using machine learning","2024","Business Strategy and the Environment","33","5","","4456","4479","27","10.1002/bse.3704","https://www.scopus.com/pages/publications/85195203209?origin=resultslist","This paper examines the effect of drivers in the development of eco-innovation from a system dynamics perspective. While previous literature has made important contributions in identifying factors that influence the development of eco-innovations, there remains limited understanding of how these drivers act and interact in promoting its development. Therefore, there is a need to develop a framework of relationships and drivers that encourage and support eco-innovation in companies. This paper develops an integrated framework encompassing key internal, market and governmental factors and their complex interactions using principles of system dynamics and machine learning to address this gap. The research questions how these drivers interact in a dynamic and non-linear manner to influence the development of eco-innovation in companies and how can these interactions be effectively modelled and understood, considering the complexities of sustainable business practices and the limitations of traditional linear approaches. We empirically test these questions by using the Spanish Technological Innovation Panel database. The findings demonstrate that eco-innovation is not solely driven by isolated factors; instead, it emerges from the complex interplay between internal capabilities, governmental policies and market dynamics. By emphasising the synergistic effects of these drivers, the research offers a nuanced understanding of their systemic interactions. Furthermore, our analysis highlights the varying efficiency levels of different drivers, underscoring the pivotal role of environmental corporate policies and the strategic allocation of financial resources. In contrast, cooperation, market forces and regulations exhibit lower efficiency in driving eco-innovation processes. These insights not only advance theoretical knowledge but also provide valuable guidance for businesses and policymakers, offering a more holistic approach to fostering sustainable innovation. © 2024 The Author. Business Strategy and The Environment published by ERP Environment and John Wiley & Sons Ltd.","Article","Final","All Open Access; Green Open Access; Hybrid Gold Open Access","Scopus","2-s2.0-85195203209"
"Decker H.; Wendel M.","Decker, Hallie (57224354629); Wendel, Monica (7005043907)","57224354629; 7005043907","Applications of Participatory System Dynamics Methods to Public Health: A Systematic Review","2023","Family and Community Health","46","10","","S6","S21","9","10.1097/FCH.0000000000000369","https://www.scopus.com/pages/publications/85170625853?origin=resultslist","System dynamics, and specifically qualitative participatory applications of system dynamics, have potential to benefit public health research, scholarship, and practice. A systematic review was conducted to examine the existing applications of participatory system dynamics (PSD) to public health research. Three databases were searched using unique search terms related to PSD and methodological applications in public health research. A total of 57 unique articles met inclusion criteria and were included for review. The studies included for review were conducted globally and represent a wide breadth of public health issues. The review identified several advantages to adopting PSD methods in public health scholarship and practice. The PSD methods provide innovative frameworks for conceptualizing complex and nuanced public health problems. The participatory nature of PSD allows for increased community engagement and empowerment to address public health problems, as well as to mitigate existing power dynamics between research institutions and marginalized communities that are disproportionately impacted by social and health inequities. Finally, causal loop diagrams developed using PSD methods have unique potential to convey complex concepts to policy makers and interventionists. This systematic review reports evidence for PSD's potential to advance equity in public health research and practice. © 2023 Lippincott Williams and Wilkins. All rights reserved.","Article","Final","All Open Access; Hybrid Gold Open Access","Scopus","2-s2.0-85170625853"
"Mohammadi A.; Tavakolan M.","Mohammadi, Amir (57197104491); Tavakolan, Mehdi (35096869900)","57197104491; 35096869900","Identifying safety archetypes of construction workers using system dynamics and content analysis","2020","Safety Science","129","","104831","","","47","10.1016/j.ssci.2020.104831","https://www.scopus.com/pages/publications/85085239979?origin=resultslist","Construction accidents have unique features on the surface, while further investigation often reveals common underlying systemic patterns that lead to accidents. By identifying these patterns, organizations can better understand past accidents, monitor risk, and reduce the likelihood of future accidents. Further, construction project management is such a complex effort due to the unique, dynamic, and temporary nature of the construction industry. Furthermore, there is lack of research on exploring the systematic patterns responsible for occurrence of accidents. To address this gap in knowledge, this paper aims to better understand the dynamic complexity of construction safety by identifying behavioral patterns of workers that recur in construction projects continuously. Content analysis and ground theory method (GTM) were adopted for this research. In total, 100 papers were reviewed to explore the influential factors affecting the safety in construction projects. Furthermore, 20 interviews were conducted with experts in the field of construction health and safety. The results showed that there are four archetypes of construction workers: (1) blame on workers, (2) construction delay, (3) incentive programs, and (4) subcontractors’ financial status. The identified archetypes have been illustrated at different steps including the dynamic theory, behavior over time, and the leverage point to show how to manage the archetype. The developed archetypes could be useful for decision-makers and help them be aware of the long-term effects of their decisions in the projects. They also provide systemic vision for project managers helping them understand the dynamic complexity of construction safety management. © 2020 Elsevier Ltd","Article","Final","","Scopus","2-s2.0-85085239979"
"Xu X.; Zou P.X.W.","Xu, Xiaoxiao (57188580287); Zou, Patrick X. W. (7006775603)","57188580287; 7006775603","System dynamics analytical modeling approach for construction project management research: A critical review and future directions","2021","Frontiers of Engineering Management","8","1","","17","31","37","10.1007/s42524-019-0091-7","https://www.scopus.com/pages/publications/85211108552?origin=resultslist","Building and infrastructure construction projects can be viewed as a complex system consisting of many subsystems. Over the last two decades, considerable researches that use system dynamics (SD) as an analytical and modeling approach exist to address construction project management issues. However, only few critical reviews have been conducted to provide an in-depth understanding of SD application in construction project management. Moreover, many studies have failed to apply SD accurately. Therefore, the present study aims to gain an understanding of the current state of play and future directions in applying SD method in construction project management research, by undertaking a comprehensive review of 105 relevant articles published from 1994 to 2018. These articles are analyzed in terms of annual publication rate, key papers and their contribution, critical issues in SD application, and research topics. A significant increase in the number of publications in the last five years has been observed. When applying SD method to model construction system, the following aspects must be carefully considered: Model boundary, model development, model test, and model simulation. In addition, SD has been applied in a wide range of research topics, including (1) sustainable construction; (2) design error, rework, and change management; (3) risk management; (4) resource management; (5) decision making; (6) hybrid modeling; (7) safety management; (8) PPP project; and (9) organization performance. Based on the review findings, this study discusses three future research directions, namely, integration of SD with other methods, uncertainty analysis, and human factor analysis. This study can help researchers gain an in-depth understanding of the critical issues in the application of SD in construction management and the state-of-the-art of SD research. © Higher Education Press 2020.","Review","Final","","Scopus","2-s2.0-85211108552"
"Hristov I.; Cristofaro M.; Camilli R.; Leoni L.","Hristov, Ivo (57210173189); Cristofaro, Matteo (57188036200); Camilli, Riccardo (57481661500); Leoni, Luna (56661904500)","57210173189; 57188036200; 57481661500; 56661904500","A system dynamics approach to the balanced scorecard: a review and dynamic strategy map for operations management","2024","Journal of Manufacturing Technology Management","35","4","","705","743","24","10.1108/JMTM-02-2022-0069","https://www.scopus.com/pages/publications/85184898295?origin=resultslist","Purpose: This paper aims to (1) identify the different performance drivers (lead indicators) and outcome measures (lag indicators) investigated in the literature concerning the four balanced scorecard (BSC) perspectives in operations management (OM) contexts and (2) understand how performance drivers and outcome measures (and substantiated perspectives) are related. Design/methodology/approach: We undertake a systematic literature review of the BSC literature in OM journals. From the final sample of 40 articles, performance drivers and outcome measures have been identified, and the relationships amongst them have been synthesised according to the system dynamics approach. Findings: Findings show (1) the most relevant performance drivers and outcome measures within each BSC perspective, (2) their relationships, (3) how the perspectives are linked through the performance drivers and outcome measures and (4) how the different measures relate systemically. Accordingly, four causal loops amongst identified measures have been built, which – jointly considered – allowed for the creation of a dynamic strategy map for OM. Originality/value: This study is the first one that provides a comprehensive and holistic view of how the different performance drivers and outcome measures within and between the four BSC perspectives in OM relate systemically, increasing the knowledge and understanding of scholars and practitioners. © 2020, Ivo Hristov, Matteo Cristofaro, Riccardo Camilli and Luna Leoni.","Review","Final","All Open Access; Green Open Access","Scopus","2-s2.0-85184898295"
"Uriona M.; Grobbelaar S.S.","Uriona, Mauricio (35148501500); Grobbelaar, Sara S (56072755400)","35148501500; 56072755400","Innovation system policy analysis through system dynamics modelling: A systematic review","2019","Science and Public Policy","46","1","","28","44","53","10.1093/scipol/scy034","https://www.scopus.com/pages/publications/85062484807?origin=resultslist","In this article, we conduct a systematic literature review of past system dynamics (SD) simulation models of innovation systems (IS). By systematically reviewing fifty-four studies we present the current state-of-the-art of SD modelling applications in the IS domain. Our main results show there are four main IS policy areas where SD have been used, namely: (1) R&D policies, (2) innovation diffusion policies, (3) science and technology policies, and (4) regional agglomeration policies. Most of the studies have explored assumptions, hypotheses, and policy at the conceptual/theoretical level and can be characterized to be mostly exploratory modelling tools. We conclude by reflecting on theoretical and policy implications of these studies. © The Author(s) 2018. Published by Oxford University Press. All rights reserved.","Review","Final","","Scopus","2-s2.0-85062484807"
"Mahmud A.T.; Ahmed S.N.; Olanipekun A.; Aha B.; Akoh S.R.","Mahmud, Abba Tahir (57208784529); Ahmed, Sa’id Namadi (57204711807); Olanipekun, Ayokunle (56440182000); Aha, Bismark (57191823199); Akoh, Sani Reuben (57992339600)","57208784529; 57204711807; 56440182000; 57191823199; 57992339600","Qualitative system dynamics approach to modelling cost escalation determinants in Nigerian public sector projects","2026","Journal of Facilities Management","24","1","","154","178","1","10.1108/JFM-07-2024-0085","https://www.scopus.com/pages/publications/105002057594?origin=resultslist","Purpose – Cost escalation has been identified as one of the most significant challenges and recurring issues in the delivery of social and economic infrastructure in the Nigerian public sector. Like many other countries in the Global South, the Nigerian public sector projects suffer from poor cost performance. Thus, this study aims to analyse the dynamics of construction cost escalation determinants and produced a conceptual system dynamic model that captures the intricate interactions among these determinants. Design/methodology/approach – This study includes a literature review and qualitative approach using semi-structured interviews. Data were obtained from 17 stakeholders involved in the delivery of Nigeria public sector projects, including Project managers, Architects, Civil engineer, Quantity surveyors and Construction managers. The data were analysed using a coding framework informed by case study approach, the principles of thematic analysis and saliency analysis framework, enabling the modelling of intricate interactions among various determinants of cost escalation. Findings – The findings revealed a complex and dynamic interaction among the determinants, indicating that an isolated solution to cost escalation, particularly in developing countries like Nigeria, is unlikely. Instead, a holistic, system-oriented approach that considers the interplay of multiple determinants is necessary for effective cost escalation management. One of the determinants identified was the lack of technical competence among professionals involved in the delivery of public sector construction projects. In addition, the analysis of the causal loop diagram revealed intervention points in the project delivery process to counter cost escalation. This study postulates that a key intervention strategy involves enhancing the competencies of construction professionals through synergistic collaboration between various stakeholders: public sector entities, professional bodies, statutory regulatory bodies and policymakers. Research limitations/implications – As the findings are rooted in Nigerian public construction projects, their relevance to privately financed projects might be limited. Also, the study focuses solely on the construction stage, without extending to the post-construction phase. Furthermore, the themes and their causal links were derived from viewpoints of experts from the Nigerian context. Future studies could enhance the external validity of the research results by examining their applicability in other contexts and by integrating the later phases of public sector construction projects, such as facilities management operation, to offer a more holistic view of the problem. Originality/value – This study presents a collaborative and holistic approach to address cost escalation in Nigerian public sector projects by modelling the complex interactions among various determinants influencing cost escalation within a dynamic framework and identifying critical intervention points in the project delivery process. © 2025 Emerald Publishing Limited","Article","Final","","Scopus","2-s2.0-105002057594"
"Ciccarello F.; Lorenzo S.; Giovannetti V.; Palma G.M.","Ciccarello, Francesco (14819110800); Lorenzo, Salvatore (53363937900); Giovannetti, Vittorio (7004137815); Palma, G. Massimo (7005868408)","14819110800; 53363937900; 7004137815; 7005868408","Quantum collision models: Open system dynamics from repeated interactions","2022","Physics Reports","954","","","1","70","195","10.1016/j.physrep.2022.01.001","https://www.scopus.com/pages/publications/85124421248?origin=resultslist","We present an extensive introduction to quantum collision models (CMs), also known as repeated interactions schemes: a class of microscopic system–bath models for investigating open quantum systems dynamics whose use is currently spreading in a number of research areas. Through dedicated sections and a pedagogical approach, we discuss the CMs definition and general properties, their use for the derivation of master equations, their connection with quantum trajectories, their application in non-equilibrium quantum thermodynamics, their non-Markovian generalizations, their emergence from conventional system–bath microscopic models and link to the input–output formalism. The state of the art of each involved research area is reviewed through dedicated sections. The article is supported by several complementary appendices, which review standard concepts/tools of open quantum systems used in the main text with the goal of making the material accessible even to readers possessing only a basic background in quantum mechanics. The paper could also be seen itself as a friendly, physically intuitive, introduction to fundamentals of open quantum systems theory since most main concepts of this are treated such as quantum maps, Lindblad master equation, steady states, POVMs, quantum trajectories and stochastic Schrödinger equation. © 2022 Elsevier B.V.","Review","Final","All Open Access; Green Open Access","Scopus","2-s2.0-85124421248"
"Oesterreich T.D.; Teuteberg F.","Oesterreich, Thuy Duong (57191667415); Teuteberg, Frank (9038835200)","57191667415; 9038835200","Looking at the big picture of IS investment appraisal through the lens of systems theory: A System Dynamics approach for understanding the economic impact of BIM","2018","Computers in Industry","99","","","262","281","28","10.1016/j.compind.2018.03.029","https://www.scopus.com/pages/publications/85054336313?origin=resultslist","Despite the fact that Building Information Modelling (BIM) is one of the most promising technological developments for the architecture, engineering and construction (AEC) industry, the body of literature addressing its financial implications on corporate level is still limited. Therefore, we propose a quantification model that is based on design science research and provides an enhanced understanding of cost and benefit implications arising from BIM investments from a systems theory perspective. The quantification model developed in System Dynamics (SD) is based on a literature review as well as a case study, whereby the socio-technical nature of BIM, its various tangible and intangible benefits as well as its multiple impact levels on the corporate system are taken into account. The results of our simulation experiments within the scope of the case study reveal that the interplay of costs and benefits of BIM with the subsystems of the organisation is manifold, which results in a long-term improvement of the company's economic performance. Through the lens of systems theory, the financial impacts of the BIM investment can be examined by integrating all costs and benefits into the subsystems of the organisation and by investigating their interplay on system level rather than treating them as isolated system elements. © 2018 Elsevier B.V.","Article","Final","","Scopus","2-s2.0-85054336313"
"Shaker F.; Shahin A.; Jahanyan S.","Shaker, Fatemeh (57208736396); Shahin, Arash (18435139400); Jahanyan, Saeed (36933932000)","57208736396; 18435139400; 36933932000","Investigating the causal relationships among failure modes, effects and causes: a system dynamics approach","2022","International Journal of Quality and Reliability Management","39","8","","1977","1995","10","10.1108/IJQRM-07-2020-0247","https://www.scopus.com/pages/publications/85113751703?origin=resultslist","Purpose: This paper aims to develop a system dynamics (SD) model to identify causal relationships among the elements of failure modes and effects analysis (FMEA), i.e. failure modes, effects and causes. Design/methodology/approach: A causal loop diagram (CLD) has been developed based on the results obtained from interdependencies and correlations analysis among the FMEA elements through applying the integrated approach of FMEA-quality function deployment (QFD) developed by Shaker et al. (2019). The proposed model was examined in a steel manufacturing company to identify and model the causes and effects relationships among failure modes, effects and causes of a roller-transmission system. Findings: Findings indicated interactions among the most significant failure modes, effects and causes. Moreover, corrective actions defined to eliminate or relieve critical failure causes. Consequently, production costs decreased, and the production rate increased due to eliminated/decreased failure modes. Practical implications: The application of CLD illustrates causal relationships among FMEA elements in a more effective way and results in a more precise recognition of the root causes of the potential failure modes and their easy elimination/decrease. Therefore, applying the proposed approach leads to a better analysis of the interactions among FMEA elements, decreased system's failure rate and increased system availability. Originality/value: The literature review indicated a few studies on the application of SD methodology in the maintenance area, and no study was performed on the causal interactions among FMEA elements through an FMEA-QFD based SD approach. Although the interactions of these elements are significant and helpful in risks ranking, researchers fail to investigate them sufficiently. © 2021, Emerald Publishing Limited.","Article","Final","","Scopus","2-s2.0-85113751703"
"Vimmerstedt L.J.; Bush B.W.; Hsu D.D.; Inman D.; Peterson S.O.","Vimmerstedt, Laura J. (7801526233); Bush, Brian W. (36866246700); Hsu, Dave D. (35324356100); Inman, Daniel (57216996344); Peterson, Steven O. (56312747000)","7801526233; 36866246700; 35324356100; 57216996344; 56312747000","Maturation of biomass-to-biofuels conversion technology pathways for rapid expansion of biofuels production: A system dynamics perspective","2015","Biofuels, Bioproducts and Biorefining","9","2","","158","176","30","10.1002/bbb.1515","https://www.scopus.com/pages/publications/84924811181?origin=resultslist","The Biomass Scenario Model (BSM) is a system-dynamics simulation model intended to explore the potential for rapid expansion of the biofuels industry. The model is not predictive - it uses scenario assumptions based on various types of data to simulate industry development, emphasizing how incentives and technological learning-by-doing might accelerate industry growth. The BSM simulates major sectors of the biofuels industry, including feedstock production and logistics, conversion, distribution, and end uses, as well as interactions among sectors. The model represents conversion of biomass to biofuels as a set of technology pathways, each of which has allowable feedstocks, capital and operating costs, allowable products, and other defined characteristics. This study and the BSM address bioenergy modeling analytic needs that were identified in recent literature reviews. Simulations indicate that investments are most effective at expanding biofuels production through learning-by-doing when they are coordinated with respect to timing, pathway, and target sector within the biofuels industry. Effectiveness metrics include timing and magnitude of increased production, incentive cost and cost effectiveness, and avoidance of windfall profits. Investment costs and optimal investment targets have inherent risks and uncertainties, such as the relative value of investment in more-mature versus less mature pathways. These can be explored through scenarios, but cannot be precisely predicted. Dynamic competition, including competition for cellulosic feedstocks and ethanol market shares, intensifies during times of rapid growth. Ethanol production increases rapidly, even up to Renewable Fuel Standards-targeted volumes of biofuel, in simulations that allow higher blending proportions of ethanol in gasoline-fueled vehicles. © This article is a U.S. Government work and is in the public domain in the USA. Biofuels, Bioproducts, Biorefining published by John Wiley & Sons, Ltd on behalf of Society of Chemical Industry.","Article","Final","All Open Access; Green Open Access; Hybrid Gold Open Access","Scopus","2-s2.0-84924811181"
"Zolfagharian M.; Romme A.G.L.; Walrave B.","Zolfagharian, Mohammadreza (55636373900); Romme, A. Georges L. (6701527406); Walrave, Bob (38663658700)","55636373900; 6701527406; 38663658700","Why, when, and how to combine system dynamics with other methods: Towards an evidence-based framework","2018","Journal of Simulation","12","2","","98","114","25","10.1080/17477778.2017.1418639","https://www.scopus.com/pages/publications/85046036278?origin=resultslist","Combining system dynamics (SD) modelling with other research methods serves to articulate complex problems and explore potential solutions and policies. A growing number of studies draw on SD in combination with at least one other method, but there is hardly any knowledge about why, when, and how to make such combinations. We address this gap by conducting a systematic literature review of studies that have combined SD with at least one other method. Our findings are synthesised in an evidence-based framework that demonstrates why, when, and how SD is combined with other methods. This framework provides a point of reference for those who want to go beyond stand-alone SD modelling. In addition, this paper contributes to the multi-methodology literature by consolidating an area in which substantial experience in combining methods has been gained. © 2018 Operational Research Society.","Review","Final","","Scopus","2-s2.0-85046036278"
"Zanker M.; Bureš V.; Tučník P.","Zanker, Marek (57212941288); Bureš, Vladimír (19638298800); Tučník, Petr (14055176600)","57212941288; 19638298800; 14055176600","Environment, business, and health care prevail: A comprehensive, systematic review of system dynamics application domains","2021","Systems","9","2","28","","","17","10.3390/systems9020028","https://www.scopus.com/pages/publications/85105428642?origin=resultslist","System dynamics, as a methodology for analyzing and understanding various types of systems, has been applied in research for several decades. We undertook a review to identify the latest application domains and map the realm of system dynamics. The systematic review was conducted according to the PRISMA methodology. We analyzed and categorized 212 articles and found that the vast majority of studies belong to the fields of business administration, health, and environmental research. Altogether, 20 groups of modeling and simulation topics can be recognized. System dynamics is occasionally supported by other modeling methodologies such as the agent-based modeling approach. There are issues related to published studies mostly associated with testing of validity and reasonability of models, leading to the development of predictions that are not grounded in verified models. This study contributes to the development of system dynamics as a methodology that can offer new ideas, highlight limitations, or provide analogies for further research in various research disciplines. © 2021 by the authors. Licensee MDPI, Basel, Switzerland.","Review","Final","All Open Access; Gold Open Access; Green Open Access","Scopus","2-s2.0-85105428642"
"Inghels D.; Dullaert W.","Inghels, Dirk (46661239300); Dullaert, Wout (57217741313)","46661239300; 57217741313","An analysis of household waste management policy using system dynamics modelling","2011","Waste Management and Research","29","4","","351","370","37","10.1177/0734242X10373800","https://www.scopus.com/pages/publications/79953272707?origin=resultslist","This paper analyses the Flemish household waste management policy. Based on historical data from the period 1991-2006, literature reviews and interviews, both mathematical and descriptive relationships are derived that describe Flemish waste collection, reuse, recycling and disposal behaviour. This provides insights into how gross domestic product (GDP), population and selective collection behaviour have influenced household waste production and collection over time. These relationships are used to model the dynamic relationships underlying household waste management in Flanders by using a system dynamics (SD) modelling approach. Where most SD models in literature are conceptual and descriptive, in the present study a real-life case with both correlational and descriptive relationships was modelled for Flanders, a European region with an outstanding waste management track record. This model was used to evaluate the current Flemish household waste management policy based on the principles of the waste hierarchy, also referred as the Lansink ranking. The results show that Flemish household waste targets up to 2015 can be achieved by the current waste policy measures. It also shows the sensitivity of some key policy parameters such as prevention and reuse. Given the general nature of the model and its limited data requirements, the authors believe that the approach implemented in this model can also assist waste policy makers in other regions or countries to meet their policy targets by simulating the effect of their current and potential household waste policy measures. © The Author(s) 2010.","Article","Final","","Scopus","2-s2.0-79953272707"
"Caton L.; Zimmerman L.; Kahkoska A.; Goldstein B.A.; Sperber N.","Caton, Lauren (57203749206); Zimmerman, Lindsey (60348926100); Kahkoska, Anna (57193577656); Goldstein, Benjamin A (57203232935); Sperber, Nina (14056916600)","57203749206; 60348926100; 57193577656; 57203232935; 14056916600","Participatory system dynamics in implementation science practice: a scoping review of methods, contexts and outcomes","2025","BMJ Open Quality","15","2","","","","0","10.1136/bmjoq-2025-003919","https://www.scopus.com/pages/publications/105038254121?origin=resultslist","Background: This scoping review documents participatory system dynamics (PSD) applications in implementation science (IS) studies following a recent, increased integration of the two fields in the USA. It aims to illustrate ‘how’ and ‘why’ PSD modelling improves understanding of determinants of implementation outcomes for quality improvement. Methods: We queried PubMed and PsycInfo for PSD, IS and their synonyms (community-based system dynamics or group model building, dissemination, quality improvement, translational research or knowledge translation). USA-based empirical studies were included when they described synchronous participatory activities to define a modelling problem over time. Studies were included when PSD was used as an implementation research method or implementation practice strategy. Fifty-eight studies on concept mapping were excluded, as were 65 intervention mapping studies. Nine articles remained after full-text review. Results: Most studies (n=7) investigated PSD itself as the intervention for understanding an implementation problem or use it as a tool to understand how to implement an evidence-based practice (n=4) or select an IS strategy (n=3). Most articles were case studies, investigating feasibility and knowledge translation during the preparation phase. Conclusions: We recommend that implementation research and practice clarify whether PSD is used as a method to uncover contextual determinants or strategy to do so. PSD has strong potential to use enhanced participant buy-in and problem definition to understand ‘how’ implementation strategies account for cyclical and temporal determinants. Greater alignment between PSD activities, participatory theory, implementation phases and outcomes is needed to strengthen evaluation of PSD’s applications in IS. Registration: The protocol for this paper is listed in the UNC Libraries repository (https://cdr.lib.unc.edu/concern/scholarly_works/6682xg09r). © Author(s) (or their employer(s)) 2026. Re-use permitted under CC BY-NC. No commercial re-use. See rights and permissions. Published by BMJ Group. This is an open access article distributed in accordance with the Creative Commons Attribution Non Commercial (CC BY-NC 4.0) license, which permits others to distribute, remix, adapt, build upon this work non-commercially, and license their derivative works on different terms, provided the original work is properly cited, appropriate credit is given, any changes made indicated, and the use is non-commercial. See: https://creativecommons.org/licenses/by-nc/4.0/.","Article","Final","All Open Access; Gold Open Access; Green Open Access","Scopus","2-s2.0-105038254121"
"Forliano C.; De Bernardi P.; Rozsa Z.; Bertello A.","Forliano, Canio (57212088652); De Bernardi, Paola (57203532226); Rozsa, Zoltan (57195902658); Bertello, Alberto (57207796163)","57212088652; 57203532226; 57195902658; 57207796163","Systems dynamics research in management and organization studies: Overview and research agenda","2024","Journal of Innovation and Knowledge","9","3","100512","","","16","10.1016/j.jik.2024.100512","https://www.scopus.com/pages/publications/85198148881?origin=resultslist","This paper presents a bibliometric analysis of the systems dynamics (SD) research landscape, drawing on 2,091 documents from Scopus and Web of Science. This research employs bibliometric techniques to explore the evolution of the scientific community over the past 50 years and assess research productivity and impact. Through network analysis, the study further reveals the field's social and conceptual structures. This approach revealed four pivotal thematic clusters, which were discussed based on content analysis: (1) operations research and strategy formulation, (2) behavioral studies and collaborative approaches, (3) dynamic performance management, and (4) systems thinking for sustainable development. The findings reveal a diverse and interdisciplinary trajectory of SD research, reflecting its integration into a broad array of fields and its potential to inform both theoretical and practical applications. The paper concludes by providing targeted recommendations for future SD research, with a particular emphasis on enhancing management and organizational studies through the incorporation of SD methodologies. This includes the potential for SD to influence the design of adaptive strategies, the use of SD in participatory policymaking, and the application of SD tools in promoting organizational learning and sustainability. © 2024","Article","Final","All Open Access; Gold Open Access; Green Open Access","Scopus","2-s2.0-85198148881"
"Xu Y.; Sun C.; Skibniewski M.J.; Chan A.P.C.; Yeung J.F.Y.; Cheng H.","Xu, Yelin (35294120100); Sun, Chengshuang (8560985500); Skibniewski, Miroslaw J. (7004024216); Chan, Albert P.C. (56844258500); Yeung, John F.Y. (14040712400); Cheng, Hu (55349000500)","35294120100; 8560985500; 7004024216; 56844258500; 14040712400; 55349000500","System Dynamics (SD) -based concession pricing model for PPP highway projects","2012","International Journal of Project Management","30","2","","240","251","90","10.1016/j.ijproman.2011.06.001","https://www.scopus.com/pages/publications/84655169586?origin=resultslist","The design of concession price is essential to financial viability of Public-Private Partnership (PPP) highway projects. It is one of the most important variables that need to be determined during the negotiation period. However, there are few methods available for calculating the value of this variable. Research described in this paper aims to develop a reliable, objective, and systematic model for determining a rational concession price for PPP highway projects based on pro forma financial statements developed during the feasibility study period. The pricing parameters and price risk factors of PPP highway project were first identified and compiled through a comprehensive literature review. A concession pricing model using System Dynamics technique was then developed based on concession pricing parameters and the effectiveness of the proposed SD-based concession pricing model was verified by a real toll tunnel project located in China. The test result shows that the proposed model is reliable, accurate, and suitable for the application by practitioners for concession price determination. To overcome the effect of risk factors on concession price, a pricing adjustment model using Case-base Reasoning (CBR) technique was proposed to consider the unquantifiable risk factors. It is believed that a rational and practical concession pricing model can create a 'win-win' situation for both the private investor and the host government. This research framework can also be used as a reference to study other facilities' pricing models. © 2011 Elsevier Ltd.","Article","Final","","Scopus","2-s2.0-84655169586"
"Hussain H.; De Vries M.","Hussain, Huda (58759647900); De Vries, Marne (36052357300)","58759647900; 36052357300","System dynamics applied in enterprise engineering – a systematic literature review","2025","Journal of Modelling in Management","20","1","","1","29","2","10.1108/JM2-05-2023-0082","https://www.scopus.com/pages/publications/85192557394?origin=resultslist","Purpose: This study aims to investigate the combined use of System Dynamics (SD) applications in Enterprise Engineering (EE) research and practice. SD application in EE is becoming widely accepted as a tool to support decision-making processes and for capturing relationships within enterprises. Design/methodology/approach: A systematic literature review (SLR) is conducted using a standard SLR method to provide a comprehensive review of existing literature. The search was conducted on ten platforms identifying 30 publications which were analysed through the use and development of a codebook. Findings: The SLR showed that 90% of the result set consisted of peer-reviewed academic conferences and journal papers. The SLR identified a highly dispersed author set of 83 authors. Amongst these authors, Vinay Kulkarni was an active author who has co-authored up to four publications in this research area. The analysis further revealed that the combined use of SD applications and EE is an emerging research area that still needs to develop in maturity. While all phases of EE have received attention, the current research work is more focused on the design phase. The important gap between model development and implementation is identified. Originality/value: The study elucidates the existing status of interdisciplinary research combining techniques from the SD and EE disciplines, suggesting future research topics that combine the strengths of these existing disciplines. © 2024, Huda Hussain and Marne De Vries.","Review","Final","All Open Access; Green Open Access; Hybrid Gold Open Access","Scopus","2-s2.0-85192557394"
"Riaz H.; Iqbal Ahmad Khan K.; Ullah F.; Bilal Tahir M.; Alqurashi M.; Alsulami B.T.","Riaz, Hassan (57833284900); Iqbal Ahmad Khan, Khurram (57189578658); Ullah, Fahim (57209067688); Bilal Tahir, Muhammad (57203854048); Alqurashi, Muwaffaq (56308217500); Alsulami, Badr T. (55924261600)","57833284900; 57189578658; 57209067688; 57203854048; 56308217500; 55924261600","Key factors for implementation of total quality management in construction Sector: A system dynamics approach","2023","Ain Shams Engineering Journal","14","3","101903","","","53","10.1016/j.asej.2022.101903","https://www.scopus.com/pages/publications/85135525277?origin=resultslist","Maintaining quality in construction projects is paramount to project success, achieved through techniques such as Total Quality Management (TQM). However, the key factors of TQM implementation in the construction industry of developing countries are not well explored. Accordingly, this paper evaluated the causative relationship and intricacies of TQM implementation in the construction sector of developing countries. A total of 28 key factors of TQM were captured through a literature review. Thereafter, 12 significant key factors were shortlisted. Lack of top management commitment, poor customer/client satisfaction, inadequate quality of education regarding TQM, and ineffective organizational quality culture emerged as impediments to implementing TQM in the construction sector. A Causal Loop Diagram (CLD) was developed to represent interrelations between the 12 shortlisted factors. In addition, a system dynamics model (SDM) was developed. The simulation results of the developed SDM indicated an increase in TQM implementation over the period under the defined system. © 2022 THE AUTHORS","Article","Final","All Open Access; Gold Open Access; Green Open Access","Scopus","2-s2.0-85135525277"
"Franco E.F.; Hirama K.; Carvalho M.M.","Franco, Eduardo Ferreira (57212431968); Hirama, Kechi (55788399400); Carvalho, Marly M. (8392510600)","57212431968; 55788399400; 8392510600","Applying system dynamics approach in software and information system projects: A mapping study","2018","Information and Software Technology","93","","","58","73","49","10.1016/j.infsof.2017.08.013","https://www.scopus.com/pages/publications/85028561616?origin=resultslist","Context Software and information system are everywhere and the projects involving them are becoming more complex. However, these projects performance patterns are not showing improvement or convergence over time. Additionally, there is a growing interest in modeling the complexities involved in such projects for evaluating long-term impacts, especially the dynamic dimension. Objective This study aims to analyze how the system dynamics approach has been used in the scientific literature to model complexity in software and information system projects. Method The research approach used was a mapping study that combined bibliometrics and content analysis to draw the scenario of the research literature related to software and information system projects, identifying patterns, evolution trends, and research gaps. Results The results show the focus of the studies analyzed regarding the step of policy design and evaluation in the modeling process (46%), besides investigating software development projects (34%). This study also reveals that the most employed tools are simulations (78%) and the causal loop diagram (61%), but only 37% presented model equations. As for the software and information system projects success dimension, system quality has prevailed (73%). Conclusion The mapping showed that there is a gap of studies exploring the implementation and post implementation phases of software and information systems. Few studies explored the social components; the majority of the studies focused on technical aspects and did not report the complete steps of system dynamics modeling development process. This lack of information hinders the reproduction of past results for expanding and developing new studies. © 2017 Elsevier B.V.","Review","Final","","Scopus","2-s2.0-85028561616"
"Amelia P.; Wirjodirdjo B.; Dewi R.S.","Amelia, Putri (57220206986); Wirjodirdjo, Budisantoso (56427032500); Dewi, Ratna Sari (56252649800)","57220206986; 56427032500; 56252649800","Application of System Dynamics Simulation in Food Supply Chain: Review and Bibliometric Analysis","2023","AIP Conference Proceedings","2828","1","040001","","","1","10.1063/5.0164988","https://www.scopus.com/pages/publications/85182352511?origin=resultslist","The food supply chain actor is complex. Many actors are involved, such as suppliers, manufacturers or producers, distribution, retailers and customers. The number of actors is interdependent with each other. Additionally, system dynamic is one of the simulation methodologies capturing the holistic, nonlinear and multiloop systems. This research aims to capture the overview of academic studies about system dynamic simulation' applications in the food supply chain. The methodology that has been used in this research is using systematic literature review and bibliometric analysis method. There are five phases to the research process. The first step is searching criteria and sourcing the identification. Then, filtering the period and language used. The final step is the analysis of data and interpretation. The analysis of this research will find the predominant contributing articles, authors, affiliations, and Keyword. VOS viewer will portray the systematic graphical and clustering data. Research grouping will be beneficial in analyzing the development of simulation innovations, especially in the future research group in the food supply chain field. Moreover, this research will classify the application of system dynamics simulation in the content of the type of food product in the food supply chain, the research goal (social, economic, environmental), and the stakeholder engagement in the supply chain. Then, the researchers and practitioners shall be able to explore the topic initiatives that have the hallmarks of future developments. © 2023 American Institute of Physics Inc.. All rights reserved.","Conference paper","Final","All Open Access; Bronze Open Access","Scopus","2-s2.0-85182352511"
"Wang H.; Wei S.; Chen X.; Wang Z.; Xu Q.","Wang, Haixin (57190132087); Wei, Shengsong (57538031000); Chen, Xin (59535851300); Wang, Zuhe (51666469000); Xu, Qian (59680502600)","57190132087; 57538031000; 59535851300; 51666469000; 59680502600","Environmental Benefits Evaluation of Construction CO2 Emission Reduction Management Using System Dynamics Approach","2025","Environmental Science and Engineering","Part F97","","","93","115","0","10.1007/978-3-031-47757-7_7","https://www.scopus.com/pages/publications/86000580480?origin=resultslist","With the rapid development of urbanization, a huge amount of greenhouse-gas has been generated from increasing higher amounts of construction activities, which has significant negative impacts on the environment if they are not properly managed. Therefore, more and more scholars start to research the CO2 emissions reduction of construction industry. However, it has been determined that existing studies with respect to CO2 emissions reduction are mainly carried out from a static perspective, without considering the dynamic and interdependent nature of the whole CO2 emissions reduction system. Therefore, based on literature review and interview survey, Vensim software was used to establish a system dynamic model of construction CO2 emissions reduction management at the construction stage and simulate the environmental benefits of construction CO2 emissions reduction management. The application of the proposed model is shown by using a case. The simulation results indicate that the CO2 emissions reduction management can reduce 10.84% of CO2 emissions. In the meantime, the CO2 emissions reduction management achieves good environmental benefits including saving energy consumption of 59,718.5 kgce, saving waste landfill of 8434.28 m3 and the reduction of global warming potential of 3620.51 tCO2-e. Scenario analysis reveals that using low-carbon materials has the optimal reduction effect in single measure, which can reduce 16.50% of CO2emissions. Compared with a single measure, the maximum emissions reduction of multiple measures can reach 21.05%. Therefore, in order to realize best environmental benefits of construction CO2 emissions reduction management, multiple measures should be used simultaneously, such as using low-carbon materials, recycling and reusing materials and improving operation efficiency of construction equipment. This study can help construction professionals determine the optimal emissions reduction strategy and provide references for project managers in assessing the reduction outcomes of construction projects and the environmental benefits. © The Author(s), under exclusive license to Springer Nature Switzerland AG 2025.","Book chapter","Final","","Scopus","2-s2.0-86000580480"
"Elsawah S.; Pierce S.A.; Hamilton S.H.; van Delden H.; Haase D.; Elmahdi A.; Jakeman A.J.","Elsawah, Sondoss (36682211400); Pierce, Suzanne A. (46761345200); Hamilton, Serena H. (23666426400); van Delden, Hedwig (24778852500); Haase, Dagmar (7005362244); Elmahdi, Amgad (16641902600); Jakeman, Anthony J. (56854821800)","36682211400; 46761345200; 23666426400; 24778852500; 7005362244; 16641902600; 56854821800","An overview of the system dynamics process for integrated modelling of socio-ecological systems: Lessons on good modelling practice from five case studies","2017","Environmental Modelling and Software","93","","","127","145","239","10.1016/j.envsoft.2017.03.001","https://www.scopus.com/pages/publications/85015848814?origin=resultslist","Similar to other modelling methodologies, the potential of system dynamics to contribute to system understanding and decision making depends upon the practices applied by the modeller. However lessons about many of these practices are often unreported. This paper contributes to the methodology of system dynamics modelling of socio-ecological systems by 1) examining issues modellers face during the modelling process, and 2) providing guidance on how to effectively design and implement system dynamics modelling. This is achieved through an investigation of five case studies, drawing on lessons from these experiences. This is complemented by a literature review of system dynamics applied within the context of integrated modelling and environmental DSS. The case studies cover a variety of environmental issues and system dynamics modelling methods and tools. Although we used system dynamics as the common lens from which lessons are drawn, many of these insights transcend to other integrated modelling approaches. © 2017 Elsevier Ltd","Article","Final","","Scopus","2-s2.0-85015848814"
"Cail V.; Beenackers M.A.; ter Ellen F.; Droomers M.; Dijst M.; Oude Groeniger J.; van Lenthe F.J.","Cail, Vernon (60087968700); Beenackers, Mariëlle A. (35195362200); ter Ellen, Fleur (57948105800); Droomers, Mariël (6601938936); Dijst, Martin (6603770108); Oude Groeniger, Joost (57193728498); van Lenthe, Frank J. (6603837274)","60087968700; 35195362200; 57948105800; 6601938936; 6603770108; 57193728498; 6603837274","Understanding the systems dynamics of neighborhood socioeconomic inequities in health in European cities: a causal loop diagram","2026","Health and Place","97","","103595","","","0","10.1016/j.healthplace.2025.103595","https://www.scopus.com/pages/publications/105025717378?origin=resultslist","Urban neighborhood inequities in health remain a persistent public health issue, despite many efforts to promote health equity. Given the complex nature of these inequities, a complex systems science approach is essential to identify and understand their underlying causes. In this study, a causal loop diagram (CLD) was developed to visualize the underlying mechanisms contributing to urban neighborhood inequities in self-assessed health. The CLD was based on the results from a scoping literature review and the input from an interdisciplinary group of researchers. Three overarching themes were identified: 1) Uneven power dynamic in decision-making, 2) Socioeconomic sorting through environmental factors, 3) Mutual reinforcement of social cohesion and the physical environment. The interplay of these themes demonstrates that addressing neighborhood inequities in health requires an integrated approach that is inclusive in the decision-making processes and empowers communities. © 2025 The Authors. Published by Elsevier Ltd. This is an open access article under the CC BY license. http://creativecommons.org/licenses/by/4.0/","Article","Final","All Open Access; Green Open Access; Hybrid Gold Open Access","Scopus","2-s2.0-105025717378"
"Mastinu G.; Ploechl M.","Mastinu, Giampiero (7004067252); Ploechl, Manfred (6701329804)","7004067252; 6701329804","Road and off-road vehicle system dynamics handbook","2014","Road and Off-Road Vehicle System Dynamics Handbook","","","","1","1780","66","","https://www.scopus.com/pages/publications/85133036594?origin=resultslist","Featuring contributions from leading experts, the Road and Off-Road Vehicle System Dynamics Handbook provides comprehensive, authoritative coverage of all the major issues involved in road vehicle dynamic behavior. While the focus is on automobiles, this book also highlights motorcycles, heavy commercial vehicles, and off-road vehicles. The authors of the individual chapters, both from automotive industry and universities, address basic issues, but also include references to significant papers for further reading. Thus the handbook is devoted both to the beginner, wishing to acquire basic knowledge on a specific topic, and to the experienced engineer or scientist, wishing to have up-to-date information on a particular subject. It can also be used as a textbook for master courses at universities. The handbook begins with a short history of road and off-road vehicle dynamics followed by detailed, state-of-the-art chapters on modeling, analysis and optimization in vehicle system dynamics, vehicle concepts and aerodynamics, pneumatic tires and contact wheel-road/off-road, modeling vehicle subsystems, vehicle dynamics and active safety, man-vehicle interaction, intelligent vehicle systems, and road accident reconstruction and passive safety. Provides extensive coverage of modeling, simulation, and analysis techniques. Surveys all vehicle subsystems from a vehicle dynamics point of view. Focuses on pneumatic tires and contact wheel-road/off-road. Discusses intelligent vehicle systems technologies and active safety. Considers safety factors and accident reconstruction procedures. Includes chapters written by leading experts from all over the world. This text provides an applicable source of information for all people interested in a deeper understanding of road vehicle dynamics and related problems. © 2014 by Taylor & Francis Group, LLC. All rights reserved.","Book","Final","","Scopus","2-s2.0-85133036594"
"Arıcı-Şahin F.; Köse Ö.","Arıcı-Şahin, Fatma (57204857120); Köse, Özlem (59062857000)","57204857120; 59062857000","Navigating couple and larger systems dynamics: Healthcare workers’ COVID-19 experiences in Turkey","2025","Family Relations","74","5","","2277","2296","0","10.1111/fare.70045","https://www.scopus.com/pages/publications/105015406334?origin=resultslist","Objective: This study explored how caring for COVID-19 patients impacted the marriages and support systems of healthcare workers in Turkey. Background: The pandemic intensified mental health challenges for healthcare workers, significantly affecting their personal and professional relationships. Understanding the experiences of married healthcare workers is crucial for addressing unique stressors and enhancing relational resilience. Method: Seventeen healthcare professionals treating COVID-19 patients were interviewed. Thematic analysis was used to examine couple dynamics and connections with broader support systems. Results: Within couple relationships, themes included communication patterns (both positive and negative), division of domestic labor, adherence to hygiene measures, emotional bonding and physical intimacy, and financial strains. At a broader systems level, participants described experiencing both supportive actions and emotional distance from their close social circles and organizational structures, underscoring the pandemic's complex influence on healthcare workers’ relational worlds. Conclusion: Many participants reported strengthened relationships through shared activities and emotional support. However, some couples, burdened by long hours and lack of support, experienced negative interaction patterns. Implications: The study highlights the influence of gender on the pandemic's impact on healthcare workers’ marriages and social connections, underscoring the need for targeted support systems during global health crises. © 2025 National Council on Family Relations.","Article","Final","","Scopus","2-s2.0-105015406334"
"Chen F.Y.","Chen, Fan Y (24517424000)","24517424000","A survey of the state of the art of cam system dynamics","1977","Mechanism and Machine Theory","12","3","","201","224","49","10.1016/0094-114X(77)90020-9","https://www.scopus.com/pages/publications/0017685547?origin=resultslist","The primary aim of this paper is to review the development and the status of the kinematics and dynamics of cam-and-follower systems. Significant information in the field, scattered over various sources, is examined and brought into a coherent framework of the author's own view of the subject. The areas where fruitful work may be done are indicated. © 1977.","Article","Final","","Scopus","2-s2.0-0017685547"
"Xu B.; Banerjee A.; Gupta S.","Xu, Bin (60233617900); Banerjee, Ayan (56438567300); Gupta, Sandeep (34975062800)","60233617900; 56438567300; 34975062800","Enabling Physical AI at the Edge: Hardware-Accelerated Recovery of System Dynamics","2025","Conference Record - Asilomar Conference on Signals, Systems and Computers","","","","334","340","0","10.1109/IEEECONF67917.2025.11443790","https://www.scopus.com/pages/publications/105035833626?origin=resultslist","Physical AI at the edge - enabling autonomous systems to understand and predict real-world dynamics in real-time - demands efficient hardware acceleration. Model recovery (MR), which extracts governing equations from sensor data, is critical for safe and explainable monitoring in mission-critical autonomous systems (MCAS) operating under severe time, compute, and power constraints. While Field Programmable Gate Arrays (FPGAs) offer promising reconfigurable hardware for edge deployment, state-of-the-art (SOTA) MR methods like EMILY and PINN+SR rely on Neural ODEs requiring iterative solvers that resist hardware acceleration. This paper presents MERINDA (Model Recovery in Dynamic Architecture), an FPGA-accelerated framework specifically designed to enable physical AI at the edge. MERINDA replaces computationally expensive Neural Ordinary Differential Equation (ODE) components with a hardware-friendly architecture combining: (a) Gated Recurrent Unit (GRU) layers for discretized dynamics, (b) dense inverse ODE layers, (c) sparsity-driven dropout, and (d) lightweight ODE solvers - with critical components fully parallelized on FPGA. Evaluated on four benchmark nonlinear dynamical systems, MERINDA achieves transformative improvements over Graphics Processing Unit (GPU) implementations: 114× reduction in energy consumption (434J vs. 49,375J), 28× smaller memory footprint (214MB vs. 6,118MB), and 1.68× faster training - while maintaining model recovery accuracy equivalent to SOTA methods. These results validate MERINDA's capability to bring physical AI to resource-constrained edge devices for real-time autonomous system monitoring. © 2025 IEEE.","Conference paper","Final","","Scopus","2-s2.0-105035833626"
"Anderson E.G.; Keith D.R.; Lopez J.","Anderson, Edward G. (35611839300); Keith, David R. (57092513700); Lopez, Jose (57911028100)","35611839300; 57092513700; 57911028100","Opportunities for system dynamics research in operations management for public policy","2023","Production and Operations Management","32","6","","1895","1920","21","10.1111/poms.13947","https://www.scopus.com/pages/publications/85150881120?origin=resultslist","Operations management (OM) in the public policy context is extremely complex with many mutually interacting factors characterized by feedback loops, delays and nonlinearities, as well as multiple stakeholders pursuing divergent objectives. Prior researchers have called for a systems approach in these contexts, arguing that standard OM methodologies such as mathematical programming, and queuing theory often cannot fully address these problems. Researchers have employed one such systems approach, system dynamics, successfully for decades for studying OM problems in public policy because it can address such complexity and can also integrate disciplines from outside OM such as political science, epidemiology, ecology, etc. In this paper, we create a roadmap for researchers—both those who are familiar with systems dynamics and those who are not—for the expanded use of system dynamics studying public policy-related OM problems. We review and organize relevant system dynamics literature in both traditional operations management venues as well as public policy venues unfamiliar to OM audiences. We then identify a set of interesting open questions and potential system dynamics building blocks for answering them by topic. Leveraging this review, we describe under what conditions system dynamics is most appropriate. We then identify several overarching methodological and domain gaps for future research. Finally, we build on previous work to extend a process for using system dynamics with traditional operations management methodologies. It separates model building into two sequential phases: consensus-building models and detailed operational models. It also incorporates scenario planning and feedback from implementation outcomes. © 2023 Production and Operations Management Society.","Article","Final","","Scopus","2-s2.0-85150881120"
"Cunico G.; Elsawah S.; Gary M.S.; Cao T.; Kosowski L.; Richmond M.K.","Cunico, G. (57216492418); Elsawah, S. (36682211400); Gary, M.S. (6603611305); Cao, T. (57211267620); Kosowski, L. (55520007100); Richmond, M.K. (40661707400)","57216492418; 36682211400; 6603611305; 57211267620; 55520007100; 40661707400","System dynamics applications for defence combat modelling: preliminary insights from a literature exploration","2021","Proceedings of the International Congress on Modelling and Simulation, MODSIM","","","","806","812","1","","https://www.scopus.com/pages/publications/85177058173?origin=resultslist","System dynamics (SD) encompasses a suite of conceptual and simulation methods used to study complex system behaviour over time. The structure of an SD model represents the cause-effect relationships and feedback loops in the system. SD models include stocks and flows to map system structure. Stocks, also known as accumulations, characterise the system state and change in response to flows (also known as rates). For example, the number of armoured vehicles involved in a conflict could be represented as a stock that changes in response to the attrition rate. SD causal mapping and conceptual models help teams generate ideas and facilitate shared understanding by developing a coherent representation of the problem. The causal representation of SD models provides a useful means for stakeholders to understand dynamic problems, reason about the effect of changes, and identify potential leverage points. The use of simulation methods to examine dynamic behaviour over time enables assessing alternative decisions under a range of scenarios, evaluating the veracity of different views and providing evidence linking assumptions and outcomes. SD has been used to analyse a range of different defence decisions and topics. In this paper, we focus on combat modelling as an important research and application area in defence modelling. Given the lack of synthesis on the use of SD in combat modelling, this paper provides a preliminary exploration of the topic to identify the most salient points and set the groundwork for future research. We review and synthesise published SD applications in combat modelling to understand how SD models have been used to analyse alternative combat force designs and strategies. The review provides a starting point for researchers who want to understand the SD combat modelling literature and those who want to build SD models to examine combat dynamics. The paper is organised around addressing four research questions: (i) why use SD for combat modelling, (ii) where does SD combat modelling fit within the broad SD defence modelling domain, (iii) what recurrent themes and operationalisation can be found in SD combat models, and (iv) what is the SD combat modelling state of the art? We conclude by identifying promising future research directions, such as: applying SD to explain the impact of new technologies involving the integration of autonomous systems to combat. © 2021 Proceedings of the International Congress on Modelling and Simulation, MODSIM. All rights reserved.","Conference paper","Final","","Scopus","2-s2.0-85177058173"
"Atkinson J.-A.M.; Wells R.; Page A.; Dominello A.; Haines M.; Wilson A.","Atkinson, Jo-An M. (56268300100); Wells, Robert (57197790754); Page, Andrew (7201642335); Dominello, Amanda (6505791463); Haines, Mary (7102379464); Wilson, Andrew (35406865800)","56268300100; 57197790754; 7201642335; 6505791463; 7102379464; 35406865800","Applications of system dynamics modelling to support health policy","2015","Public Health Research and Practice","25","3","e2531531","","","105","10.17061/phrp2531531","https://www.scopus.com/pages/publications/84993661878?origin=resultslist","Introduction: The value of systems science modelling methods in the health sector is increasingly being recognised. Of particular promise is the potential of these methods to improve operational aspects of healthcare capacity and delivery, analyse policy options for health system reform and guide investments to address complex public health problems. Because it lends itself to a participatory approach, system dynamics modelling has been a particularly appealing method that aims to align stakeholder understanding of the underlying causes of a problem and achieve consensus for action. The aim of this review is to determine the effectiveness of system dynamics modelling for health policy, and explore the range and nature of its application. Method: A systematic search was conducted to identify articles published up to April 2015 from the PubMed, Web of Knowledge, Embase, ScienceDirect and Google Scholar databases. The grey literature was also searched. Papers eligible for inclusion were those that described applications of system dynamics modelling to support health policy at any level of government. Results and discussion: Six papers were identified, comprising eight case studies of the application of system dynamics modelling to support health policy. No analytic studies were found that examined the effectiveness of this type of modelling. Only three examples engaged multidisciplinary stakeholders in collective model building. Stakeholder participation in model building reportedly facilitated development of a common 'mental map' of the health problem, resulting in consensus about optimal policy strategy and garnering support for collaborative action. The paucity of relevant papers indicates that, although the volume of descriptive literature advocating the value of system dynamics modelling is considerable, its practical application to inform health policy making is yet to be routinely applied and rigorously evaluated. Conclusion: Advances in software are allowing the participatory model building approach to be extended to more sophisticated multimethod modelling that provides policy makers with more powerful tools to support the design of targeted, effective and equitable policy responses for complex health problems. Building capacity and investing in communication to promote these modelling methods, as well as documenting and evaluating their applications, will be vital to supporting uptake by policy makers. © 2015 Atkinson et al.","Article","Final","All Open Access; Gold Open Access","Scopus","2-s2.0-84993661878"
"Hamoudi K.; Bellaouar A.; Petiot R.","Hamoudi, Kahina (57222134189); Bellaouar, Ahmed (26648180000); Petiot, Romain (6602982426)","57222134189; 26648180000; 6602982426","A model of systems dynamics for physical flow analysis in a distribution supply chain","2021","Transport and Telecommunication","22","1","","98","108","12","10.2478/ttj-2021-0008","https://www.scopus.com/pages/publications/85101631233?origin=resultslist","This article proposes a model of systems dynamics for the analysis and study of physical flows in a distribution logistics chain. The proposed model is a decision support tool that allows testing several scenarios in order to study the behavior of physical flows within a supply chain depending on the inventory and transport costs and taking into consideration the environmental issues through the integration of a CO2tax in transport costs. The developed model can be used to analyze various scenarios and perform various ""what-if"" analyzes, as well as to answer questions about the long-term operation of distribution chains. The results show that logistic decisions and strategies taken at the supply chain level influence inventory and transport costs. They show also that the model is a well decision-support tool for calculating and analyzing transport and inventory costs. We first expose the methodology and the literature review. Next, we present in detail the structure of the model consisting of the causal loops diagram and stock and flow diagram. Finally, we discuss the results of the model. © 2021 Sciendo. All rights reserved.","Article","Final","All Open Access; Gold Open Access; Green Open Access","Scopus","2-s2.0-85101631233"
"Berariu R.; Fikar C.; Gronalt M.; Hirsch P.","Berariu, Romana (56549883900); Fikar, Christian (56282559900); Gronalt, Manfred (6603325983); Hirsch, Patrick (26026340800)","56549883900; 56282559900; 6603325983; 26026340800","Training decision-makers in flood response with system dynamics","2016","Disaster Prevention and Management","25","2","","118","136","17","10.1108/DPM-06-2015-0140","https://www.scopus.com/pages/publications/84962529485?origin=resultslist","Purpose – The purpose of this paper is to present a training model for decision makers that covers the complexity which is inherent in decision-making processes in times of floods. Design/methodology/approach – Through literature review, case study analysis and iterative interviews with decision-makers, the model was established. It enables one to simulate different scenarios depending on selected influencing factors and was implemented with Stella 9.1. Findings – Flood events are highly complex and their development process is significantly influenced by various conditions. The findings show that the most important factor is the water level which determines the time available to respond. The presented System Dynamics (SD) model has the capability to capture such complex settings. Through what-if analysis and the comparison of different scenarios, learning effects are achieved by using the model. Research limitations/implications – The level of abstraction is high. Not all influencing variables can be incorporated due to the variety of flood events. Based on experts’ recommendations, the most relevant factors were included as areas of focus in the model. Practical implications – The generated model is presented to facilitate holistic comprehension of the modelling process. It offers the possibility to start learning processes through scenario analyses in order to strengthen decision-makers’ understanding of complexity. Originality/value – To the best of our knowledge, there are no comparable studies that focus on the generation process of building an SD-model for educational purposes in flood response. © 2016, © Emerald Group Publishing Limited.","Article","Final","","Scopus","2-s2.0-84962529485"
"Zhang J.; Huang Y.-J.","Zhang, Jing (57206848123); Huang, Yi-Jun (36642570200)","57206848123; 36642570200","A study on the influence of mobile operators' terminal subsidy and customization in the diffusion of 3G services based on system dynamics","2009","PICMET: Portland International Center for Management of Engineering and Technology, Proceedings","","","5261796","2740","2744","1","10.1109/PICMET.2009.5261796","https://www.scopus.com/pages/publications/70450209934?origin=resultslist","Mobile terminals hold an important position in the mobile communication industry. Different strategies to control terminal provision are adopted by mobile network operators. Especially in the recent years, in the 3G services development, terminal subsidy and customization strategy is adopted by many operators. This paper aims to discuss how the operators' strategies of 3G terminal customization influence the diffusion rate of 3G services. The research begins with a literature review on the theories of innovation diffusion. The factors affecting the diffusion rate of mobile services are identified as the stand-alone value of the service, the switching cost of customers, the availability of capable terminals, the installed base and the marketing strategies for the service. Further analysis finds influencing sub-factors for those factors. For example, the availability of capable terminals is determined by the variety and quantity of terminals, and the compatibility with services, etc. Since there are complicated relationships among all the factors and sub-factors, a System Dynamics (SD) model is set up to simulate the network. The parameter related to terminal strategies is changed to find their effects in a certain market situation. Conclusions are given according to the simulation results. © 2009 PICMET.","Conference paper","Final","","Scopus","2-s2.0-70450209934"
"Gan T.R.","Gan, Tian Ru (56233314300)","56233314300","Explore the underpinning of applying ""system dynamics"" research in construction project management-a literature review from 1998 to 2012","2014","Advanced Materials Research","945-949","","","3016","3021","0","10.4028/www.scientific.net/AMR.945-949.3016","https://www.scopus.com/pages/publications/84903372747?origin=resultslist","This paper aims to examine the literatures with regard to the application of system dynamic (SD) in construction project management published from 1998 to 2012. By using the content analysis method, we divided the concerned literatures into four categories:(1) application in performance; (2)application in analyzing dynamic factors; (3) application in modeling; (4) application in evaluation. Based on the categorical review on the applications of SD in construction project management,we found that SD is an appropriate method for understanding and managing the dynamics and complexity of construction projects from a dynamic and holistic view. However, this research topic are not well developed for the limited literatures and there is still a lot of research work needs to be done. And therefore, the implications for the future research directions were presented and an increasing trend of applying the SD techniques in construction project management research is observed. © (2014) Trans Tech Publications, Switzerland.","Conference paper","Final","","Scopus","2-s2.0-84903372747"
"Vitharana V.H.P.; Chinda T.","Vitharana, V.H.P. (57195735198); Chinda, Thanwadee (23666614700)","57195735198; 23666614700","Development of a lower back pain prevention index for heavy equipment operators in the construction industry: system dynamics modelling","2021","International Journal of Construction Management","21","7","","677","693","8","10.1080/15623599.2019.1579969","https://www.scopus.com/pages/publications/85062440646?origin=resultslist","Lower back pain (LBP) due to the whole-body vibration exposure is a common health problem among heavy equipment operators in the construction industry. This study utilizes a system dynamics modelling approach to develop a dynamics model of the LBP prevention index in Sri Lankan construction industry to assess the current level of LBP prevention maturity and plan for long-term improvement. The developed dynamics model consists of five key factors, namely (1) personal, (2) organizational, (3) equipment, (4) job-related and (5) social-context, together with their 17 associated items. Both secondary and primary data are used for the model development. Secondary data are extracted from several literature reviews, while primary data are obtained from interviews and observations on sites. The simulation results show that the LBP prevention index reaches the highest maturity level, which is level 5, at 39 years. Personal, job-related and social-context are key factors that enhance the LBP prevention index in the long-term. A construction company should focus more on human aspects than equipment acquisition, as this helps to achieve higher levels of maturity in the long-term. A construction company can use the developed dynamics model to plan for an effective LBP prevention program to enhance the LBP prevention index in the long-term. © 2019 Informa UK Limited, trading as Taylor & Francis Group.","Article","Final","","Scopus","2-s2.0-85062440646"
"Waterlander W.E.; Singh A.; Altenburg T.; Dijkstra C.; Luna Pinzon A.; Anselma M.; Busch V.; van Houtum L.; Emke H.; Overman M.L.; Chinapaw M.J.M.; Stronks K.","Waterlander, Wilma E. (35273890800); Singh, Amika (57208465993); Altenburg, Teatske (15047527900); Dijkstra, Coosje (35336347100); Luna Pinzon, Angie (57205163597); Anselma, Manou (57201458079); Busch, Vincent (55227608500); van Houtum, Lieke (55845298400); Emke, Helga (57212342940); Overman, Meredith L. (57217831011); Chinapaw, Mai J.M. (26029744000); Stronks, Karien (7003354375)","35273890800; 57208465993; 15047527900; 35336347100; 57205163597; 57201458079; 55227608500; 55845298400; 57212342940; 57217831011; 26029744000; 7003354375","Understanding obesity-related behaviors in youth from a systems dynamics perspective: The use of causal loop diagrams","2021","Obesity Reviews","22","7","e13185","","","78","10.1111/obr.13185","https://www.scopus.com/pages/publications/85098151075?origin=resultslist","This paper reports how we applied systems dynamics methods to gain insight into the complexity of obesity-related behaviors in youth, including diet, physical activity, sedentary behavior, and sleep, by integrating a literature review into causal loop diagrams (CLDs). Results showed that the CLDs consisted of multiple subsystems and three types of dynamics appeared, including (1) feedback loops, (2) connections between feedback loops and subsystems, and (3) mechanisms. We observed clear similarities in the dynamics for the four behaviors in that they relate to “traditional” subsystems, such as home and school environments, as well as to newly added subsystems, including macroeconomics, social welfare, and urban systems. The CLDs provided insights that can support the development of intervention strategies, including (1) the confirmation that a range of mechanisms cover and connect multiple levels and settings, meaning that there is no silver bullet to address obesity; (2) understanding of how interventions in one particular setting, such as school, might be influenced by the interactions with other settings, such as urban systems; and (3) a comprehensive view of (un)intended consequences. This way of framing the problem will assist moving towards public health interventions that respond to and operate in the complexity of the real world. © 2020 The Authors. Obesity Reviews published by John Wiley & Sons Ltd on behalf of World Obesity Federation.","Article","Final","All Open Access; Green Open Access; Hybrid Gold Open Access","Scopus","2-s2.0-85098151075"
"Rincón M.G.; Rincón A.G.","Rincón, Marcela Guzmán (59327791400); Rincón, Alfredo Guzmán (57221689054)","59327791400; 57221689054","Modeling of Production Chains in the Food Industry from the Perspective of System Dynamics for Decision Making: A Mapping Review; [Modelado de Cadenas de Producción en la Industria Alimentaria desde la Perspectiva de la Dinámica de Sistemas para la Toma de Decisiones: Una Revisión de Mapeo]","2024","UCJC Business and Society Review","21","81","","96","131","1","10.3232/UBR.2024.V21.N2.03","https://www.scopus.com/pages/publications/85203996892?origin=resultslist","Food production is a cornerstone for the social and economic development of nations. Hence, it is acknowledged that food production chains face significant challenges due to increasing demand and external factors that can impact them. It is recognized that food production is not an isolated system but somewhat interconnected and highly complex. Therefore, system dynamics as a modeling method has gained recognition in academic and business circles for its ability to model systems and facilitate decision-making in food production. Given this recognition, this article aimed to identify and analyze research trends in modeling food production chains through system dynamics, with a particular focus on decision making. A mapping review was conducted to achieve this objective based on the search and selection from the SCOPUS database. The search and application of exclusion criteria yielded a sample of 38 documents. The results revealed an increasing trend in the number of documents published per year and the notable geographical diversity of the research. Three predominant groupings of the literature were identified: 1) sustainability and resource efficiency of supply chains, 2) interaction between water, energy, and food systems, and 3) application of system dynamics to the food industry. The mapping review identified the need to expand the methodology to a broader variety of problems within food production chains and the integration of multidisciplinary perspectives. This would allow a deeper understanding of the interactions between different systems and the influence of external factors. © 2024, Universia Holding. All rights reserved.","Article","Final","All Open Access; Gold Open Access","Scopus","2-s2.0-85203996892"
"Zhou Y.; Wang X.; Gosling J.; Naim M.M.","Zhou, Yuxuan (57877918500); Wang, Xun (55253950100); Gosling, Jonathan (57201752784); Naim, Mohamed M. (35568844500)","57877918500; 55253950100; 57201752784; 35568844500","The System Dynamics of Engineer-to-Order Construction Projects: Past, Present, and Future","2023","Journal of Construction Engineering and Management","149","5","03123004","","","15","10.1061/JCEMD4.COENG-12926","https://www.scopus.com/pages/publications/85149117028?origin=resultslist","System dynamics (SD) applications in high-volume production operations are widely used, helping to define decision rules to reduce costs associated with the variance in planning orders and inventory. The exploitation of SD in engineer-to-order (ETO) project-oriented supply chains - e.g., in construction, shipbuilding, and capital goods - is less well established. Hence, this research reviews the literature that takes a systematic ETO perspective in modeling construction projects, exploiting SD approaches. To comprehensively identify and filter previously published works, we used a keyword searching method using Web of Science and Scopus databases. After applying relevant exclusion criteria, 143 papers were selected. Although previous reviews of ETO literature, more generally, have been done, this work contributes to the body of knowledge by specifically reviewing SD applications in ETO industries and providing insights by creating a categorization system by which to determine existing gaps. Articles are categorized into the classic four phases of a project: aggregated planning, preproject planning, project execution, and postdelivery. Analyses of the methods, attributes, and applications of SD were undertaken for each phase. Findings indicate that SD research covers the range of ETO industries, of which construction is the most dominant, demonstrating SD's high applicability. The wealth of case-orientated research in the construction field provides a solid foundation for further SD studies in the ETO field. Further research should focus on (1) developing a general ETO archetype for performance benchmarking and strategy development in construction projects; (2) introducing analytical tools, such as control theoretic approaches as found in manufacturing production planning and control design, to improve understanding of the ETO systems' dynamic behaviors; (3) developing cross-phase, cross-project, design-production integrated, aggregated planning models via hybrid techniques modeling, which can improve understanding of an ETO system's performance; and (4) improving model fidelity. We also provide a research agenda for each phase of the ETO production.  © 2023 American Society of Civil Engineers.","Review","Final","All Open Access; Green Open Access","Scopus","2-s2.0-85149117028"
"Pretorius L.; Pretorius J.H.C.","Pretorius, L. (6701730111); Pretorius, J.H.C. (8417810000)","6701730111; 8417810000","A system dynamics approach to uncertainty in bridging technology interaction","2012","Proceedings of International Conference on Computers and Industrial Engineering, CIE","2","","","987","1002","1","","https://www.scopus.com/pages/publications/84892962960?origin=resultslist","This paper is an extension of previous research on the simulation of three technologies that interact in competition. Technology is considered as a result of innovation, a rate dependent process. Technology growth patterns can be traced in a number of ways. One interesting way that has been recently used very effectively is using bibliometrics as a data source for technology. In this paper the technology system is treated as a coupled system where the interacting dynamics is described by the Lotka-Volterra system of differential equations. The uncertainty in the interaction of the bridging technology with the mature defending technology and the newly introduced attacking technology is addressed in this research using a Monte Carlo multivariate simulation technique and a system dynamics approach. The research method is exploratory and case based a method that has been established as useful especially early on in research. Some exploration into cyclic behaviour of a modified version of the three technology system is also attempted. © 2012 CIE & SAIIE.","Conference paper","Final","","Scopus","2-s2.0-84892962960"
"Felmingham T.; Backholer K.; Hoban E.; Brown A.D.; Nagorcka-Smith P.; Allender S.","Felmingham, Tiana (57365189100); Backholer, Kathryn (6507444541); Hoban, Elizabeth (15070260800); Brown, Andrew D. (57201464558); Nagorcka-Smith, Phoebe (56835794600); Allender, Steven (11639981600)","57365189100; 6507444541; 15070260800; 57201464558; 56835794600; 11639981600","Success of community-based system dynamics in prevention interventions: A systematic review of the literature","2023","Frontiers in Public Health","11","","1103834","","","43","10.3389/fpubh.2023.1103834","https://www.scopus.com/pages/publications/85152096304?origin=resultslist","Systems thinking approaches are increasingly being used to help communities understand and develop responses to preventing complex health problems. Less is known about how success is characterized and what influences success in these approaches. We present a systematic review of how concepts of success are understood and evaluated in the peer reviewed literature of studies using systems thinking in community prevention. We searched five databases for peer-reviewed literature published between 2000 and 2022, with search terms related to systems thinking, prevention and community. Studies were included if they; reported using community-based systems thinking to prevent a public health problem; described the engagement and empowerment of community members to address a public health issue; and, were published in English. Thirty-four articles were identified from 10 countries. Twenty-one aimed to prevent a chronic disease (e.g., obesity) and 16 measured success using specific tools, 10 of which used semi-structured interviews or surveys. Measures of success included implementation processes, cultural appropriateness, the number or type of actions implemented, effectiveness of community action, and changes in individual thinking or mental models, population health outcomes, data collected, or systems level measures. Implementation factors influencing success included the capacity to engage participants, composition and experience of facilitators, strength of coordination teams, allocation of resources, adaptation to participant feedback, use of multiple systems approaches, workshop process providing time and methods to allow new insights, flexible delivery, and diversity of perspectives. Findings from each of the articles indicated that approaches increased a range of outcomes including community action, strategic thinking, future planning and evaluation, community buy-in, community voice, contribution and leadership, in addition to developing shared visions and goals and creating new, ongoing collaborations, among many others. Measures of success varied, suggesting more empirical reporting of proposed outcomes of system science in communities would be valuable. While the measurement of success in the use of systems thinking in community-based prevention efforts is limited, there are helpful examples we can look to for future measurement of success. Copyright © 2023 Felmingham, Backholer, Hoban, Brown, Nagorcka-Smith and Allender.","Review","Final","All Open Access; Gold Open Access; Green Open Access","Scopus","2-s2.0-85152096304"
"Patil N.A.; Thounaojam N.; Laishram B.","Patil, Nilesh Agarchand (56678337800); Thounaojam, Nicola (57226190520); Laishram, Boeing (35113532900)","56678337800; 57226190520; 35113532900","Enhancing sustainability of Indian PPP procurement process using system dynamics model","2021","Journal of Public Procurement","21","4","","345","369","10","10.1108/JOPP-01-2019-0002","https://www.scopus.com/pages/publications/85111846696?origin=resultslist","Purpose: Increasingly adopted by various governments for infrastructure development, public-private partnerships (PPPs) have become a popular procurement delivery system, outperforming other systems. However, PPPs have been especially criticised due to the lack of sustainability aspect during the development and implementation of the projects. In India, similar critiques have been raised, as these qualities have inhibited the development of society and increased the time and cost overrun in the development of PPP projects. This paper, therefore, aims to address the sustainability issues in PPPs and systematically analyses from the perspective of the principles of sustainable development. Design/methodology/approach: Based on literature review and focussed interviews with stakeholders in India, a qualitative system dynamics (SD) model using causal loop diagramming is developed to propose the inclusion of various strategies in the PPP procurement process, which can enhance the sustainability of the PPP process. Finally, the integration of these strategies in the current PPP procurement process has been highlighted in the form of the introduction of new mechanisms and policies and modification of the existing mechanism and procurement policies. Findings: The paper first highlights key sustainability issues in the PPP procurement process and suggests 34 strategies to address the issues. The modelling approaches and the proposed strategies, along with their interrelationships, could help the PPP decision makers in implementing responsive policies in bringing sustainable development in the PPP procurement process. Research limitations/implications: The SD model developed is based on limited data, primarily focussed on PPP procurement practices in the context of infrastructure development in India. Developing the model with the analysis of a wider range of data and constructing a customised model can take broader perspectives into account. Social implications: Adoption of the identified strategies can facilitate the inclusion of sustainability practices in the development of infrastructure projects, which are even procured using private finance. Originality/value: Studies on how to promote sustainable infrastructure development when procured through the PPP route are in the nascent stage. This study, therefore, extends the current body of knowledge on infrastructure projects implementation through PPPs from financial engineering and risk management to a sustainability perspective. © 2021, Emerald Publishing Limited.","Article","Final","","Scopus","2-s2.0-85111846696"
"Padiolleau G.; Bach O.; Hugget A.; Penninckx D.; Alexandre F.","Padiolleau, Guillaume (57219547462); Bach, Olivier (57225788578); Hugget, Alain (6507102439); Penninckx, Denis (7004240251); Alexandre, Frederic (7006444724)","57219547462; 57225788578; 6507102439; 7004240251; 7006444724","A Structure of Restricted Boltzmann Machine for Modeling System Dynamics","2020","Proceedings of the International Joint Conference on Neural Networks","","","9206758","","","0","10.1109/IJCNN48605.2020.9206758","https://www.scopus.com/pages/publications/85093832976?origin=resultslist","This paper presents a new approach for learning transition function in state representation learning (SRL) for control. While state-of-the-art methods use different deterministic neural networks to learn forward and inverse state transition functions independently with auto-supervised learning, we introduce a bidirectional stochastic model to learn both transition functions. We aim at using the uncertainty of the model on its predictions as an intrinsic motivation for exploration to enhance the representation learning. More, using the same model to learn both transition functions allows sharing the parameters, which can reduce their number and should increase the embedding quality of the representation. We use a factored restricted Boltzmann machine (fRBM) based model, enhanced with dedicated structure for learning system dynamics and transitions with shared parameters. The presented work focuses on building the structure of the bidirectional transition model for unsupervised learning. Our fRBM structure is directly inspired from physics interactions between inputs and outputs in reinforcement learning framework. We compare different training algorithms for learning the model that must be able to predict observable random variables to be used in SRL framework. Our structure is not restricted to any type of observable, nevertheless in this paper we focus on learning dynamics from the OpenAI Gym environment Swinging Pendulum. We show that the proposed structure is able to learn bidirectional transition function and performs well in prediction task. © 2020 IEEE.","Conference paper","Final","","Scopus","2-s2.0-85093832976"
"Mak T.M.W.; Wang L.; Wang L.; Tsang D.C.W.","Mak, Tiffany M.W. (57204141589); Wang, Lei (57060384300); Wang, Lei (59290237900); Tsang, Daniel C.W. (59170062200)","57204141589; 57060384300; 59290237900; 59170062200","System dynamics on wood and yard waste management","2020","Waste Biorefinery: Integrating Biorefineries for Waste Valorisation","","","","559","578","3","10.1016/B978-0-12-818228-4.00020-4","https://www.scopus.com/pages/publications/85128374401?origin=resultslist","This chapter introduces a system analysis approach, commonly known as System Dynamics (SD) method, and concerns designing models or representations of real-world systems and investigating their dynamics. The application of SD facilitates the understanding of the relationship between the behavior of a system over time and its underlying structure. By the end of the chapter, the major components and theory lay behind the use of SD are explained. A full discussion of the applications of SD on various environmental issues, comprehensive literature review on wood and yard waste management in the stream of municipal solid waste (MSW) and Construction and demolition (C&D), and the current implementation of SD on MSW and C&D waste management are included to demonstrate its broad application to explore “what-if” scenarios and policy analysis. © 2020 Elsevier B.V. All rights reserved.","Book chapter","Final","","Scopus","2-s2.0-85128374401"
"Fauzi R.; Sembiring J.; Nugraha I.G.B.B.; Rahmad B.","Fauzi, Rokhman (57204723554); Sembiring, Jaka (23096075700); Nugraha, I Gusti Bagus Baskara (8612622100); Rahmad, Basuki (14060716200)","57204723554; 23096075700; 8612622100; 14060716200","Addressing Dynamic and Socio-Technical Privacy Risks: A Position Paper on System Dynamics for Privacy-Risk Assessment","2026","2026 International Conference on Enterprise and Industrial System, ICOEINS 2026","","","","","","0","10.1109/ICOEINS69996.2026.11605523","https://www.scopus.com/pages/publications/105046427423?origin=resultslist","The pervasive digitalization of personal information in increasingly complex socio-technical systems renders traditional privacy risk assessment (PRA) approaches inadequate. Existing methods are often static and fragmented and fail to capture the dynamic evolution of privacy risks, including feedback loops, temporal delays, and interactions among technical, organizational, and human factors. This paper presents a systematic literature review conducted in accordance with PRISMA guidelines and identifies key shortcomings in current PRA approaches, including machine learning-based and rule-based methods, as well as static and single-entity models, particularly the absence of endogenous risk evolution and limited explainability. To address these limitations, this study proposes a Dynamic Privacy Risk Assessment Model (DIPRAM) that integrates System Dynamics with Machine Learning for causal-structural modeling and data-driven parameterization. A causal loop diagram is developed to operationalize the model, comprising four state variables: Privacy Risk, System Defensibility, Attacker Capability, and User Trust. The interactions among these variables are structured through five feedback loops, namely three reinforcing loops (R1: Threat Escalation, R2: Defensibility versus Attacker Capability, and R3: Trust Building) and two balancing loops (B1: Risk Management and B2: Trust-Risk Cycle). Unlike prior PRA approaches that rely on static or exogenous assumptions, the proposed model captures endogenous feedback mechanisms underlying privacy risk evolution in multi-entity systems. The model provides an adaptive foundation for simulation-based analysis, enabling proactive risk mitigation and supporting informed policy design. © 2026 IEEE.","Conference paper","Final","","Scopus","2-s2.0-105046427423"
"Cruz-Bohorquez J.M.; Adams S.G.; Bravo F.A.","Cruz-Bohorquez, Juan Manuel (57196986324); Adams, Stephanie G. (7402058034); Bravo, Flor Angela (56493338000)","57196986324; 7402058034; 56493338000","The Academic System Influence on Instructional Change: A Conceptual Systems Dynamics Model of Faculty Motivation to Adopt Research-Based Instructional Strategies (RBIS)","2024","Education Sciences","14","5","544","","","3","10.3390/educsci14050544","https://www.scopus.com/pages/publications/85194246254?origin=resultslist","Many universities have implemented initiatives to drive instructional change, yet their success has often been limited due to a lack of recognition of academia as a complex dynamic system. This paper explores how the interconnected and dynamic nature of academic systems influences faculty motivation to adopt instructional innovations, such as project-based learning (PBL) and small group collaborations (SGCs). We present a Conceptual Systems Dynamics Model (CSDM) that illustrates these interconnections, demonstrating how systemic factors create feedback loops that either reinforce or hinder faculty motivation, as well as other related factors. These loops, represented as Causal Loop Diagrams (CLDs), were derived from literature reviews and qualitative data obtained from interviews and focus groups involving 17 faculty and administrators within an Engineering Department at a research university in South America. The paper identifies thirteen CLDs, comprising seven reinforcing dynamics that positively influence faculty motivation and six balancing dynamics that exert negative pressure. Using empirical evidence and analysis, we describe how the systemic factors influence faculty motivation, and how shifts in motivation reciprocally impact these interconnected factors. By elucidating the complex dynamics at play, this research contributes to a deeper understanding of how to promote sustainable instructional change within academic institutions. © 2024 by the authors.","Article","Final","All Open Access; Gold Open Access; Green Open Access","Scopus","2-s2.0-85194246254"
"Wang Y.; Hu B.; Zhao Y.; Kuang G.; Zhao Y.; Liu Q.; Zhu X.","Wang, Ying (57223020507); Hu, Bo (57202684471); Zhao, Yuxue (57223019750); Kuang, Guofang (58388616700); Zhao, Yaling (57217382753); Liu, Qingwei (57217390359); Zhu, Xiuli (57202681678)","57223020507; 57202684471; 57223019750; 58388616700; 57217382753; 57217390359; 57202681678","Applications of System Dynamics Models in Chronic Disease Prevention: A Systematic Review","2021","Preventing Chronic Disease","18","","E103","","","21","10.5888/PCD18.210175","https://www.scopus.com/pages/publications/85122904352?origin=resultslist","Introduction Chronic disease is a serious health problem worldwide. Given that health care resources are limited, a comprehensive, effective, and affordable way is needed to provide insights to prevent chronic diseases. System dynamics models provide a comprehensive and systematic method that can predict results over time. These models can simulate and predict appropriate prevention measures for chronic diseases to determine the best practice. Methods Two researchers (Y.W., B.H.) independently searched databases (PubMed, Web of Science, Scopus, and Embase) for full-text articles published from January 2000 through February 2021. A PRISMA (Preferred Reporting Items for Systematic Reviews and Meta-Analysis) 2020–compliant search was carried out to review system dynamics models of chronic disease prevention. A total of 34 articles were included in our study. Results We divided the prevention measures of system dynamics models into 2 main categories: upstream prevention and downstream prevention. Upstream prevention measures include lifestyle (eg, tobacco control, balanced diet, mental health, moderate exercise), obesity prevention, and social factors. Downstream prevention measures include clinical treatment of chronic diseases. Results showed that effective upstream prevention measures could reduce the prevalence of chronic diseases, and downstream prevention measures could reduce the incidence of complications, improve quality of life, prolong life, save medical costs, and reduce mortality. Conclusion To our knowledge, our systematic review is the first to evaluate the application of system dynamics models in preventing chronic diseases. Such models can provide effective simulations. Hence, we can use system dynamics models to design and implement effective prevention measures for people with chronic diseases. © 2021,Preventing Chronic Disease. All Rights Reserved.","Article","Final","All Open Access; Gold Open Access; Green Open Access","Scopus","2-s2.0-85122904352"
"Liu M.; Le Y.; Hu Y.; Xia B.","Liu, Mingqiang (57204437282); Le, Yun (7005984035); Hu, Yi (55695354900); Xia, Bo (35604946500)","57204437282; 7005984035; 55695354900; 35604946500","A critical review of system dynamics modelling in construction management research","2019","Innovative Production And Construction: Transforming Construction Through Emerging Technologies","","","","607","620","0","10.1142/9789813272491_0034","https://www.scopus.com/pages/publications/85118023268?origin=resultslist","As an effective modelling method for large-scale systems of high complexities, the system dynamics (SD), mainly based on feedback structures, has been increasingly used in the construction management research. However, a systematic review of this area is unavailable until date. This chapter presents a systematic analysis of 100 papers from 40 peerreviewed journals. Useful data have been found in terms of years of publication, contribution by individuals and research institutions, citations of the selected papers and relevant research topics. These results are beneficial for future research of SD in the construction management field. © 2019 by World Scientific Publishing Co. Pte. Ltd.","Book chapter","Final","","Scopus","2-s2.0-85118023268"
"Yuan Z.; Wang H.; Yang Y.; Yi C.; Huang D.; Yu D.","Yuan, Zhenmin (57043892000); Wang, Haina (58741254300); Yang, Ye (57200289841); Yi, Chao (58739186500); Huang, Dajin (58741597700); Yu, Dehu (57194061662)","57043892000; 58741254300; 57200289841; 58739186500; 58741597700; 57194061662","Improving the construction accuracy of precast components in prefabricated buildings by analyzing relevant factors from the perspective of supply chain: a system dynamics model","2024","Architectural Engineering and Design Management","20","2","","230","248","10","10.1080/17452007.2023.2286303","https://www.scopus.com/pages/publications/85178492994?origin=resultslist","The construction accuracy of precast components in prefabricated buildings has received sufficient attention in the context of the high-quality development of the construction industry. However, various unknown factors in the production, transportation, and installation stages lead to significant deviations in construction, and have not been systematically identified and dynamically analyzed in previous studies. This study aims to improve the construction accuracy of precast components by unlocking the causal relationships among these factors and revealing top-sensitive factors among them. Thus, based on the theory of system dynamics (SD), an SD model is established from the perspective of a supply chain consisting of the production, transportation, and installation stages. The 14 factors and their causal relationships involved in the SD model are identified through literature review and expert consultation methods. The sensitivity analysis method based on dynamic simulation is adopted to analyze the data output from the SD model. Finally, a real prefabricated building project is used for demonstrating and validating this SD model. The significant findings indicate that the installation stage is the most critical stage affecting the construction accuracy of precast components, and the precision of cast-in-situ structure is the most sensitive factor. The formwork system of cast-in-situ structure and construction personnel quality are the root causes of the precision of cast-in-situ structure. The suggestions corresponding to these findings are made. These findings and suggestions can facilitate general contractors in allocating relevant resources to more critical factors for efficiently improving the construction accuracy of precast components. © 2023 Informa UK Limited, trading as Taylor & Francis Group.","Article","Final","","Scopus","2-s2.0-85178492994"
"Leon H.; Osman H.; Georgy M.; Elsaid M.","Leon, Hany (57171991100); Osman, Hesham (7005733154); Georgy, Maged (6602869359); Elsaid, Moheeb (36949635600)","57171991100; 7005733154; 6602869359; 36949635600","System Dynamics Approach for Forecasting Performance of Construction Projects","2018","Journal of Management in Engineering","34","1","04017049","","","123","10.1061/(ASCE)ME.1943-5479.0000575","https://www.scopus.com/pages/publications/85032984391?origin=resultslist","Accurate and reliable prediction of project performance is critical to the success of construction projects and companies alike. Such prediction assists in obtaining early warnings against potential problems. Existing project performance forecasting models are fragmented, especially regarding the consideration of interdependency between multidimensional performance indicators. To address these limitations, a system dynamics (SD) model was developed to simulate the complexities that exist among interdependent variables and forecast their dynamics over time. The proposed model integrates eight construction project performance indices, which have been identified through literature review and interviews with domain experts. Performance dimensions include cost, schedule, quality, profitability, safety, environment, team satisfaction, and client satisfaction. This model focuses on the construction phase of projects under unit price contracts and is intended for use by contractors. The model was tested on a road construction project to assess its practicality and accuracy. Results demonstrate general agreement between actual and forecasted performance indices. The model was also used to simulate four possible intervention scenarios by the project manager. Results of various scenarios show overall agreement with expected impacts of the interventions. The research advances the state of practice and knowledge of project performance forecasting through the creation of a more holistic and interdependent model of project performance metrics. © 2017 American Society of Civil Engineers.","Article","Final","All Open Access; Green Open Access","Scopus","2-s2.0-85032984391"
"Kato T.; Purwanto M.Y.J.; Setiawan B.I.","Kato, T. (55483060200); Purwanto, M.Y.J. (26029000600); Setiawan, B.I. (55574122266)","55483060200; 26029000600; 55574122266","A watershed nutrient management model: System dynamics and transport rates approach","2007","Examining the Confluence of Environmental and Water Concerns - Proceedings of the World Environmental and Water Resources Congress 2006","","","448","","","0","10.1061/40856(200)448","https://www.scopus.com/pages/publications/84855176467?origin=resultslist","A watershed nutrient management model was developed using a combination of system dynamics (SD) and nutrient flow (NF) models to assist decision makers and stakeholders with watershed management planning for the conservation of water resources and rural development. The SD model simulates changes in socioeconomic factors such as population, land use, and economic indices; the NF model calculates in-stream nutrient loads by using nutrient transport rates, population, and land use area; the latter two are outputs of the SD model. These models were developed and calibrated for the Cianjur watershed located in West Java, Indonesia. Rapid changes in the population and land use in this region have caused associated environmental problems and have adversely affected surface water quality. The maintenance of a balance between rural environment conservation and development is an important concern. The SD model comprises six sectors (population, land use, industrial capital, agricultural capital, water resources, and water quality). Elements used in the model were selected based on literature reviews and field investigations, and then the causal loops were created. After the SD model was calibrated manually for the period 1988 to 2000, the relative errors between the historical and calculated values were 2.6% for the total population, 13.2% for the area of irrigated paddy fields, and 6.4% for Gross Regional Domestic Production. The results of a sensitivity analysis were found to correlate well with the historical data. In constructing the NF model, the nutrient loads in surface water were estimated using transport rates that were calculated using an exponential equation based on the distances from the pollutant source to the nearest waterbody and to the mouth of that waterbody. The model was calibrated using measurement data collected during field investigations in 2003 and 2004. The locations of pollutant sources (residential areas and paddy fields), and the distances from each source to the nearest waterbody were determined using a geographical information system (GIS). The model simulated the in-stream nutrients reasonably well. Finally, using the models developed, scenario analyses were conducted to demonstrate the functionality of the models. © 2007 ASCE.","Conference paper","Final","","Scopus","2-s2.0-84855176467"
"Debolini M.; Marraccini E.; Dubeuf J.P.; Geijzendorffer I.R.; Guerra C.; Simon M.; Targetti S.; Napoléone C.","Debolini, Marta (36871465800); Marraccini, Elisa (55008938600); Dubeuf, Jean Paul (6506429080); Geijzendorffer, Ilse R. (35795146100); Guerra, Carlos (7004786345); Simon, Marian (56263839700); Targetti, Stefano (36976369600); Napoléone, Claude (24721963800)","36871465800; 55008938600; 6506429080; 35795146100; 7004786345; 56263839700; 36976369600; 24721963800","Land and farming system dynamics and their drivers in the Mediterranean Basin","2018","Land Use Policy","75","","","702","710","78","10.1016/j.landusepol.2017.07.010","https://www.scopus.com/pages/publications/85040630528?origin=resultslist","Given the heterogeneity and richness of Mediterranean farming systems, it is difficult to assess the nature and causes of observed dynamics based on single case studies. This research identifies case studies conducted on the north and south of the Mediterranean basin to provide a comprehensive overview of the current land and farming system dynamics and their main drivers. We analyze 80 papers published in international journals from 1985 to 2015. The studies vary in spatial scale, from 4 km2 in the case of peri-urban regions and small agricultural areas to more than 500,000 km2 in the case of national-based analyses. Most of the papers focus on mountainous rural areas, whereas only a few case studies are located in mixed regions or peri-urban inland regions. We analyze the farm trajectories behind the general dynamics to understand the ongoing processes at the agricultural level and their related drivers. Social and demographic drivers are indicated as particularly relevant for abandonment, which is frequently associated with intensification processes. Intensification dynamics are driven mainly by economic factors, which particularly affect annual crop production. Few papers analyze the dynamics of extensification and more research in this field is needed to understand this process and its eventual transition to the abandonment of agricultural areas. This analysis provides an opportunity for the exchange of ideas and information from a diverse range of disciplines and interest groups, which should be combined to formulate effective land use policies. © 2017 Elsevier Ltd","Article","Final","All Open Access; Green Open Access","Scopus","2-s2.0-85040630528"
"Harrison G.; Gühnemann A.; Jittrapirom P.; Pfaffenbichler P.; Shepherd S.; Gómez Vilchez J.J.","Harrison, Gillian (54893556400); Gühnemann, Astrid (36450360300); Jittrapirom, Peraphan (57217158238); Pfaffenbichler, Paul (6504434236); Shepherd, Simon (7102792307); Gómez Vilchez, Jonatan J. (57191379363)","54893556400; 36450360300; 57217158238; 6504434236; 7102792307; 57191379363","In the Loop: The Application of System Dynamics in Transport","2025","Lecture Notes in Mobility","Part F147","","","723","729","0","10.1007/978-3-031-85578-8_98","https://www.scopus.com/pages/publications/105000395967?origin=resultslist","This paper is designed to present to the transport research community the wide existing body of work and potential future applications of the method of System Dynamics (SD) within transport research. We introduce the reader to the basic concepts of the SD method, and discuss previous reviews of academic SD papers, before setting out a systematic review on SD in transport. We find that over 400 papers have been published over the past 40 years, with over 80% in the past decade. The most popular topic is strategic and sustainable policy, but alternative fuel vehicle uptake and maritime applications have been increasingly popular over recent years. SD is also being adopted outside academia in both consultancy and governmental organisations, so we believe that this paper is a timely contribution to embedding SD as a leading emerging method within transport research, which will encourage all members of the community to consider adopting it within their toolkit. © The Author(s) 2025.","Book chapter","Final","All Open Access; Hybrid Gold Open Access","Scopus","2-s2.0-105000395967"
"Zolfagharian M.; Romme G.; Walrave B.","Zolfagharian, Mohammadreza (55636373900); Romme, Georges (6701527406); Walrave, Bob (38663658700)","55636373900; 6701527406; 38663658700","Combining system dynamics modeling with other methods: A systematic review","2015","Proceedings of the 59th Annual Meeting of the International Society for the Systems Sciences","","","","","","2","","https://www.scopus.com/pages/publications/84976494908?origin=resultslist","Although a significant number of system dynamics (SD) studies draw on multi-method approaches, there is not much knowledge on when and how SD is combined with other methods. Yet, combining SD with other methods allows both researchers and practitioners to enhance the contribution of their modeling work. For a comprehensive review of current SD multi-method practices, this paper draws on an assessment of 45 studies that used SD modeling along with at least one other method. We adopt an evidence-based systematic approach in reviewing these studies and find that additional methods can be embedded in two main phases in the SD modeling process: conceptualization and simulation. Our review contributes to the multi-methodology research practice by consolidating one of the main areas where substantial experience in combining methods has been obtained. In addition, this paper provides insights and a reference point for system dynamicists who wish to go beyond stand-alone SD modeling in addressing complex problems. The paper concludes with suggestions for future research in this area. © 2015, International Society for the Systems Sciences (ISSS). All rights reserved.","Conference paper","Final","","Scopus","2-s2.0-84976494908"
"Marques E.C.; Castro M.V.L.; Junior H.L.B.; Chaim R.M.","Marques, Eliane Cunha (57224317491); Castro, Marcos Vinicius L. (57224316901); Junior, Hilario Luiz Babireski (57224318245); Chaim, Ricardo Matos (55803663100)","57224317491; 57224316901; 57224318245; 55803663100","A Systematic Review of Risk Management in System Dynamics Project and Techniques","2021","Advances in Intelligent Systems and Computing","1368 AISC","","","105","118","0","10.1007/978-3-030-72654-6_11","https://www.scopus.com/pages/publications/85107329056?origin=resultslist","The objective is to analyze how the literature related to risk management in projects using System Dynamics deals with the causal relationships between risk factors in order to assist the project manager. It concludes with considerations about the use of System Dynamics in the effective management of risks in projects. © 2021, The Author(s), under exclusive license to Springer Nature Switzerland AG.","Conference paper","Final","","Scopus","2-s2.0-85107329056"
"Nedelciu C.-E.; Ragnarsdóttir K.V.; Stjernquist I.","Nedelciu, Claudiu-Eduard (57203918665); Ragnarsdóttir, Kristín Vala (55904384000); Stjernquist, Ingrid (6603299606)","57203918665; 55904384000; 6603299606","From waste to resource: A systems dynamics and stakeholder analysis of phosphorus recycling from municipal wastewater in Europe","2019","Ambio","48","7","","741","751","31","10.1007/s13280-018-1097-9","https://www.scopus.com/pages/publications/85053502367?origin=resultslist","Recycling Phosphorus (P) from urban wastewater can secure part of domestic agricultural P supply and contribute to a circular P supply chain. In this paper, we use literature review, stakeholder interviews and analysis, and systems dynamics for the capital cities of Stockholm and Budapest as case studies. We find that political support is a prerequisite for developing the P recycling sector, and policy makers are the most influential stakeholders. P criticality is the main driver for political support. P externalities from mining to sludge disposal should be considered when evaluating P criticality and recycling profitability. We conclude with policy recommendations for the development of the P recycling sector, arguing for legally binding P recycling targets and prioritization of the safest technological solutions available. Our analysis identifies three policy action indicators and five policy interventions in the recycling system. © 2018, The Author(s).","Article","Final","All Open Access; Green Open Access; Hybrid Gold Open Access","Scopus","2-s2.0-85053502367"
"Xie L.; Luo Y.; Ju T.; Li D.; Zhao X.; Chen Y.","Xie, Linlin (35732472400); Luo, Yifei (59209994100); Ju, Tianhao (57222992131); Li, Denghe (59699212100); Zhao, Xianbo (37079980500); Chen, Yajiao (57218883332)","35732472400; 59209994100; 57222992131; 59699212100; 37079980500; 57218883332","Investigating the Driving Mechanism of Megaproject Social Responsibility Behavior: A System Dynamics Approach","2025","IEEE Transactions on Engineering Management","72","","","3109","3122","4","10.1109/TEM.2025.3589770","https://www.scopus.com/pages/publications/105012466150?origin=resultslist","Although megaproject social responsibility (MSR) behavior has gained increasing attention from both academia and industry, it is still unclear how MSR behavior evolves over time. Utilizing system dynamics (SD) method, this study aims to investigate the driving mechanism behind MSR behavior from the perspective of a system evolution cycle. First, drawing on the motivation-opportunity-ability framework, the drivers of MSR behavior were inductively summarized through literature review and semi-structured interviews. Second, a causal loop diagram was employed to analyze the relationships between the drivers, leading to the development of a quantitative model. The valid empirical data from 162 respondents was collected to initialize parameters. Finally, system simulation was conducted using Vensim PLE. The findings reveals that the model effectively portrays the evolution of MSR behavior. The level of MSR behavior exhibits an overall growing trend, with the growth rate following an inverted U-shaped pattern over time. The simulation analysis underscores the pivotal roles of social responsibility culture, regulatory pressure and resource support. This study contributes to the body of the knowledge on megaproject management by offering a dynamic perspective on MSR behavior. The established SD model can be served as a practical tool and helps practitioners develop effective strategies for MSR governance.  © IEEE. 1988-2012 IEEE.","Article","Final","All Open Access; Green Open Access","Scopus","2-s2.0-105012466150"
"Mashaqbeh S.A.; Munive-Hernandez J.E.; Khan M.K.","Mashaqbeh, Sahar Al (57566616000); Munive-Hernandez, Jose Eduardo (14421578800); Khan, M. Khurshid (14062041200)","57566616000; 14421578800; 14062041200","Analysing the impact of supply chain risks on the strategic performance of power generation companies: a system dynamics approach","2021","International Journal of Business Performance and Supply Chain Modelling","12","4","","443","478","1","10.1504/IJBPSCM.2021.120757","https://www.scopus.com/pages/publications/85125050771?origin=resultslist","The supply chain has a significant impact on the strategic performance of organisations. This paper develops a system dynamics (SD) model to assess the effects of supply chain risks on the performance of power generation companies. Data are collected through a literature review, interviews and questionnaires. The process to build the proposed model involves two phases. An improved failure mode and effect analysis (IFMEA) is applied to identify and understand various risks, and the analytic hierarchy process (AHP) is utilised to calculate the priority of each risk. These priorities are then populated in the SD model. The simulation shows that the performance of power generation companies is significantly affected by the supply chain risks. The availability is significantly affected by 70.75%, followed by the efficiency of 21.75% finally, the operational and maintenance cost is affected by 7.5% for the case study. The developed model helps policy-makers in their decision-making process. Copyright © 2021 Inderscience Enterprises Ltd.","Review","Final","","Scopus","2-s2.0-85125050771"
"You T.; Jung W.-S.","You, Taekho (57189357655); Jung, Woo-Sung (9735964500)","57189357655; 9735964500","A system dynamics analysis of national R & D performance measurement system in korea","2018","Industrial Engineering and Management Systems","17","4","","833","839","3","10.7232/iems.2018.17.4.833","https://www.scopus.com/pages/publications/85062699945?origin=resultslist","Peer review is one of useful and powerful performance measurement process. In Korea, it needs to increase quality of R & D performance, but bibliometric evaluation and lack of peers have opposite effect. We used a system dynamics to describe Korean R & D performance measurement system and ways to increase performance quality. To meet a desired R & D performance quality, increasing fairness and quality of evaluation is needed. Size of peer pool decreased because of the specialization of R & D projects and the Sangpi process both, and it is critical to acquire both fairness and quality. Also, shortening evaluation period affect to R & D performance quality, by causing workloads increase, limiting long-term and innovative R & D projects, and decreasing evaluation quality. Previous evaluation policies do a role like micro-controlling the R & D's activities, but increasing the size of peer pool and changing evaluation period would make a change to quality and fairness of evaluation. © 2018 KIIE.","Article","Final","All Open Access; Green Open Access","Scopus","2-s2.0-85062699945"
"Schiehlen W.","Schiehlen, W. (7006037476)","7006037476","Research trends in multibody system dynamics","2007","Multibody System Dynamics","18","1","","3","13","142","10.1007/s11044-007-9064-4","https://www.scopus.com/pages/publications/34250169016?origin=resultslist","During the last decade, multibody dynamics was acknowledged as an independent branch of theoretical, computational and applied mechanics around the globe. The research topics have been widened as well as the applications. The research topics are discussed with respect to the subjects and countries dealing with multibody dynamics. A community of multibody dynamicists is identified by their contributions and services to the journal Multibody System Dynamics. © Springer Science+Business Media B.V. 2007.","Article","Final","","Scopus","2-s2.0-34250169016"
"Konyalioglu A.K.; Ates A.; Paton S.; Apaydın T.","Konyalioglu, Aziz Kemal (57210103956); Ates, Aylin (36927494600); Paton, Steve (18438052200); Apaydın, Tuğçe (58940317700)","57210103956; 36927494600; 18438052200; 58940317700","Understanding Coopetition Dynamics in Manufacturing Value Networks: A System Dynamics Based Causal Loop Diagram (CLD) Modelling Approach","2024","IFIP Advances in Information and Communication Technology","733 IFIP","","","19","33","0","10.1007/978-3-031-71645-4_2","https://www.scopus.com/pages/publications/85204626669?origin=resultslist","The concept of “coopetition” in manufacturing value networks involves firms engaging in both collaboration and competition simultaneously This approach, while aiming to leverage the benefits of both, inherently introduces a paradox concerning value creation and capture. Within a value network, coopetition involves various entities such as suppliers, distributors, subcontractors, and even competitors working together to enhance overall value. Despite a surge in research on coopetition, there remains a disjointed understanding, with limited exploration of its dynamics within manufacturing contexts. To address this gap, our study constructs a system dynamics model using causal loop diagrams (CLD) derived from an in-depth literature review within the manufacturing sector. Our aim is to comprehensively elucidate the factors influencing co-opetitive relationships and dynamics in manufacturing value networks and business ecosystems. Furthermore, existing literature emphasizes the need for a multifaceted perspective on coopetition in manufacturing. Our model, developed through consultation of extensive manufacturing and business literature and CLD application, identifies key factors driving coopetition dynamics in manufacturing and business ecosystem contexts. It represents the first comprehensive content analysis of coopetition dynamics within manufacturing and business ecosystems, serving as a valuable resource for scholars and professionals in the manufacturing and management field. By examining interconnected elements in a causal loop framework specific to manufacturing and business ecosystems, our study reveals how dynamic factors influence co-opetitive outcomes in these ecosystems. We explore various manufacturing-related aspects, such as supply chain dynamics in coopetition, technological innovations, and market dynamics, all impacting co-opetitive interactions. This comprehensive approach fills a literature gap, offering insights into critical factors affecting the co-opetitive process within manufacturing and business value networks. Our study’s methodology, employing causal loop diagrams tailored to the manufacturing domain, stands out in the literature, providing a unique perspective on coopetition dynamics within manufacturing and management contexts. © IFIP International Federation for Information Processing 2024.","Conference paper","Final","All Open Access; Green Open Access","Scopus","2-s2.0-85204626669"
"Arnold M.; Burgermeister B.; Führer C.; Hippmann G.; Rill G.","Arnold, M. (55555071400); Burgermeister, B. (24073977200); Führer, C. (7003840558); Hippmann, G. (12645800600); Rill, G. (6602434645)","55555071400; 24073977200; 7003840558; 12645800600; 6602434645","Numerical methods in vehicle system dynamics: State of the art and current developments","2011","Vehicle System Dynamics","49","7","","1159","1207","94","10.1080/00423114.2011.582953","https://www.scopus.com/pages/publications/84856867049?origin=resultslist","Robust and efficient numerical methods are an essential prerequisite for the computer-based dynamical analysis of engineering systems. In vehicle system dynamics, the methods and software tools from multibody system dynamics provide the integration platform for the analysis, simulation and optimisation of the complex dynamical behaviour of vehicles and vehicle components and their interaction with hydraulic components, electronical devices and control structures. Based on the principles of classical mechanics, the modelling of vehicles and their components results in nonlinear systems of ordinary differential equations (ODEs) or differential-algebraic equations (DAEs) of moderate dimension that describe the dynamical behaviour in the frequency range required and with a level of detail being characteristic of vehicle system dynamics. Most practical problems in this field may be transformed to generic problems of numerical mathematics like systems of nonlinear equations in the (quasi-)static analysis and explicit ODEs or DAEs with a typical semi-explicit structure in the dynamical analysis. This transformation to mathematical standard problems allows to use sophisticated, freely available numerical software that is based on well approved numerical methods like the Newton-Raphson iteration for nonlinear equations or Runge-Kutta and linear multistep methods for ODE/DAE time integration. Substantial speed-ups of these numerical standard methods may be achieved exploiting some specific structure of the mathematical models in vehicle system dynamics. In the present paper, we follow this framework and start with some modelling aspects being relevant from the numerical viewpoint. The focus of the paper is on numerical methods for static and dynamic problems, including software issues and a discussion which method fits best for which class of problems. Adaptive components in state-of-the-art numerical software like stepsize and order control in time integration are introduced and illustrated by a well-known benchmark problem from rail vehicle simulation. Over the last few decades, the complexity of high-end applications in vehicle system dynamics has frequently given a fresh impetus for substantial improvements of numerical methods and for the development of novel methods for new problem classes. In the present paper, we address three of these challenging problems of current interest that are today still beyond the mainstream of numerical mathematics: (i) modelling and simulation of contact problems in multibody dynamics, (ii) real-time capable numerical simulation techniques in vehicle system dynamics and (iii) modelling and time integration of multidisciplinary problems in system dynamics including co-simulation techniques. © 2011 Copyright Taylor and Francis Group, LLC.","Conference paper","Final","","Scopus","2-s2.0-84856867049"
"Sutantio A.; Anwar N.; Wiguna I.P.A.; Suryani E.","Sutantio, Aditya (57205359643); Anwar, Nadjadji (54681539100); Wiguna, I Putu Artama (54682515000); Suryani, Erma (35073142900)","57205359643; 54681539100; 54682515000; 35073142900","A System Dynamics Model of Sustainable Construction for High rise Residential Projects in Developing Countries: Case of Indonesia","2022","Open Civil Engineering Journal","16","1","e187414952205300","","","9","10.2174/18741495-v16-e2205300","https://www.scopus.com/pages/publications/85139459376?origin=resultslist","Introduction: Despite its contribution to urban development, high rise residential projects also cause adverse impact on the living environment. To address the problem, a sustainable construction as a new paradigm has been introduced. Various papers have examined the importance of sustainable construction. However, most studies focused on social and environmental aspects and with few consideration on the economic objective of the business. This study aimed to fill the research gap by presenting a dynamic model to improve social, environmental and economic performance of sustainable construction for high rise residential projects in developing countries. Methods: This study started with a literature review as a basis for a qualitative survey conducted in thirty high rise residential projects in Indonesia, to identify the influencing factors and the interrelationships. To analysis the data, a system dynamics approach was utilized. Results: The simulations reveal that the current regulation and construction practices are insufficient to reduce environmental negative impacts. In order to formulate better policies, three scenarios comprised the implementation of building energy regulation, tax incentives policy, and a policy mix were employed. The results show that the scenarios could improve construction sustainability performance in some extends. Conclusion: The combination of building regulation and tax incentives policy is effective to achieve environmental and social as well as economic aspects of sustainable construction which is suitable for investors. Based on the results, it is concluded that the model can be used to formulate various policies in the future to enhance sustainable construction of high rise residential projects in developing countries. © 2022 Sutantio et al.","Article","Final","All Open Access; Gold Open Access","Scopus","2-s2.0-85139459376"
"Arioli V.; Sala R.; Pirola F.; Pezzotta G.","Arioli, Veronica (57906951500); Sala, Roberto (57192373140); Pirola, Fabiana (55811909700); Pezzotta, Giuditta (36503017300)","57906951500; 57192373140; 55811909700; 36503017300","System Dynamics simulation applied to Product-Service Systems: a literature review","2022","Proceedings of the Summer School Francesco Turco","","","","","","0","","https://www.scopus.com/pages/publications/85142791204?origin=resultslist","Manufacturing companies are increasingly offering Product-Service Systems (PSS) to their customers in view of the ability of these solutions to generate added value. The development and delivery of PSS are oriented to adapt the offerin g to the evolving customer requests, allowing companies to differentiate from competitors, gain higher customer loyalty and trust, and generate new revenues streams. The attention to the customers needs is an essential element of this offer, but to be sustainable for the company it has to be feasible also at the economic level. Thus, it is important to support the identification of the trade-off between effectiveness and efficiency of a PSS and to guide decision-makers. In this context, simulation-based modelling could be exploited as a tool for the decision-making process at strategic level. Among the paradigms of the simulation methodologies, System Dynamics (SD) is a continuous-time simulation approach used to explore complex systems and to make considerations at the strategic level. A literature review focused on the utilization of the SD approach to determine the PSS feasibility is presented. The aim is to provide an insight into the main SD applications related to the PSS context and define the common aspects taken into consideration in the modelling. In this study, SD is presented as a valuable tool to address the structural complexity of PSS and to measure the long-term dynamics of these systems comprehensively. © 2022, AIDI - Italian Association of Industrial Operations Professors. All rights reserved.","Conference paper","Final","","Scopus","2-s2.0-85142791204"
"Wei H.; Xu D.; Liang J.; Li Z.","Wei, Hua (57202789320); Xu, Dongkuan (57217726521); Liang, Junjie (57194139892); Li, Zhenhui (36170881200)","57202789320; 57217726521; 57194139892; 36170881200","How Do We Move: Modeling Human Movement with System Dynamics","2021","35th AAAI Conference on Artificial Intelligence, AAAI 2021","5B","","","4445","4452","17","10.1609/aaai.v35i5.16571","https://www.scopus.com/pages/publications/85130037064?origin=resultslist","Modeling how human moves in the space is useful for policy-making in transportation, public safety, and public health. The human movements can be viewed as a dynamic process that human transits between states (e.g., locations) over time. In the human world where intelligent agents like humans or vehicles with human drivers play an important role, the states of agents mostly describe human activities, and the state transition is influenced by both the human decisions and physical constraints from the real-world system (e.g., agents need to spend time to move over a certain distance). Therefore, the modeling of state transition should include the modeling of the agent’s decision process and the physical system dynamics. In this paper, we propose MoveSD to model state transition in human movement from a novel perspective, by learning the decision model and integrating the system dynamics. MoveSD learns the human movement with Generative Adversarial Imitation Learning and integrates the stochastic constraints from system dynamics in the learning process. To the best of our knowledge, we are the first to learn to model the state transition of moving agents with system dynamics. In extensive experiments on real-world datasets, we demonstrate that the proposed method can generate trajectories similar to real-world ones, and outperform the state-of-the-art methods in predicting the next location and generating long-term future trajectories. Copyright © 2021, Association for the Advancement of Artificial Intelligence (www.aaai.org). All rights reserved.","Conference paper","Final","All Open Access; Gold Open Access","Scopus","2-s2.0-85130037064"
"Daim T.U.; Rueda G.R.; Martin H.T.","Daim, Tugrul U. (35565192000); Rueda, Guillermo R. (14322460500); Martin, Hilary T. (14321938500)","35565192000; 14322460500; 14321938500","Technology forecasting using bibliometric analysis and system dynamics","2005","Portland International Conference on Management of Engineering and Technology","2005","","1509681","112","122","29","10.1109/PICMET.2005.1509681","https://www.scopus.com/pages/publications/33748861791?origin=resultslist","This paper is presenting models integrating multiple forecasting methodologies in an attempt for a more comprehensive analysis of the technology systems. System dynamics modeling is integrated with trend analysis, scenario planning, historical analogies, bibliometrics and patent analysis for two different technologies: fuel cell and food safety technologies. Results from the two case studies help us validate bibliometric analysis and system dynamics as appropriate tools for technology forecasting where non-linear and feedback structures play an important role.","Conference paper","Final","","Scopus","2-s2.0-33748861791"
"Thangamani A.; Ganesh L.S.; Tanikella A.; Meher Prasad A.","Thangamani, Arunvel (57219936015); Ganesh, L.S. (6602069862); Tanikella, Anand (57219942011); Meher Prasad, A. (7401882163)","57219936015; 6602069862; 57219942011; 7401882163","IoT Based Climate Control Systems Diffusion in Intelligent Buildings - A System Dynamics Model","2020","IFIP Advances in Information and Communication Technology","617","","","673","684","0","10.1007/978-3-030-64849-7_59","https://www.scopus.com/pages/publications/85098116159?origin=resultslist","The urbanization trend and the prevailing energy crisis in India, makes it important to study the potential of IoT technology in the Indian buildings market. This research work proposes a systems dynamics model of IoT based climate control systems diffusion in Intelligent Buildings. The modeling process leverages the generic Bass model of technology diffusion and augments it with causal loops based on the enablers and barriers to IoT diffusion in buildings identified through literature review. The model encompasses the technological, social, financial, business, regulatory and environmental aspects of the system, and uses stock-flow concepts to represent their dynamic interplay. The model will be useful to value chain players in the construction sector by providing them support for strategic decision-making concerning market entry and new product development. It will also help policy makers to assess industry readiness to tackle the prevailing energy crisis and devise strategies to mitigate it. © 2020, IFIP International Federation for Information Processing.","Conference paper","Final","All Open Access; Green Open Access","Scopus","2-s2.0-85098116159"
"Allahi F.; De Leeuw S.; Sabet E.; Kian R.; Damiani L.; Giribone P.; Revetria R.; Cianci R.","Allahi, Fahimeh (57197830985); De Leeuw, Sander (24402540300); Sabet, Ehsan (56411972700); Kian, Ramez (56676212000); Damiani, Lorenzo (36099941100); Giribone, Pietro (35508877200); Revetria, Roberto (59157670000); Cianci, Roberto (7005577641)","57197830985; 24402540300; 56411972700; 56676212000; 36099941100; 35508877200; 59157670000; 7005577641","A review of system dynamics models applied in social and humanitarianresearches","2018","Lecture Notes in Engineering and Computer Science","2236","","","789","794","6","","https://www.scopus.com/pages/publications/85056621438?origin=resultslist","Over the past decades, the number of disasters has been on the rise, including earthquakes, war, flood and other incidents that cause destruction of society, such as education and health services. Forecasts show that over the next 50 years, natural and manmade disasters are expected to increase five-folds both in the number and impact. Therefore, there is a need for effective and efficient disaster support actions during emergencies. This compels humanitarian organizations to improve the effectiveness and efficiency of their approaches and facilitate decision making in resolving such complicated problems characterized by numerous parameters. Besides, humanitarian organizations face situations with multiple critical events, inadequate funding, limited time to plan and react, and operating in increasingly challenging circumstances. Useful approaches for tackling problems in such dynamic conditions require methods and tools that take into account uncertainty and enable managers to evaluate the dynamic complexity of such systems, to facilitate decision making. Among the large amount of decision-aid tools for humanitarian organizations, System Dynamic (SD) is a method used for the evaluation of complex system behavior and for presenting the effect of decisions over time in an easy-to-use model. This method has been applied in humanitarian problems, and this paper aims to present a review of the most relevant humanitarian publications associated with system dynamics. This literature review is a structured review of the papers published since 2003 onwards. The finding of this research can be used to facilitate further research in developing the system dynamic methodology for humanitarian organizations and to present the essential requirement of SD tools for modeling complex environments. © 2018 Newswood Limited. . All rights reserved.","Conference paper","Final","","Scopus","2-s2.0-85056621438"
"Zhou Q.; Deng X.; Hwang B.-G.; Yu M.","Zhou, Qianwen (57211332240); Deng, Xiaopeng (23388169700); Hwang, Bon-Gang (23667370700); Yu, Miao (57194558995)","57211332240; 23388169700; 23667370700; 57194558995","System dynamics approach of knowledge transfer from projects to the project-based organization","2022","International Journal of Managing Projects in Business","15","2","","324","349","38","10.1108/IJMPB-06-2021-0142","https://www.scopus.com/pages/publications/85122900585?origin=resultslist","Purpose: Although knowledge transfer in the context of projects and project-based organizations (PBOs) has gained increasing attention from academia and industry, it is not clear how knowledge transfers from projects to their parent PBOs. This research aims to explore the main factors influencing knowledge transfer from projects to their parent PBOs, and analyze how these factors integrate the transfer process as system components using the system dynamics (SD) method. Design/methodology/approach: Based on the literature review, investigation and interview, this paper adopts the event analysis to obtain the influencing factors from historical cases and establishes a conceptual model of knowledge transfer from five dimensions, which simultaneously considers the knowledge sender, knowledge receiver and the relationship between the knowledge sender and receiver, knowledge features and transfer context. Then, the relationships between variables in the qualitative model were clarified, and a quantitative model including seven feedback loops was established using the SD model. Lastly, the system simulation and sensitivity analysis of the main parameters were realized in Vensim PLE software. Findings: The simulation analysis results show that the model can simulate the knowledge transfer process from projects to the PBO to a certain extent. This research fully demonstrates the impact of variables from five dimensions on knowledge transfer and incorporates the knowledge gap and transfer threshold in the research category. Moreover, the rationality of seven feedback loops proposed in the model was verified. And the effects of various factors on the amount of knowledge transferred and the PBO's knowledge stock were examined through sensitivity analysis. Furthermore, recommendations for developing an integrated knowledge transfer mechanism of PBOs and projects to enhance transfer effect are offered. Research limitations/implications: This research provides other researchers with a systematic understanding of transfer process from projects to PBOs, and insight for further research on knowledge transfer in project and organization contexts. Furthermore, this study guides researchers to focus on the causal processes that constitute knowledge transfer and explores the expected and unexpected phenomena generated over time. However, some variables involved in the transfer process are simplified, and the establishment of a more complex dynamic model needs further research and discussion. Practical implications: By establishing a simulation model for knowledge transfer from projects to their parent PBOs, this study helps project teams and PBOs grasp the overall picture of the transfer process. Especially, this paper provides target-oriented recommendations for project and PBO managers to implement effective knowledge transfer practices, which have certain practical values for knowledge cultivation, coordination, reuse and innovation in the organization. Originality/value: This study contributes to knowledge management and project management literature by simulating the knowledge transfer process from projects to their parent PBOs. Additionally, this paper provides a reference for PBO and project managers to establish an integrated knowledge-transfer mechanism in the work process and comprehensively implement effective knowledge transfer practices. © 2021, Emerald Publishing Limited.","Article","Final","","Scopus","2-s2.0-85122900585"
"Jadeja N.; Zhu N.J.; Lebcir R.M.; Sassi F.; Holmes A.; Ahmad R.","Jadeja, Nidhee (57189006163); Zhu, Nina J. (57192169425); Lebcir, Reda M. (16042582600); Sassi, Franco (7005467269); Holmes, Alison (7401687091); Ahmad, Raheelah (57201259077)","57189006163; 57192169425; 16042582600; 7005467269; 7401687091; 57201259077","Using system dynamics modelling to assess the economic efficiency of innovations in the public sector - a systematic review","2022","PLoS ONE","17","2 February","e0263299","","","18","10.1371/journal.pone.0263299","https://www.scopus.com/pages/publications/85124390432?origin=resultslist","Background Decision-makers for public policy are increasingly utilising systems approaches such as system dynamics (SD) modelling, which test alternative interventions or policies for their potential impact while accounting for complexity. These approaches, however, have not consistently included an economic efficiency analysis dimension. This systematic review aims to examine how, and in what ways, system dynamics modelling approaches incorporate economic efficiency analyses to inform decision-making on innovations (improvements in products, services, or processes) in the public sector, with a particular interest in health. Methods and findings Relevant studies (n = 29) were identified through a systematic search and screening of four electronic databases and backward citation search, and analysed for key characteristics and themes related to the analytical methods applied. Economic efficiency analysis approaches within SD broadly fell into two categories: as embedded sub-models or as cost calculations based on the outputs of the SD model. Embdedded sub-models within a dynamic SD framework can reveal a clear allocation of costs and benefits to periods of time, whereas cost calculations based on the SD model outputs can be useful for high-level resource allocation decisions. Conclusions This systematic review reveals that SD modelling is not currently used to its full potential to evaluate the technical or allocative efficiency of public sector innovations, particularly in health. The limited reporting on the experience or methodological challenges of applying allocated efficiency analyses with SD, particularly with dynamic embedded models, hampers common learning lessons to draw from and build on. Further application and comprehensive reporting of this approach would be welcome to develop the methodology further. © 2022 Jadeja et al. This is an open access article distributed under the terms of the Creative Commons Attribution License, which permits unrestricted use, distribution, and reproduction in any medium, provided the original author and source are credited.","Article","Final","All Open Access; Gold Open Access; Green Open Access","Scopus","2-s2.0-85124390432"
"Ibrahim Shire M.; Jun G.T.; Robinson S.","Ibrahim Shire, Mohammed (57293035600); Jun, Gyuchan Thomas (26633971500); Robinson, Stewart (7402673952)","57293035600; 26633971500; 7402673952","The application of system dynamics modelling to system safety improvement: Present use and future potential","2018","Safety Science","106","","","104","120","62","10.1016/j.ssci.2018.03.010","https://www.scopus.com/pages/publications/85043578722?origin=resultslist","System Dynamics has the potential to study the aspects of complex systems including its likely effect of modifications to structural and dynamic system properties that cannot be achieved with traditional approaches. This paper presents a review of literature addressing safety issues using system dynamics across safety–critical domains. Sixty-three studies were included and classified based on a customised human factors safety taxonomy framework. The thematic analysis of the literature resulted in five themes: external factors, organisational influences, unsafe supervisions, preconditions for unsafe acts and unsafe acts. The findings suggest that using system dynamics can be a potential tool in improving safety. This can be achieved through improved decision-making by basing it on system analysis, analysing past behavioural events in a modelling structure to plan effective safety policies, as well as looking at a holistic approach when analysing accidents. © 2018 Elsevier Ltd","Review","Final","All Open Access; Green Open Access","Scopus","2-s2.0-85043578722"
"El-Klhy A.; Iravani R.","El-Klhy, Ahmed (56177738900); Iravani, Reza (6603478691)","56177738900; 6603478691","A review of the impacts of multiple wind power plants on large power systems dynamics","2013","2013 IEEE Electrical Power and Energy Conference, EPEC 2013","","","6802937","","","13","10.1109/EPEC.2013.6802937","https://www.scopus.com/pages/publications/84901325571?origin=resultslist","This paper presents a literature review of the impacts of large-scale wind power integration through multiple Wind Power Plants (WPPs) on the power system transient stability and inter-area power oscillations. The Wind Turbine Generator (WTG) topologies considered in this review are the Doubly-Fed Asynchronous Generator (DFAG), Type-3 and the Full-Converter Unit, Type-4 WTGs. The reason is that these are the dominate types in the existing and planned installations of wind power generation. Also, the different modeling approaches of the WTGs will be reviewed, especially the aggregated generic models approach which is the most-likely approach in case of stability analysis of large systems. Finally, a review of the different counter measures, implemented through the WPPs controllers, proposed to mitigate these impacts will be presented. © 2013 IEEE.","Conference paper","Final","","Scopus","2-s2.0-84901325571"
"Chen M.; Zhang Y.; Zhao L.; Wang J.","Chen, Min (57199451304); Zhang, Yaru (60654122800); Zhao, Lilin (57952555400); Wang, Jinpeng (57951905200)","57199451304; 60654122800; 57952555400; 57951905200","Forecasting workforce supply and demand in the construction industry: a system dynamics analysis","2026","Engineering, Construction and Architectural Management","","","","","","0","10.1108/ECAM-07-2025-1205","https://www.scopus.com/pages/publications/105040340259?origin=resultslist","Purpose – The global construction industry has been facing significant workforce supply and demand imbalances in recent years, impeding the successful delivery of construction projects and sustainable development of the industry. However, research examining the supply-demand dynamics of the construction workforce remains limited. Using China as a case study, this research employed a system dynamics (SD) approach to developing an SD model of construction workforce supply and demand, forecasting and analyzing workforce trends and evaluating multiple scenarios for addressing workforce imbalance problems. Design/methodology/approach – An SD model was developed based on an extensive literature review and the group model building technique. Data collected from the Chinese construction industry were used for model validation and simulation. Findings – The results indicated a projected substantial widening of the construction workforce supply–demand gap by 2035, with both supply and demand growth declining significantly over the next decade. Scenario-based simulations demonstrated that only two scenarios achieve supply–demand equilibrium during the study period, with the coordinated development scenario enabling stable balance by 2035. Notably, the workplace improvement priority is the most effective scenario in alleviating workforce shortages, while the technological innovation priority scenario can achieve the most significant workforce demand reduction. Originality/value – These findings provide valuable insights for policymakers and industry practitioners to developing multidimensional strategies so as to optimize workforce development in the construction industry. © Emerald Publishing Limited","Article","Article in press","","Scopus","2-s2.0-105040340259"
"Gandhi A.B.; Lad V.H.; Patel D.J.; Patel D.A.","Gandhi, Aditya B. (58796835200); Lad, V.H. (57218671942); Patel, D.J. (57219025690); Patel, D.A. (55755999400)","58796835200; 57218671942; 57219025690; 55755999400","Feasibility Study of Recycled Paver Block for Circular Economics Using System Dynamics Model","2024","Journal of Legal Affairs and Dispute Resolution in Engineering and Construction","16","2","04523063","","","2","10.1061/JLADAH.LADR-1044","https://www.scopus.com/pages/publications/85181584968?origin=resultslist","The construction industry generates a lot of construction and demolition waste (CDW), which hinders the sustainable development goals (SDGs) targets. However, CDW materials have gained popularity in the construction sector to address the aggregate shortage. In this regard, the manufacturing of recycled paver blocks (RPB) and its usage in the construction industry has been trending all over the globe. However, the cost of RPB is still a crucial issue, as it varies with the time and demand of manufacturing recycled materials. Therefore, the study aims to estimate and forecast the cost of five different grades of RPB using the system dynamics (SD) approach. For this, the present study first shortlisted 25 cost components for manufacturing RPB using a literature review and expert judgments. Then, the cause-and-effect and stock-and-flow diagrams are created to explore the interdependency among these 25 components. After that, if-then-else function was used to compute the dynamic interaction mechanism between cost components. Finally, the model is validated by conducting the structure and behavior verification test. Thus, this study can help the use of RPB in construction projects and bring clients and contractors toward the circular economy (CE). © 2023 American Society of Civil Engineers.","Article","Final","","Scopus","2-s2.0-85181584968"
"Rosyidah E.; Hermana J.; Warmadewanthi I.D.A.A.","Rosyidah, Elsa (57200985237); Hermana, Joni (55241326400); Warmadewanthi, I.D.A.A. (57369056400)","57200985237; 55241326400; 57369056400","The Literature Intellectual Structure of System Dynamics on Waste","2023","Green Energy and Technology","","","","273","280","1","10.1007/978-3-031-33906-6_25","https://www.scopus.com/pages/publications/85174500903?origin=resultslist","System dynamics in environmental engineering were used to make the waste system easier to understand as a whole and to create a variety of relevant policy scenarios. The purpose of this study is to map the current state of global research and future development trends of system dynamics on waste studies. This study uses a bibliometric intellectual structure approach by analyzing 827 scientific publications over half a century based on the database of Scopus. The findings show that the Chinese Academy of Sciences and China were the most research institutions and countries in the study of system dynamics on waste. The research proposes a concept of GEMWEWS research themes for system dynamics on waste research. © 2023, The Author(s), under exclusive license to Springer Nature Switzerland AG.","Conference paper","Final","","Scopus","2-s2.0-85174500903"
"Azizsafaei M.; Hosseinian-Far A.; Khandan R.; Sarwar D.; Daneshkhah A.","Azizsafaei, Maryam (57223908591); Hosseinian-Far, Amin (53979921000); Khandan, Rasoul (24401207100); Sarwar, Dilshad (57193017132); Daneshkhah, Alireza (35519340400)","57223908591; 53979921000; 24401207100; 57193017132; 35519340400","Assessing Risks in Dairy Supply Chain Systems: A System Dynamics Approach","2022","Systems","10","4","114","","","34","10.3390/systems10040114","https://www.scopus.com/pages/publications/85136781522?origin=resultslist","Due to the dynamic nature of the food supply chain system, food supply management could suffer because of, and be interrupted by, unforeseen events. Considering the perishable nature of fresh food products and their short life cycle, fresh food companies feel immense pressure to adopt an efficient and proactive risk management system. The risk management aspects within the food supply chains have been addressed in several studies. However, only a few studies focus on the complex interactions between the various types of risks impacting food supply chain functionality and dynamic feedback effects, which can generate a reliable risk management system. This paper strives to contribute to this evident research gap by adopting a system dynamics modelling approach to generate a systemic risk management model. The system dynamics model serves as the basis for the simulation of risk index values and can be explored in future work to further analyse the dynamic risk’s effect on the food supply chain system’s behaviour. According to a literature review of published research from 2017 to 2021, nine different risks across the food supply chain were identified as a subsection of the major risk categories: macro-level and operational risks. Following this stage, two of the risk groups identified first were integrated with a developed system dynamics model to conduct this research and to evaluate the interaction between the risks and the functionality of the three main dairy supply chain processes: production, logistics, and retailing. The key findings drawn from this paper can be beneficial for enhancing managerial discernment regarding the critical role of system dynamics models for analysing various types of risks across the food supply chain process and improving its efficiency. © 2022 by the authors.","Article","Final","All Open Access; Gold Open Access; Green Open Access","Scopus","2-s2.0-85136781522"
"Andruetto C.; Stenemo E.; Pernestål A.","Andruetto, Claudia (57222012698); Stenemo, Erik (58836064300); Pernestål, Anna (57216335733)","57222012698; 58836064300; 57216335733","Towards sustainable urban logistics: Exploring the implementation of city hubs through system dynamics","2024","Transportation Research Interdisciplinary Perspectives","27","","101204","","","17","10.1016/j.trip.2024.101204","https://www.scopus.com/pages/publications/85201784336?origin=resultslist","The urban logistics system causes negative externalities, such as pollution, noise and congestion. This study focuses on city hubs as a concept to reduce these externalities by improving consolidation and adopting zero-emission vehicles. Our research employs system dynamics as a method to uncover the dynamics and mechanisms related to the barriers and potentials of city hub implementation in Stockholm from the perspectives of the Logistic Service Providers (LSPs), the receivers and the public sector. Moreover, a mixed method approach is used for data collection, allowing us to extract the knowledge from the real implementation case, co-create a qualitative model as a Causal Loop Diagram (CLD) with the stakeholders involved in the system, and generalise the model. The mixed method approach includes a group model-building workshop, literature review, existing city hub analysis and stakeholder interviews. The main result is a CLD, visualising the dynamics of the introduction of city hubs. The CLD explores three potential incentives and policies: (i) the receivers change address; (ii) shippers oblige LSPs to use the hubs; (iii) the public sector gives monetary incentives to LSPs. The CLD presented in this paper establishes a validated system structure for the urban logistic system and facilitates the policymakers’ understanding of the barriers to implementing city hubs and what policies could help their implementation. © 2024 The Author(s)","Article","Final","All Open Access; Gold Open Access","Scopus","2-s2.0-85201784336"
"Wungo G.L.; Nurini N.; Ardian R.; Franestia F.","Wungo, Grandy L. (57213352326); Nurini, Nurini (57201114612); Ardian, Rico (58773755100); Franestia, Fika (58774519900)","57213352326; 57201114612; 58773755100; 58774519900","Enhancing Decision-Making for Sustainable Agriculture and Tourism Development through System Dynamics and GIS Integration: A Study of Jenawi District","2023","IOP Conference Series: Earth and Environmental Science","1264","1","012030","","","2","10.1088/1755-1315/1264/1/012030","https://www.scopus.com/pages/publications/85180345037?origin=resultslist","As one of the districts that have an important role for Karanganyar Regency in agriculture and tourism, Jenawi District is a producer of 18 out of the 22 agricultural commodities in Karanganyar Regency, Indonesia. In addition, Jenawi District also has various natural tourism objects such as caves, valleys, waterfalls, springs, and other tourism objects. However, the potential of agriculture and tourism has not been able to improve community welfare because there is no policy to encourage the agricultural and tourism sectors in Jenawi District. Therefore, this study aims to formulate alternative policy models in the agriculture and tourism sectors in Jenawi District. This research uses quantitative research methods using primary and secondary data types, where the data collection techniques used are observation, interviews, FGDs, literature reviews, and GIS analysis. GIS analysis enabled spatial data integration and visualization, facilitating the identification of patterns, relationships, and potential areas for agriculture and tourism development. The analysis method used is a dynamic system method that uses the causal loop diagram analysis technique. The analysis results found that the dynamic system model in Jenawi District that has been designed is able to work properly with high accuracy levels. There are differences between with and without policies, especially in the incentives used, which have significant differences. With the implementation of policies in Jenawi District, there is a difference in income results in the agricultural sector reaching 20%-27%, and in the tourism sector reaching 80%. © 2023 Institute of Physics Publishing. All rights reserved.","Conference paper","Final","All Open Access; Gold Open Access","Scopus","2-s2.0-85180345037"
"Rios D.; Fernandez F.; Blanco G.","Rios, Daniel (57191886496); Fernandez, Felix (57197112473); Blanco, Gerardo (35324065300)","57191886496; 57197112473; 35324065300","Analysis of power systems expansion processes based on System Dynamics-state-of-the-art","2016","2016 IEEE Biennial Congress of Argentina, ARGENCON 2016","","","7585339","","","3","10.1109/ARGENCON.2016.7585339","https://www.scopus.com/pages/publications/84994494031?origin=resultslist","The evolution to electricity markets liberalization has supposed a change of paradigm in the scope of decision-making processes inherent to the expansion of power systems. This is mainly due to the participation in these processes of various autonomous agents who does not always act in coordination. In response to this, the use of simulation approaches is useful to analyze the behavior and interaction of market participants. This paper is focused on conducting a state-of-the-art review about the implementation of System Dynamics (SD) approach to replicate the dynamic of long-term infrastructure investments in power systems. Regarding to this, it has been found that SD has been extensively used both to evaluate the expansion of generation capacity and the impact of investments in transmission network required to interconnect different electricity markets. However, it has not been found an application background of SD to assess the dynamic interaction among investments decisions in generation and transmission. In this context, the main contribution of the paper is to propose basic outlines to analyze the interaction of investments undertaken by agents of generation and transmission under a competitive electricity market by focusing on SD. Finally, this model seeks to be a tool to outline policies that encourage coordination and cooperation among autonomous power market agents. © 2016 IEEE.","Conference paper","Final","","Scopus","2-s2.0-84994494031"
"Siahaan S.B.; Alisjahbana S.W.; Gondokusumo O.","Siahaan, Saut B. (60332353600); Alisjahbana, Sofia W. (25637196800); Gondokusumo, Onnyxiforus (57201488575)","60332353600; 25637196800; 57201488575","A Risk-Based System Dynamics Model for Sustainable Expert Workforce Allocation in Industrial Multi-Project Environments","2026","Sustainability (Switzerland)","18","1","487","","","1","10.3390/su18010487","https://www.scopus.com/pages/publications/105027399044?origin=resultslist","This study creates and refines a risk–effectiveness–integrated dynamic simulation framework that brings together risk and effectiveness factors affecting qualified workforce allocation in multi-project contexts, specifically in the construction of industrial production facilities. Based on a case study of three overlapping projects in West Java, Indonesia, this study examines the requirements for an expert workforce across the Engineering, Procurement, and Construction (EPC) phases. Conventional mitigation measures generally assume that a qualified expert workforce is immediately available. However, hiring the right personnel with specific qualifications for a project takes time. To fill this gap, this paper presents a system dynamics-based model that explicitly integrates quantified project risks and execution effectiveness to determine expert workforce requirements at the multi-project level. This aspect is often addressed implicitly in the existing workforce planning approaches. This mixed-methods strategy includes a literature review, variable validation, simulation modeling, and case analysis. The results show that workforce planning based on integrated risk and effectiveness factors significantly improves project delivery by anticipating expert workforce shortages and reducing the need for reactive solutions. Model validation using real project data demonstrates that the simulated expert workforce demand reproduces both the average behavior and variability observed in real-world practice, satisfying quantitative behavioral validation criteria across projects and the EPC phases. The model contributes to sustainability by enhancing long-term workforce resilience, reducing resource waste, and supporting more efficient industrial project delivery. © 2026 by the authors.","Article","Final","All Open Access; Gold Open Access","Scopus","2-s2.0-105027399044"
"Smiianov V.A.; Lyulyov O.V.; Pimonenko T.V.; Andrushchenko T.A.; Sova S.; Grechkovskaya N.V.","Smiianov, Vladyslav A. (56293657300); Lyulyov, Oleksii V. (56809418500); Pimonenko, Tetyana V. (56274453800); Andrushchenko, Tetyana A. (56499411500); Sova, Serhii (7801642762); Grechkovskaya, Natalia V. (57221811693)","56293657300; 56809418500; 56274453800; 56499411500; 7801642762; 57221811693","THE IMPACT OF THE PANDEMIC LOCKDOWN ON AIR POLLUTION, HEALTH AND ECONOMIC GROWTH: SYSTEM DYNAMICS ANALYSIS","2020","Wiadomosci lekarskie (Warsaw, Poland : 1960)","73","11","","2332","2338","66","10.36740/wlek202011102","https://www.scopus.com/pages/publications/85100279555?origin=resultslist","OBJECTIVE: The aim of the paper is checking the hypothesis on the linking between consequences of pandemic lockdown and air pollution, public health, and economic growth. PATIENTS AND METHODS: Materials and methods: for prediction and modelling of the pandemic lockdown's impact on the air pollution, health, and economic growth with the system dynamics analysis and software Vensim; for the analysis, the authors used the methods as follows: bibliometric analysis with Scopus Tools Analysis and software VOSviewer. RESULTS: Results: The findings confirmed that the current rate of infected from growing disease was 11%. If quarantine continues the rate of infected from the growing disease will be 15%. If the quarantine cancels the rate of infected from the growing disease will be 5%, and the declining of GDP increment will be higher, than in scenario with quarantine. CONCLUSION: Conclusions: The findings confirmed the hypothesis that lockdown has the negative impact on the economic, social, and ecological growth of the country. At the same time, in the case, if the government cancel the quarantine, the declining of GDP increment will be higher, and the rate of infected from the growing disease will be the highest - 15%. In this case, the government should provide the quarantine regime and strengthen the control of the compliance.","Article","Final","All Open Access; Bronze Open Access","Scopus","2-s2.0-85100279555"
"Abdel-Latif A.; Saad–Eldien A.; Marzouk M.","Abdel-Latif, Amr (57212264845); Saad–Eldien, Ahmed (58700763500); Marzouk, Mohamed (7005098184)","57212264845; 58700763500; 7005098184","System dynamics applications in crisis management: A literature review","2023","Journal of Simulation","17","6","","800","817","12","10.1080/17477778.2022.2088306","https://www.scopus.com/pages/publications/85132361765?origin=resultslist","Crises are dynamic in nature and usually associated with complexity, uncertainty, pressure, and loss of boundaries. System dynamics is an approach for understanding nonlinear behaviour of complex systems over time. Its inherent capabilities make it effective in dealing with crises' attributes. Accordingly, deploying this technique in managing crises will strengthen the process and ensure its successfulness. This premise had been acknowledged by many scholars and reflected in their researches. In the last two decades there were many system dynamics applications in crisis management practice. These applications were subjected to an analysis process to recognise its characteristics. The analysis process identified their evolution trend, scholars' origins, utilised tools, crises' types, unit of analysis, and applications' categories. These categories include analysis, decision support system, crises preparation, forecasting, enhancing performance, setting plans, and policies' consequences. This classification frame should add extra knowledge to academics and present best practices for managing crises to practitioners. © 2022 The Operational Research Society.","Article","Final","All Open Access; Bronze Open Access","Scopus","2-s2.0-85132361765"
"Pirttilä O.; Kärkkäinen H.; Jussila J.","Pirttilä, Olli (56237473100); Kärkkäinen, Hannu (6603075075); Jussila, Jari (37011104900)","56237473100; 6603075075; 37011104900","Evaluating the Business Impacts of Social Media Use with System Dynamics and Agent-Based Modeling: A Literature Review","2019","Social Entrepreneurship: Concepts, Methodologies, Tools, and Applications: Volume 1-3","3","","","1479","1491","0","10.4018/978-1-5225-8182-6.ch076","https://www.scopus.com/pages/publications/105020513451?origin=resultslist","Social media has been widely adopted as a useful business tool, especially in the domain of business to consumer marketing. However, the deployment of social media tools to business processes is hindered by the lack of concrete indicators of the effects its use has on the business process. Computer based modeling has been widely used to simulate and predict business effects in other streams of study, but relatively little in the evaluation of social media impacts. This paper argues that System Dynamics and Agent-Based Modeling have been and should be utilized in measuring social media and its impacts in business context in general, as well as in the context of business ecosystems. The authors review the current state of the use of these simulation methods in the evaluation of social media business impacts by conducting a systematic literature review. © 2019 by IGI Global. All rights reserved.","Book chapter","Final","","Scopus","2-s2.0-105020513451"
"Nardelli M.; Valenza G.; Cristea I.A.; Gentili C.; Cotet C.; David D.; Lanata A.; Scilingo E.P.","Nardelli, Mimma (58845880400); Valenza, Gaetano (35773784200); Cristea, Ioana A. (25642340700); Gentili, Claudio (13204290200); Cotet, Carmen (55938574500); David, Daniel (7202770192); Lanata, Antonio (22734018500); Scilingo, Enzo P. (6601971636)","58845880400; 35773784200; 25642340700; 13204290200; 55938574500; 7202770192; 22734018500; 6601971636","Characterizing psychological dimensions in non-pathological subjects through autonomic nervous system dynamics","2015","Frontiers in Computational Neuroscience","9","MAR","37","","","20","10.3389/fncom.2015.00037","https://www.scopus.com/pages/publications/84927586297?origin=resultslist","The objective assessment of psychological traits of healthy subjects and psychiatric patients has been growing interest in clinical and bioengineering research fields during the last decade. Several experimental evidences strongly suggest that a link between Autonomic Nervous System (ANS) dynamics and specific dimensions such as anxiety, social phobia, stress, and emotional regulation might exist. Nevertheless, an extensive investigation on a wide range of psycho-cognitive scales and ANS non-invasive markers gathered from standard and non-linear analysis still needs to be addressed. In this study, we analyzed the discerning and correlation capabilities of a comprehensive set of ANS features and psycho-cognitive scales in 29 non-pathological subjects monitored during resting conditions. In particular, the state of the art of standard and non-linear analysis was performed on Heart Rate Variability, InterBreath Interval series, and InterBeat Respiration series, which were considered as monovariate and multivariate measurements. Experimental results show that each ANS feature is linked to specific psychological traits. Moreover, non-linear analysis outperforms the psychological assessment with respect to standard analysis. Considering that the current clinical practice relies only on subjective scores from interviews and questionnaires, this study provides objective tools for the assessment of psychological dimensions. © 2015 Nardelli, Valenza, Cristea, Gentili, Cotet, David, Lanata and Scilingo.","Article","Final","All Open Access; Gold Open Access; Green Open Access","Scopus","2-s2.0-84927586297"
"Song Y.G.; Yun E.K.","Song, Yu Gil (56623572600); Yun, Eun Kyoung (21740322400)","56623572600; 21740322400","Model for unplanned self extubation of ICU patients using system dynamics approach","2015","Journal of Korean Academy of Nursing","45","2","","280","292","3","10.4040/jkan.2015.45.2.280","https://www.scopus.com/pages/publications/84928948217?origin=resultslist","Purpose: In this study a system dynamics methodology was used to identify correlation and nonlinear feedback structure among factors affecting unplanned extubation (UE) of ICU patients and to construct and verify a simulation model. Methods: Factors affecting UE were identified through a theoretical background established by reviewing literature and preceding studies and referencing various statistical data. Related variables were decided through verification of content validity by an expert group. A causal loop diagram (CLD) was made based on the variables. Stock & Flow modeling using Vensim PLE Plus Version 6.0b was performed to establish a model for UE. Results: Based on the literature review and expert verification, 18 variables associated with UE were identified and CLD was prepared. From the prepared CLD, a model was developed by converting to the Stock & Flow Diagram. Results of the simulation showed that patient stress, patient in an agitated state, restraint application, patient movability, and individual intensive nursing were variables giving the greatest effect to UE probability. To verify agreement of the UE model with real situations, simulation with 5 cases was performed. Equation check and sensitivity analysis on TIME STEP were executed to validate model integrity. Conclusion: Results show that identification of a proper model enables prediction of UE probability. This prediction allows for adjustment of related factors, and provides basic data do develop nursing interventions to decrease UE. © 2015 Korean Society of Nursing Science.","Article","Final","All Open Access; Hybrid Gold Open Access","Scopus","2-s2.0-84928948217"
"Oesterreich T.D.; Teuteberg F.","Oesterreich, Thuy Duong (57191667415); Teuteberg, Frank (9038835200)","57191667415; 9038835200","Why one big picture is worth a thousand numbers: measuring intangible benefits of investments in augmented reality based assistive technology using utility effect chains and system dynamics","2018","Information Systems and e-Business Management","16","2","","407","441","12","10.1007/s10257-017-0367-6","https://www.scopus.com/pages/publications/85038628374?origin=resultslist","The body of literature in the area of IT/IS investment evaluation proposes a variety of methods and techniques for the ex-ante assessment of IT/IS investments. However, the financial evaluation of intangible benefits associated with IT/IS investments in general and investments in innovative IT/IS in particular still remains a problem area of high relevance to decision makers. As a consequence, investment decisions are still taken by practitioners as an “act of faith”. With this in mind, it is our primary aim to develop a quantification model for the financial assessment of intangible benefits concerning investments in innovative IT/IS. Based on an augmented reality and smart glasses application scenario from the construction domain, we demonstrate how intangible benefits of innovative IT/IS investments can be visualised and measured more effectively by means of utility effect chains and system dynamics prior to their incorporation into a cost–benefit analysis. Based on design science research, the quantification model is developed by means of a systematic literature review and evaluated using the augmented reality application scenario in construction. The model can serve as an aid to the managerial decision making process by providing an enhanced understanding of the various tangible and intangible benefits associated with the investment. © 2017, Springer-Verlag GmbH Germany, part of Springer Nature.","Article","Final","","Scopus","2-s2.0-85038628374"
"Zanker M.; Alhasnawi B.N.; Babič F.; Bureš V.; Čech P.; Husáková M.; Mikulecký P.; Nacházel T.; Ponce D.; Iqbal S.; Sedhom B.E.","Zanker, Marek (57212941288); Alhasnawi, Bilal Naji (57202605014); Babič, František (24337616500); Bureš, Vladimír (19638298800); Čech, Pavel (36790399500); Husáková, Martina (49963610100); Mikulecký, Peter (57192199516); Nacházel, Tomáš (57076782300); Ponce, Daniela (7003766137); Iqbal, Salman (56872432900); Sedhom, Bishoy E. (57189494382)","57212941288; 57202605014; 24337616500; 19638298800; 36790399500; 49963610100; 57192199516; 57076782300; 7003766137; 56872432900; 57189494382","Connecting Soft and Hard: An Integrating Role of Systems Dynamics in Tsunami Modeling and Simulation","2024","Sci","6","3","39","","","2","10.3390/sci6030039","https://www.scopus.com/pages/publications/85205048658?origin=resultslist","Modeling and simulation have been used to study tsunamis for several decades. We created a review to identify the software and methods used in the last decade of tsunami research. The systematic review was based on the PRISMA methodology. We analyzed 105 articles and identified 27 unique software and 45 unique methods. The reviewed articles can be divided into the following basic categories: exploring historical tsunamis based on tsunami deposits, modeling tsunamis in 3D space, identifying tsunami impacts, exploring relevant variables for tsunamis, creating tsunami impact maps, and comparing simulation results with real data. Based on the outcomes of this review, this study suggests and exemplifies the possibilities of system dynamics as a unifying methodology that can integrate modeling and simulation of most identified phenomena. Hence, it contributes to the development of tsunami modeling as a scientific discipline that can offer new ideas and highlight limitations or a building block for further research in the field of natural disasters. © 2024 by the authors.","Review","Final","All Open Access; Gold Open Access","Scopus","2-s2.0-85205048658"
"Sadeghian K.; Vafakhah M.; Sadeghi S.H.; Moosavi V.; Amaziane B.","Sadeghian, Kazem (59369984400); Vafakhah, Mehdi (36656815000); Sadeghi, Seyed Hamidreza (16833948500); Moosavi, Vahid (55221829000); Amaziane, Brahim (6602932975)","59369984400; 36656815000; 16833948500; 55221829000; 6602932975","A Thematic Examination of System Dynamics in River Science Research and an Agenda for Future Investigations","2026","Water Resources Management","40","3","121","","","1","10.1007/s11269-025-04441-x","https://www.scopus.com/pages/publications/105029901709?origin=resultslist","Understanding the dynamics of the river is essential and requires thorough investigation. This review aims to provide a bibliometric analysis of research on the system dynamics (SD) approach in river science. Using VOSviewer’s bibliometric analysis tool, 605 papers listed in the Scopus database were examined. The significant findings of this study are as follows: (1) There are two general categories of topics, including water resources management and climate change; (2) China and the United States experienced significant growth in citation frequency and volume over the past few years; and (3) Science of the Total Environment and Water Resources Management are two of the most influential journals. Overall, research on SD in river science is a well-developed and promising field. In other words, the study of SD in river science is an exciting field. This study provides new researchers with a framework for SD in river science and helps scientists identify potential perspectives on collaboration partners, research frontiers, hot spots, and research trends. © The Author(s), under exclusive licence to Springer Nature B.V. 2026.","Review","Final","","Scopus","2-s2.0-105029901709"
"Haller J.; Kumar B.; Göppert A.; Schmitt R.H.","Haller, Julian (57202692001); Kumar, Bharath (58154212300); Göppert, Amon (57201698841); Schmitt, Robert H. (55418282900)","57202692001; 58154212300; 57201698841; 55418282900","A System Dynamics Stability Model for Discrete Production Ramp-Up","2024","Systems","12","12","575","","","2","10.3390/systems12120575","https://www.scopus.com/pages/publications/85213459438?origin=resultslist","Manufacturing companies are increasingly challenged to deliver customizable products with shorter time to market and higher quality while adhering to sustainability requirements. To meet these challenges, the frequency and importance of production ramp-ups will increase in the future. However, most ramp-ups still fail to meet targets due to unpredictable equipment failures, operator errors, and system complexity. We propose a system dynamics model that captures the unique dynamics of ramp-up phases by integrating stability and disturbance factors that influence the key performance indicators overall equipment effectiveness, process capability, and production output. A systematic literature review informed the identification of stability factors, which were validated through expert interviews in the automotive industry. Our system dynamic simulation results indicate that control factors realistically influence production system behaviour during different ramp-up phases. Despite some limitations regarding the effects of maintenance personnel and engineering changes on key performance indicators, our model effectively simulates realistic ramp-up behaviour. The findings highlight the need for tailored models that consider specific ramp-up contexts and emphasize the importance of data acquisition for enhanced performance prognosis in future research. © 2024 by the authors.","Article","Final","All Open Access; Gold Open Access; Green Open Access","Scopus","2-s2.0-85213459438"
"Mhatre T.N.; Thakkar J.J.; Maiti J.","Mhatre, Tanmay Nitin (57196086260); Thakkar, J.J. (12752722100); Maiti, J. (6603146128)","57196086260; 12752722100; 6603146128","Modelling critical risk factors for Indian construction project using interpretive ranking process (IRP) and system dynamics (SD)","2017","International Journal of Quality and Reliability Management","34","9","","1451","1473","44","10.1108/IJQRM-09-2015-0140","https://www.scopus.com/pages/publications/85031801941?origin=resultslist","Purpose: The purpose of this paper is to employ an integrated approach of interpretive ranking process (IRP) and system dynamics (SD) for modelling the key risk factors for a typical construction project. Design/methodology/approach: The risk parameters and performance measures applicable in the construction industry have been identified through extensive literature review and discussions with experts from the construction industry. Based on the literature review, a questionnaire was designed and 64 responses were considered. The list of 20 risk parameters and 32 performance measures relevant for a construction industry is reduced to five risk factors and five performance measure factors using factor analysis. IRP modelling is employed to examine the contextual relationships among risk factors and to rank them with respect to performance measure factors. Subsequently, the results of IRP model were utilised as inputs to SD analysis. The SD analysis is conducted for two models, namely, risk factor model and risk variable model to understand the impact of interventions offered by project management team on risk reduction and mitigation. Findings: The developed IRP model shows that the risk factor dimension “construction management” has a high likeliness to occur during the construction phase. Research limitations/implications: The research demonstrates an application of proposed approach for a typical construction environment and hence the results cannot be generalised. Originality/value: This research addresses real life complexities in construction project by modelling critical risk factors using an integrate approach of IRP and SD. The proposed approach would facilitate project managers to devise appropriate risk mitigation strategies for a construction project. © 2017, © Emerald Publishing Limited.","Article","Final","","Scopus","2-s2.0-85031801941"
"Abaeian H.; Al-Hussein M.; Moselhi O.","Abaeian, Hossein (57191859144); Al-Hussein, Mohamed (6603541102); Moselhi, Osama (57202630325)","57191859144; 6603541102; 57202630325","Evidence-based evaluation of psychosocial risk factors and the interaction of their stressors using system dynamics","2017","29th European Modeling and Simulation Symposium, EMSS 2017, Held at the International Multidisciplinary Modeling and Simulation Multiconference, I3M 2017","","","","166","175","1","","https://www.scopus.com/pages/publications/85035093840?origin=resultslist","The experience of work-related stress caused by exposure to psychosocial risks can lead to poor physical and mental health, loss of productivity and ultimately results in worker injury. Considering that the impact of psychosocial risks may vary on an individual basis and the nature of the associated stressors varies widely among workplaces, this paper examines the latest research trend in this discipline by analyzing published psychosocial research in several journals in terms of contributions of institutions, adopted data collection and processing methods, and research interest. In addition, a database resulting from an evidence-based assessment of key psychosocial risk factors is provided and a conceptual System Dynamics (SD) model is created accordingly to illustrate the interaction between identified variables. The developed causal loop diagrams can better delineate the mechanism underlying the causal relationship between a given psychosocial factor and its adverse effects. The outputs are expected to assist project managers in gaining an in-depth understanding of the complexity and interaction of psychosocial factors and their outcomes.","Conference paper","Final","","Scopus","2-s2.0-85035093840"
"Kochan C.G.; Shahid N.; Andiç-Mortan E.","Kochan, Cigdem Gonul (57188991617); Shahid, Nimra (60369942800); Andiç-Mortan, Esen (57386337800)","57188991617; 60369942800; 57386337800","Understanding Humanitarian Supply Chain Resilience: A System Dynamics Framework","2026","Lecture Notes in Operations Research","Part F1419","","","290","298","0","10.1007/978-3-032-14489-8_30","https://www.scopus.com/pages/publications/105029262110?origin=resultslist","Humanitarian supply chains (HSCs) face major challenges in critical operations, including disaster relief, conflict support, and rapid response. This research, based on a literature review, develops a system dynamics (SD) framework to improve understanding of HSC resilience (HSCRES). By examining stakeholder interactions and trade-offs, this paper aims to offer practical insights to strengthen the resilience of HSCs. Specifically, enhancing IT capabilities through technologies such as blockchain, IoT, and cloud computing can improve transparency, coordination, and decision-making, thereby fostering agility and long-term resilience in HSCs. © The Author(s), under exclusive license to Springer Nature Switzerland AG 2026.","Book chapter","Final","","Scopus","2-s2.0-105029262110"
"Currie D.J.; Smith C.; Jagals P.","Currie, Danielle J. (57201378472); Smith, Carl (21733640200); Jagals, Paul (6603159605)","57201378472; 21733640200; 6603159605","The application of system dynamics modelling to environmental health decision-making and policy - A scoping review","2018","BMC Public Health","18","1","402","","","125","10.1186/s12889-018-5318-8","https://www.scopus.com/pages/publications/85044538340?origin=resultslist","Background: Policy and decision-making processes are routinely challenged by the complex and dynamic nature of environmental health problems. System dynamics modelling has demonstrated considerable value across a number of different fields to help decision-makers understand and predict the dynamic behaviour of complex systems in support the development of effective policy actions. In this scoping review we investigate if, and in what contexts, system dynamics modelling is being used to inform policy or decision-making processes related to environmental health. Methods: Four electronic databases and the grey literature were systematically searched to identify studies that intersect the areas environmental health, system dynamics modelling, and decision-making. Studies identified in the initial screening were further screened for their contextual, methodological and application-related relevancy. Studies deemed 'relevant' or 'highly relevant' according to all three criteria were included in this review. Key themes related to the rationale, impact and limitation of using system dynamics in the context of environmental health decision-making and policy were analysed. Results: We identified a limited number of relevant studies (n = 15), two-thirds of which were conducted between 2011 and 2016. The majority of applications occurred in non-health related sectors (n = 9) including transportation, public utilities, water, housing, food, agriculture, and urban and regional planning. Applications were primarily targeted at micro-level (local, community or grassroots) decision-making processes (n = 9), with macro-level (national or international) decision-making to a lesser degree. There was significant heterogeneity in the stated rationales for using system dynamics and the intended impact of the system dynamics model on decision-making processes. A series of user-related, technical and application-related limitations and challenges were identified. None of the reported limitations or challenges appeared unique to the application of system dynamics within the context of environmental health problems, but rather to the use of system dynamics in general. Conclusions: This review reveals that while system dynamics modelling is increasingly being used to inform decision-making related to environmental health, applications are currently limited. Greater application of system dynamics within this context is needed before its benefits and limitations can be fully understood. © 2018 The Author(s).","Review","Final","All Open Access; Gold Open Access; Green Open Access","Scopus","2-s2.0-85044538340"
"Hoffmann J.; Mai C.; Hu B.; Buettner R.","Hoffmann, Justin (59907682000); Mai, Christopher (59488906900); Hu, Bo (55202416400); Buettner, Ricardo (24831738000)","59907682000; 59488906900; 55202416400; 24831738000","A Systematic Literature Review on System Dynamics","2025","IEEE Access","13","","","88871","88887","4","10.1109/ACCESS.2025.3571620","https://www.scopus.com/pages/publications/105005800095?origin=resultslist","System Dynamics is a methodology for modeling and simulating dynamically complex systems, which are characterized by feedback loops, nonlinearity, and time delays. It uses Causal Loop Diagrams and Stock-and-Flow Diagrams to represent system structures and to analyze how these structures influence system behavior over time. The majority of reviews on System Dynamics use cases either focus on a single thematic domain or are not up to date. As a result, a comprehensive and up-to-date overview of System Dynamics use cases across all thematic domains is lacking. Furthermore, no Systematic Literature Review has yet examined whether and to what extent artificial intelligence has been employed to extend and enhance the System Dynamics approach in identified use cases. To address this research gap, we conducted a Systematic Literature Review. The identified studies are classified within a sociotechnical system framework consisting of User-Machine Interaction, Value Chain-related Domains, and Social Factors. Additionally, we examine the role of artificial intelligence in advancing the System Dynamics approach within the identified use cases. We identified 41 relevant publications covering 19 thematic domains. Most studies fall within the Value Chain-related Domains system, followed by Social Factors and User-Machine Interaction. The integration of artificial intelligence into System Dynamics use cases remains rare. Our findings highlight the broad applicability of System Dynamics across various thematic domains while simultaneously revealing a gap in the complementary use of artificial intelligence. © 2013 IEEE.","Article","Final","All Open Access; Gold Open Access; Green Open Access","Scopus","2-s2.0-105005800095"
"Rebs T.; Brandenburg M.; Seuring S.","Rebs, Tobias (57195452124); Brandenburg, Marcus (6701364108); Seuring, Stefan (6602271726)","57195452124; 6701364108; 6602271726","System dynamics modeling for sustainable supply chain management: A literature review and systems thinking approach","2019","Journal of Cleaner Production","208","","","1265","1280","292","10.1016/j.jclepro.2018.10.100","https://www.scopus.com/pages/publications/85056195341?origin=resultslist","Globalized economic systems involve complex supply chains (SCs) where environmental and social impacts are to be managed in alignment with diverse stakeholder expectations and to mitigate sustainability-related risks. Quantitative modeling approaches for sustainable supply chain management (SSCM) have gained increasing attention. Compared to analytical models and mathematical programming, simulation methods in SSCM are underrepresented, although system dynamics (SD) modeling is suitable to simulate and examine complex and dynamic systems and to support long-term, strategic decision-making. This paper provides a review of SSCM-related SD models, systematizes SSCM from a systems thinking perspective in a conceptual framework, and proposes guidelines for SD modeling in SSCM research. A content analysis of related literature examines SD models for forward, reverse, and closed-loop SCs that include environmental or social aspects of sustainability. It is found that a majority of models deals with macroscopic levels of analysis while models for intra- and inter-organizational SCs are less prominent. SSCM-related SD models integrate environmental and social sustainability metrics, governmental pressures and incentives or customer expectations, but uncertainties and risks are seldom modeled. Inferences for future SD modeling in SSCM are derived from this review to address strengths and shortcomings of extant SD modeling approaches for SSCM. SSCM-related constructs, model validation and the need of hybrid models, which integrate different simulation, optimization, or multi-criteria decision-making models, are addressed. A framework for a systems thinking perspective on SSCM is conceptualized that may serve as a basis for future research. © 2018 Elsevier Ltd","Review","Final","","Scopus","2-s2.0-85056195341"
"Koul S.; Falebita O.A.; Akinbami J.-F.K.; Akarakiri J.B.","Koul, Saroj (36918658100); Falebita, Oluwabunmi A. (57160109100); Akinbami, John-Felix K. (59016014000); Akarakiri, Joshua B. (6603488368)","36918658100; 57160109100; 59016014000; 6603488368","System dynamics, uncertainty and hydrocarbon resources modelling: A systematic review","2016","Renewable and Sustainable Energy Reviews","59","","","199","205","20","10.1016/j.rser.2015.12.088","https://www.scopus.com/pages/publications/84960082564?origin=resultslist","Hydrocarbon resources represent a cardinal source of energy. Numerous studies have employed the system dynamics (SD) approach for hydrocarbon resources modelling. This paper reviews relevant literature, discusses the concept of uncertainty in SD-based modelling for energy resources estimation, and summarizes methods used to manage uncertainty. Although the SD methodology has the capability to manage uncertainties on a stand-alone basis, it is insufficient for handling dynamically complex issues characterized by several high levels of uncertainties, known as deep uncertainties. Augmentation with multi-method approaches improves the thoroughness of analysis and allows evaluation of many different policy options. We also highlight topics for researchers, policy makers, and energy planners who are faced with the responsibility of making policy decisions in the face of uncertainty. © 2015 Elsevier Ltd. All rights reserved.","Review","Final","","Scopus","2-s2.0-84960082564"
"Zulkifli A.; Wasesa M.; Freiburghaus M.","Zulkifli, Ahmad (60157858000); Wasesa, Meditya (55249945100); Freiburghaus, Markus (60158367500)","60157858000; 55249945100; 60158367500","The Trade Tensions and Sustainability in Indonesia's Nickel Industry: A System Dynamics View for Electric Vehicle Development","2025","Proceedings of the 2025 8th International Conference on Electric Vehicular Technology, ICEVT 2025","","","","165","171","1","10.1109/ICEVT67191.2025.11183937","https://www.scopus.com/pages/publications/105019923162?origin=resultslist","Geopolitical tensions between the United States and China are reshaping global investment flows, particularly within critical mineral supply chains essential to electric vehicle (EV) development. As the world's largest producer of nickel (a key material in EV battery chemistries) Indonesia has emerged as a strategic hub in this global realignment. This study investigates how trade conflict, industrial policy, and environmental regulation jointly influence nickel demand and supply dynamics in the EV context. A hybrid methodology is employed, integrating a Systematic Literature Review (SLR) and Content Analysis, guided by the PRISMA 2020 framework. From 21 selected publications, key variables and causal linkages were extracted and synthesized into a system dynamics-based Causal Loop Diagram (CLD). The model reveals that U.S.-China tensions catalyze investment relocation, resulting in increased foreign direct investment (FDI) in Indonesia and stimulating domestic nickel demand through downstream expansion. This reinforcing dynamic is counterbalanced by environmental regulations and macroeconomic factors such as interest rate sensitivity. The analysis identifies three strategic intervention points: (1) mandating downstream integration in FDI-related projects, (2) establishing and enforcing measurable environmental thresholds, and (3) embedding systems-thinking tools in national development planning. The findings underscore that Indonesia's long-term role in the global EV supply chain will depend on its ability to balance economic growth with environmental stewardship and cross-sector policy alignment. For EV developers and policymakers, the proposed CLD offers a structured framework to assess sourcing risks and inform sustainable procurement strategies. This work advances system-based approaches in mineral governance and lays the groundwork for future quantitative modeling of long-term EV supply scenarios.  © 2025 IEEE.","Conference paper","Final","","Scopus","2-s2.0-105019923162"
"Sedarati P.; Santos S.; Pintassilgo P.","Sedarati, Pooyan (57200703322); Santos, Sérgio (24173580200); Pintassilgo, Pedro (57199644800)","57200703322; 24173580200; 57199644800","System Dynamics in Tourism Planning and Development","2019","Tourism Planning and Development","16","3","","256","280","83","10.1080/21568316.2018.1436586","https://www.scopus.com/pages/publications/85042211783?origin=resultslist","System dynamics (SD) is a method that has the ability to capture the dynamic behavior of a complex system over time. The tourism industry, due to the myriad of interactions among its sectors, can be considered as a complex system. Therefore, SD has drawn the attention of tourism researchers over the last two decades. The goal of this study is to assess the application of the SD method in planning and development of the tourism industry. For this purpose, a systematic literature review was performed and a set of 27 papers was selected. The analysis of the papers shows the applicability of the SD method to address a multitude of different problems. Overall, however, it can be concluded that whilst the SD method has shown considerable potential to provide tourism decision-makers and regulators with tools for strategic and operational policy development at many different levels of analysis, the number of applications in this sector is still limited. Therefore, it is recommended that the use of SD modeling in the tourism industry be extended in order to promote a holistic understanding of the complex issues faced by this industry and to assist in the development of more effective policies. © 2018, © 2018 Informa UK Limited, trading as Taylor & Francis Group.","Article","Final","","Scopus","2-s2.0-85042211783"
"Moghadam Manesh M.; Beall King A.","Moghadam Manesh, Mehdi (60100332700); Beall King, Allyson (57189192691)","60100332700; 57189192691","Review of Sub-Models in Groundwater System Dynamics Models to Facilitate “Lego-like” Modeling","2025","Water (Switzerland)","17","17","2559","","","2","10.3390/w17172559","https://www.scopus.com/pages/publications/105016097811?origin=resultslist","Groundwater resource management involves complex socio-hydrological systems characterized by dynamic feedback, uncertainty, and common misconceptions among decision-makers. While deterministic models like MODFLOW simulate physical hydrology effectively, they fall short in capturing the social, legal, and behavioral dynamics shaping groundwater use. System dynamics (SD) modeling offers a robust alternative by incorporating feedback loops, delays, and nonlinearities. Yet, model conceptualization remains one of the most challenging steps in SD practice. Experienced modelers often apply a “Lego-like” approach—assembling new models from pre-validated sub-models. However, this strategy depends on access to well-documented sub-model libraries, which are typically unavailable to newcomers. To address this barrier, we systematically review and classify socio-economic sub-models from existing groundwater SD literature, organizing them by system archetypes and generic structures. The resulting modular library offers a practical resource that supports newcomers in building structured, scalable models. This approach improves conceptual clarity, enhances model reusability, and facilitates faster development of SD models tailored to groundwater systems. The study concludes by identifying directions for future research, including expanding the sub-model library, clarifying criteria for base-model selection, improving integration methods, and applying these approaches through diverse case studies to further strengthen the robustness and utility of groundwater SD modeling. © 2025 by the authors.","Article","Final","All Open Access; Gold Open Access","Scopus","2-s2.0-105016097811"
"Samarasekara H.M.S.N.; Purushothaman M.B.; Rotimi F.E.; Ghaffarian Hoseini A.","Samarasekara, Herath Mudiyanselage Samadhi Nayanathara (59178162600); Purushothaman, Mahesh Babu (57216619975); Rotimi, Funmilayo Ebun (55218727200); Ghaffarian Hoseini, Ali (57212028517)","59178162600; 57216619975; 55218727200; 57212028517","A system dynamics framework for whole life costing in seismic and climate-sensitive residential construction in New Zealand","2025","Smart and Sustainable Built Environment","","","","1","52","1","10.1108/SASBE-06-2025-0331","https://www.scopus.com/pages/publications/105024430680?origin=resultslist","Purpose – This study develops a whole life costing (WLC) framework tailored to New Zealand's residential construction sector, addressing key region-specific challenges such as seismic risks, climate variability, and evolving regulatory conditions. Design/methodology/approach – A systematic literature review (SLR) was conducted alongside 22 semi-structured expert interviews to identify critical cost drivers influencing WLC in residential buildings. The study applies system dynamics (SD) methodology, using causal loop diagrams (CLDs) and degree centrality analysis to model complex interdependencies and feedback loops among these cost drivers. Findings – The study identifies 73 key cost drivers across technical, environmental, economic, regulatory and behavioural domains. These drivers are structured into a hierarchical framework that models their interactions across the acquisition, operational and end-of-life phases of residential buildings. The findings emphasise the importance of seismic resilience, energy efficiency, material durability and climate-related impacts in long-term cost planning for residential buildings in New Zealand. Research limitations/implications – The framework is based on expert interviews and literature review, which may limit the scope of identified factors. The research is conceptual in nature, and empirical validation of the framework is needed to confirm its practical applicability across different residential projects. Future research could include testing the framework in real-world settings or extending it to other geographical contexts. Practical implications – The proposed WLC framework provides policymakers, developers and architects with a structured tool for evaluating long-term costs and benefits of residential construction projects. It integrates local environmental, economic and regulatory factors, thus promoting sustainable design and more informed decision-making throughout the construction lifecycle. The framework can guide policy development, building regulations and sustainable construction practices in New Zealand and similar regions. Social implications – The framework promotes long-term affordability, quality and resilience in residential buildings, supporting improved public health, energy equity and disaster preparedness, critical issues for vulnerable communities affected by housing and environmental instability. Originality/value – This study presents the first context-specific WLC framework for New Zealand's residential construction sector. Unlike global models, it incorporates critical regional factors, such as seismic and climate risks, to offer a more comprehensive and practical tool for enhancing the economic sustainability of residential buildings. The framework's innovative use of system dynamics and causal loop modelling offers new insights into lifecycle cost estimation and long-term sustainability in construction. © 2025 Herath Mudiyanselage Samadhi Nayanathara Samarasekara, Mahesh Babu Purushothaman, Funmilayo Ebun Rotimi and Ali Ghaffarian Hoseini","Article","Article in press","All Open Access; Green Open Access","Scopus","2-s2.0-105024430680"
"Maleki M.; Smith-Colin J.","Maleki, Mohammad (57218625881); Smith-Colin, Janille (56560169700)","57218625881; 56560169700","Estimating Benefits of Microtransit for Social Determinants of Health: A Social Return on Investment System Dynamics Model","2023","Systems","11","11","538","","","7","10.3390/systems11110538","https://www.scopus.com/pages/publications/85177596690?origin=resultslist","Lack of transportation services in low-income communities greatly affects people’s health and well-being, creating barriers to social determinants of health (SDOH). One potential solution that has gained the attention of US decision-makers in recent years is microtransit, a transportation intervention aimed at addressing this issue. Despite promising results from prior microtransit implementation, the extent to which these programs deliver social benefits remains uncertain. This study presents a novel model called Social Return on Investment System Dynamics (SROISD) to forecast the social benefits of a microtransit program in Holmes County, Mississippi. The SROISD model identifies the scope and key stakeholders, maps outcomes, and gives outcomes a value. A causal loop diagram is developed next based on mapped outcomes and a literature review, thereby conceptualizing the processes through which social benefits are gained from the microtransit program. Three stock and flow diagrams are then created from the causal loop diagram to formulate the system and produce results. Outcomes mapped relative to three SDOH areas (1) accessing healthcare, (2) accessing employment, and (3) social participation indicate an overall positive return from investing in microtransit within the low-income community of interest. Additionally, ridesharing demonstrates a significant positive correlation with the SROI ratio. These findings offer support for the advantages of investing in microtransit. Additionally, the SROISD methodology offers decisionmakers a dynamically responsive approach that integrates traditional return on investment methodologies with system dynamics to explore social benefits across a variety of impact categories. © 2023 by the authors.","Article","Final","All Open Access; Gold Open Access; Green Open Access","Scopus","2-s2.0-85177596690"
"Llases L.; Mediavilla J.","Llases, Luis (59474694000); Mediavilla, Juanjo (60407480100)","59474694000; 60407480100","System Dynamics and Agent-Based Modeling applied to the study of depopulation: a systematic literature review; [Dinámica de sistemas y modelado basado en agentes aplicados al estudio de la despoblación: una revisión sistemática de la literatura]","2026","Ager","43","","","227","279","0","10.4422/ager.2026.06","https://www.scopus.com/pages/publications/105046774348?origin=resultslist","Depopulation is a global challenge with implications for the economy, public services and social cohesion. Therefore, it cannot be understood solely as a population deficit, but rather as a systemic and self-reinforcing process: the loss of inhabitants generates economic and essential service shortages, leading to further emigration. This systematic review analyses the academic literature that applies System Dynamics and Agent-Based Models to the study of depopulation, as both approaches allow these characteristic feedback loops to be represented explicitly. Thirty-one publications were classified according to categories such as geographical context, methodology, dimensions represented, drivers of population change, policies evaluated and main conclusions. The results show that only a minority of studies reflect these loops endogenously. This implies the need to advance in this line of research, increasing the level of detail of the interactions. Furthermore, the relational dimension is currently underrepresented, and its inclusion is an important way to improve the ability of models to simulate how community cohesion, social ties, and sense of belonging affect migration and residence decisions, thus providing better tools for the design of mitigation and management policies. © 2026 CEDDAR. All rights reserved.","Review","Final","","Scopus","2-s2.0-105046774348"
"Gozali L.; Zagloel T.Y.M.; Simatupang T.M.; Sutopo W.; Gunawan A.; Liang Y.-C.; Yahya B.N.; Garza-Reyes J.A.; Irawan A.P.; Suseno Y.","Gozali, Lina (57191955654); Zagloel, Teuku Yuri M. (55369278200); Simatupang, Togar Mangihut (8673650300); Sutopo, Wahyudi (42062336300); Gunawan, Aldy (23975840100); Liang, Yun-Chia (7403499508); Yahya, Bernardo Nugroho (24529414200); Garza-Reyes, Jose Arturo (35310169200); Irawan, Agustinus Purna (37124009300); Suseno, Yuliani (8750734000)","57191955654; 55369278200; 8673650300; 42062336300; 23975840100; 7403499508; 24529414200; 35310169200; 37124009300; 8750734000","The important role of system dynamics investigation on business model, industry and performance management","2024","International Journal of Productivity and Performance Management","73","4","","945","980","15","10.1108/IJPPM-07-2021-0399","https://www.scopus.com/pages/publications/85161452875?origin=resultslist","Purpose: This research studies the development of the evolving dynamic system model and explores the important elements or factors and what detailed attributes are the main influences model in achieving the success of a business, industry and management. It also identifies the real and major differences between static and dynamic business management models and the detailed factors that influence them. Later, this research investigates the benefits/advantages and limitations/disadvantages of some research studies. The studies conducted in this research put more emphasis on the capabilities of system dynamics (SD) in modeling and the ability to measure, analyse and capture problems in business, industry, manufacturing etc. Design/methodology/approach: The research presented in this work is a qualitative research based on a literature review. Publicly available research publications and reports have been used to create a research foundation, identify the research gaps and develop new analyses from the comparative studies. As the literature review progressed, the scope of the literature search was further narrowed down to the development of SD models. Often, references to certain selected literature have been examined to find other relevant literature. To do so, a supporting tool (that connects related articles) provided by Google Scholar, Scopus, and particular journals has been used. Findings: The dynamic business and management model is very different from the static business model in complexity, formality, flexibility, capturing, relationships, advantages, innovation model, new goals, updated information, perspective and problem-solving abilities. The initial approach of a static system was applied in the canvas business model, but further developments can be continued with a dynamic system approach. Research limitations/implications: Based on this study, which shows that businesses are developing more towards digitalisation, wanting the ability to keep up with the era that is moving so fast and the desire to increase profits, an instrument is needed that can help describe the difficulties of the needs and developments of the future world. This instrument, or tool of SD, is also expected to assist in drawing future models and in building a business with complex variables that can be predicted from the beginning. Practical implications: This study will contribute to the SD study for many business incubator research studies. Many practical in business incubator management to have a benefit how to achieve the business performance management (BPM) in SD review. Originality/value: The significant differences between static and dynamics to be used for business research and strategic performance management. This comparative study analyses some SD models from many authors worldwide. Their goals behind their strategic business models and encounter for their respective progress. © 2023, Emerald Publishing Limited.","Review","Final","All Open Access; Green Open Access","Scopus","2-s2.0-85161452875"
"Oladimeji O.O.; Keathley-Herring H.; Cross J.A.","Oladimeji, Olufunke Olufunmi (57200182625); Keathley-Herring, Heather (56154990400); Cross, Jennifer A. (8547665600)","57200182625; 56154990400; 8547665600","System dynamics applications in performance measurement research: A systematic literature review","2020","International Journal of Productivity and Performance Management","69","7","","1539","1576","30","10.1108/IJPPM-12-2018-0453","https://www.scopus.com/pages/publications/85083741241?origin=resultslist","Purpose: This study investigates system dynamics (SD) applications in performance measurement (PM) research and practice. A bibliometric analysis was conducted to investigate the maturity of this research area and identify opportunities for development. Design/methodology/approach: A systematic literature review (SLR) was conducted to provide a comprehensive and rigorous review of the existing literature. The search was conducted on 10 platforms identifying 97 publications, which were evaluated using bibliometric analysis. Findings: The analysis revealed that applications of SD are most commonly used in the PM system design phase to model organisational performance. In addition, the bibliometric results showed a highly dispersed author set, with most studies using exploratory methods, suggesting that the research is in a relatively early stage of development. The results also showed that over 50 per cent of the causal models were not validated, emphasizing an important methodological gap in this research area. Research limitations/implications: This SLR is limited to indexed publications on 10 platforms, the search strategy was relatively precise and only available papers in English language were used for the literature review. Practical implications: PM systems supported by SD can help managers understand and improve organisational behaviours by addressing dynamic complexities and relationship between variables. This study evaluates the maturity of this research area including information about the current development of this area and opportunities to build on existing knowledge. Originality/value: This study identifies how SD approaches are applied to PM and highlights areas that require further research consideration. This paper is the first of two publications to result from this study and focuses on evaluating the current state of this research area. © 2020, Emerald Publishing Limited.","Review","Final","","Scopus","2-s2.0-85083741241"
"Naeem K.; Zghibi A.; Elomri A.; Mazzoni A.; Triki C.","Naeem, Khawar (57188737470); Zghibi, Adel (36834736300); Elomri, Adel (56915869700); Mazzoni, Annamaria (57204091058); Triki, Chefi (57217692225)","57188737470; 36834736300; 56915869700; 57204091058; 57217692225","A Literature Review on System Dynamics Modeling for Sustainable Management of Water Supply and Demand","2023","Sustainability (Switzerland)","15","8","6826","","","52","10.3390/su15086826","https://www.scopus.com/pages/publications/85156118714?origin=resultslist","Water supply and demand management (WSDM) is essential for developing sustainable cities and societies. WSDM is only effective when tackled from the perspective of a holistic system understanding that considers social, environmental, hydrological, and economic (SEHEc) sub-systems. System dynamics modeling (SDM) is recommended by water resource researchers as it models the biophysical and socio-economic systems simultaneously. This study presents a comprehensive literature review of SDM applications in sustainable WSDM. The reviewed articles were methodologically analyzed considering SEHEc sub-systems and the type of modeling approach used. This study revealed that problem conceptualization using the causal loop diagram (CLD) was performed in only 58% of the studies. Moreover, 70% of the reviewed articles used the stock flow diagram (SFD) to perform a quantitative system analysis. Furthermore, stakeholder engagement plays a significant role in understanding the core issues and divergent views and needs of users, but it was incorporated by only 36% of the studies. Although climate change significantly affects water management strategies, only 51% of the reviewed articles considered it. Although the scenario analysis is supported by simulation models, they further require the optimization models to yield optimal key parameter values. One noticeable finding is that only 12% of the articles used quantitative models to complement SDM for the decision-making process. The models included agent-based modeling (ABM), Bayesian networking (BN), analytical hierarchy approach (AHP), and simulation optimization multi-objective optimization (MOO). The solution approaches included the genetic algorithm (GA), particle swarm optimization (PSO), and the non-dominated sorting genetic algorithm (NSGA-II). The key findings for the sustainable development of water resources included the per capita water reduction, water conservation through public awareness campaigns, the use of treated wastewater, the adoption of efficient irrigation practices including drip irrigation, the cultivation of low-water-consuming crops in water-stressed regions, and regulations to control the overexploitation of groundwater. In conclusion, it is established that SDM is an effective tool for devising strategies that enable sustainable water supply and demand management. © 2023 by the authors.","Review","Final","All Open Access; Gold Open Access; Green Open Access","Scopus","2-s2.0-85156118714"
"Oladimeji O.; Cross J.; Keathley-Herring H.","Oladimeji, Olufunke (57200182625); Cross, Jennifer (8547665600); Keathley-Herring, Heather (56154990400)","57200182625; 8547665600; 56154990400","System dynamics applications in performance measurement research: progress and challenges","2020","Management Decision","59","6","","1181","1208","11","10.1108/MD-11-2019-1596","https://www.scopus.com/pages/publications/85090239255?origin=resultslist","Purpose: A systematic literature review (SLR) was used to identify and analyze literature related to use of system dynamics (SD) applications in organizational performance measurement (PM) research. The purpose of this article is to present the results of a thematic analysis (TA) conducted to synthesize existing empirical evidence, investigate trends and evaluate developments in the research area. Design/methodology/approach: A SLR was conducted resulting in a dataset of 97 articles in this research area. Using TA, major themes/subthemes were inductively synthesized to explore the current development and emerging trends and provide guidance for future research. Findings: The TA resulted in seven themes in the research area – Enhancing knowledge, Approaches to operationalizing PM systems, Utilizing simulation models, Improving organizational outcomes, Achieving strategic alignment, Applying systems thinking and Identifying critical variables. The analysis suggests that although SD has the potential to improve PM systems, there are many limitations and challenges that must be addressed to improve implementation and practical applications. In addition, the results showed that much of the work is exploratory and many fail to fully validate their models suggesting that this research is still in an relatively early phase of development. Research limitations/implications: The results of this study are limited to the 97 articles identified using the SLR protocol. Although the search was designed to be comprehensive, there may be other relevant literature that was excluded. Further, the TA was limited to addressing the research questions. Practical implications: A key insight for managers is that these tools would support decision-makers in understanding performance behaviors and identifying performance drivers for improvement. This suggests that stakeholders can adopt the approach to improve understanding and effectiveness of PM, and to enhance strategic decision-making. Originality/value: This study provides a distinct and thorough analysis of this research area by conducting an inductive synthesis of developments and challenges and guidance for future research and practice. The resulting thematic model, identified code definitions and proposed framework of strategies to overcome challenges, provide a general overview and resource to support future studies in the research area and facilitate practical use of SD capabilities to support PM. © 2020, Emerald Publishing Limited.","Review","Final","","Scopus","2-s2.0-85090239255"
"Zanker M.; Docekalova A.; Urbanik P.","Zanker, Marek (57212941288); Docekalova, Alzbeta (60354666800); Urbanik, Patrik (58183668300)","57212941288; 60354666800; 58183668300","Applications of system dynamics in smart cities: A systematic review","2026","Journal of Cases on Information Technology","28","1","","","","0","10.4018/JCIT.398863","https://www.scopus.com/pages/publications/105028961501?origin=resultslist","Despite the growing availability of urban big data, smart city initiatives often fail due to unforeseen feedback loops. This study utilizes a systematic review of 22 peer-reviewed articles to evaluate the efficacy of system dynamics (SD) in mitigating these failures. The paper categorizes current SD applications. While governance studies rely on qualitative causal loop diagrams to map soft variables, energy and mobility research is increasingly adopting hybrid quantitative simulations. The findings indicate that these hybrid models are essential for predicting critical ""tipping points."" The review concludes that SD provides the necessary temporal framework to manage the lag between investment and sustainability, offering specific policy recommendations to avoid premature project cancellation. © 2026 IGI Global. All rights reserved.","Review","Final","All Open Access; Gold Open Access","Scopus","2-s2.0-105028961501"
"Rouwette E.A.J.A.; Größler A.; Vennix J.A.M.","Rouwette, Etiënne A.J.A. (6507922245); Größler, Andreas (6602431637); Vennix, Jac A.M. (6603256239)","6507922245; 6602431637; 6603256239","Exploring influencing factors on rationality: A literature review of dynamic decision-making studies in system dynamics","2004","Systems Research and Behavioral Science","21","4","","351","370","69","10.1002/sres.647","https://www.scopus.com/pages/publications/9144238291?origin=resultslist","Simulators and experiments studying dynamic decision making offer a way of finding out about factors enforcing and inhibiting human rationality. This literature review of 51 studies from the system dynamics field helps to identify various factors that influence decision making. The factors are classified into model, simulator and player characteristics. In the paper the effect of these variables on gaming performance is reviewed and synthesized. Model characteristics such as presence of delay and increase of feedback strength seem to lower performance, while changes in exogenous conditions lead to mixed results. With regard to simulator characteristics, the decision interval does not seem to influence performance. Model transparency has a positive relation to performance, similar to decision information (in conjunction with player characteristics). Lastly, with regard to player characteristics, there is some evidence that a long-term goal increases performance. Although problem-solving style and mental model characteristics impact performance, no relation between general personality types and performance is found. Also, there are no consistent differences between individuals and pairs with regard to performance. The paper closes with brief comments on future research directions. Copyright © 2004 John Wiley & Sons, Ltd.","Conference paper","Final","All Open Access; Bronze Open Access","Scopus","2-s2.0-9144238291"
"Vosoughi M.; Nahavandi B.; Homayounfar M.","Vosoughi, Mehdi (60245974700); Nahavandi, Bijan (57709241000); Homayounfar, Mahdi (57687085100)","60245974700; 57709241000; 57687085100","Simulation of banking loan barriers to industry: insights from a system dynamics model","2025","Journal of Optimization in Industrial Engineering","18","1","","351","360","0","10.71720/joie.2025.1220537","https://www.scopus.com/pages/publications/105025163282?origin=resultslist","Industrial financing is pivotal to economic development, yet it faces persistent barriers, including institutional rigidities, informational asymmetries, and macroeconomic volatility, which constrain credit flows and exacerbate underinvestment. This study applies system dynamics modeling to unravel these intricate interactions, constructing a validated framework that delineates causal interdependencies and projects policy outcomes over a 60-month horizon. A comprehensive literature review identified 54 categorized barriers, refined through expert consultations via purposive snowball sampling and causal loop diagramming. A Vensim PLE-based stock and flow model, incorporating six core stocks, was developed and rigorously validated for structural and behavioral accuracy to ensure empirical robustness. Scenario analyses contrasted a baseline with three policy interventions: credit facilitation with institutional reforms, regulatory tightening amid financial stress, and adaptive responses to external shocks (e.g., sanctions). Under the baseline, the system achieved natural equilibrium with gradual growth, moderate bank profitability, and constrained industrial capacity. The “Credit Facilitation and Institutional Improvement” scenario yielded optimal results, with enhanced repayment flexibility and refined credit assessment driving substantial loan growth, elevated profitability, and controlled default risk. Conversely, “Financial Pressure and Regulatory Tightening” induced severe credit contraction, rising non-performing loans, and diminished profitability, underscoring the perils of overly restrictive policies. The “External Shock and Adaptive Response” scenario triggered temporary declines in profitability and credit access, but endogenous mechanisms facilitated partial recovery. These findings affirm that facilitative and institutional policies maximize efficiency and sustainability for the banking and industrial sectors © 2025 Qazvin Islamic Azad University. All rights reserved.","Article","Final","","Scopus","2-s2.0-105025163282"
"Łobejko A.; Kalantar-Nayestanaki N.; Kistryn S.; Kłos B.; Kozela A.; Kulessa P.; Parol W.; Skwira-Chalot I.; Stephan E.; Szadziński A.; Wilczek A.; Włoch B.; Zejma J.","Łobejko, A. (57205663011); Kalantar-Nayestanaki, N. (7003296906); Kistryn, S. (6603553636); Kłos, B. (6603405227); Kozela, A. (6602651925); Kulessa, P. (6701649002); Parol, W. (37104886000); Skwira-Chalot, I. (12545703600); Stephan, E. (7102112399); Szadziński, A. (57216950425); Wilczek, A. (57188585833); Włoch, B. (57188584092); Zejma, J. (6602702336)","57205663011; 7003296906; 6603553636; 6603405227; 6602651925; 6701649002; 37104886000; 12545703600; 7102112399; 57216950425; 57188585833; 57188584092; 6602702336","Experimental Studies of the Three Nucleon System Dynamics in the Proton Induced Deuteron Breakup at 108 MeV","2024","Few-Body Systems","65","2","36","","","2","10.1007/s00601-024-01905-5","https://www.scopus.com/pages/publications/85189814167?origin=resultslist","The differential cross sections for the 2H(p,pp)n reaction have been measured for more than 80 angular configurations of the outgoing protons in the range of polar angles from 13∘ to 33∘ with a proton beam at 108 MeV. Data have been collected at the first experimental run in the Cyclotron Center Bronowice (CCB) at the Institute of Nuclear Physics PAS in Cracow, using the BINA detector setup. Analysis leading to determination of the breakup cross section values is described. Absolute normalization is obtained by normalization to the simultaneously measured 1H(d,d)p scattering events. Experimental results are compared to the state-of-the-art theoretical calculations. Global analysis shows significant influence of the Coulomb interaction and small effects of three nucleon force in the studied phase space region. © The Author(s), under exclusive licence to Springer-Verlag GmbH Austria, part of Springer Nature 2024.","Article","Final","All Open Access; Green Open Access","Scopus","2-s2.0-85189814167"
"Jahan S.; Khan K.I.A.; Thaheem M.J.; Ullah F.; Alqurashi M.; Alsulami B.T.","Jahan, Shah (57731825300); Khan, Khurram Iqbal Ahmad (57189578658); Thaheem, Muhammad Jamaluddin (56922299800); Ullah, Fahim (57209067688); Alqurashi, Muwaffaq (56308217500); Alsulami, Badr T. (55924261600)","57731825300; 57189578658; 56922299800; 57209067688; 56308217500; 55924261600","Modeling Profitability-Influencing Risk Factors for Construction Projects: A System Dynamics Approach","2022","Buildings","12","6","701","","","38","10.3390/buildings12060701","https://www.scopus.com/pages/publications/85131581529?origin=resultslist","This study addressed the complexity involved in integrating the causative risk factors influencing construction profitability. Most of the existing studies cover the individual effects of profitability influencing factors. Very few focus on the systematic impact without incorporating the complexity and associated dynamics, presenting a gap targeted by the current study. The current study aimed to assess causative interrelations and interdependencies between profitability influencing risk factors (PIRF), through systems thinking (ST) and system dynamics (SD) modeling. The SD approach was used to evaluate the integrated impacts on profitability-influencing risk categories (PIRC) in construction projects. The causative influencing factors affecting construction profitability were identified through a comprehensive literature review. These were ranked using content analysis, and categorized into significant issues. Through 250 structured surveys and 15 expert opinion meetings, the path for quantitative and qualitative evaluations was prepared. Following these investigations, a causal loop diagram (CLD) was established using the ST technique, and the integrated effect was quantified using SD modeling. The study finds the rising cost of material, supply chain process, payment issues, planning and scheduling problems, financial difficulties, and effective control of manpower and equipment resources as the most critical PIRFs. The integrated effects of PIRFs on PIRC were quantified using SD modeling. This study helps field professionals with profitability-influencing factors, diagnosing issues, and integrating impacts regarding decision-making and policy formulation. For researchers, it presents a list of factors that can be investigated in detail, and the holistic interrelationships established. © 2022 by the authors. Licensee MDPI, Basel, Switzerland.","Article","Final","All Open Access; Gold Open Access; Green Open Access","Scopus","2-s2.0-85131581529"
"Kumar S.; Thakkar J.J.","Kumar, Sandeep (57301746900); Thakkar, J.J. (12752722100)","57301746900; 12752722100","Schedule and cost overrun analysis for R&D projects using ANP and system dynamics","2017","International Journal of Quality and Reliability Management","34","9","","1551","1567","9","10.1108/IJQRM-04-2016-0050","https://www.scopus.com/pages/publications/85031807319?origin=resultslist","Purpose: Schedule and cost overrun analysis for a typical research & development (R&D) project is necessary to identify and mitigate the non-feasible alternatives at the design stage. Typically, this should include an analysis of technological and economic factors of R&D project. This paper aims to discuss these issues. Design/methodology/approach: This research proposes an integrated analytic network process (ANP) and reusable system dynamics (SD) model for a quick and strategically consistent decision making. The technological and economic factors of R&D project were first identified and compiled through a systematic literature review. An ANP model was first developed for calculating Risk Priority Index (RPI) for set of technological and economic factors. The computed RPI are considered as an input to SD models. Two SD models (technological and economic) are developed to undertake a detailed investigation on effect of individual factor on schedule and cost overrun. The approach is exemplified for a case of government R&D project in India. Findings: ANP identifies “Testing & qualification facility” and “Raw material availability” as the highest RPI factors. A detailed sensitivity analysis of SD models suggests that technological factors such as “Design Changes,” “Hidden Activities,” and “Lack of Expertise” and economic factors such as “Project delays,” “Unexpected incidents” and “Conflicts” have the highest influence on schedule and cost overrun. Practical implications: The outcomes of this research can help managers to estimate the severity of various technological and economic factors on cost and schedule overrun and develop an adequate risk mitigation contingency plan. Originality/value: In case of R&D projects where systems are being developed for the first time, changes are inevitable, and hence schedule and cost management plays a very important role in its success. This paper proposes an integrated reusable approach of ANP and SD for analyzing the influence of technological and economic factors on schedule and cost overrun of R&D project. © 2017, © Emerald Publishing Limited.","Article","Final","","Scopus","2-s2.0-85031807319"
"Pirouzrahi Z.; Vanelslander T.; Nassiri Aghdam A.","Pirouzrahi, Zeynab (59674696700); Vanelslander, Thierry (6504080142); Nassiri Aghdam, Ali (57225220739)","59674696700; 6504080142; 57225220739","Applying system dynamics modelling to modal shift: A systematic review","2025","Sustainable Futures","9","","100526","","","6","10.1016/j.sftr.2025.100526","https://www.scopus.com/pages/publications/86000364104?origin=resultslist","The shift of freight transportation to more sustainable modes is a pressing issue in many countries. Effective policymaking to reach this dynamic goal needs the scientific support of models to assess alternative policies. In this way, the system dynamics approach can model the freight transport sector as a dynamic and complex system in which one strategy may impact multiple factors. Also, time lags are important parameters in analyzing policies. Due to the importance and benefits of using system dynamics in solving policy issues in complex transportation systems, we can see a lot of studies that have used this model from different perspectives, including modal shift and sustainability. However, finding a broad model in system dynamics that includes modal distribution, whether as a policy instrument or effecting sub-system, remains a challenge. This work aims to bridge that knowledge gap. We carried out a systematic literature review in the field of freight transportation, with a focus on modal shift and mode share. After applying identification and screening criteria to all relevant records, we included 24 studies in our analysis. We outline the core causal loops of the key modules identified to provide an initial framework for future quantitative research. In the majority of the studies reviewed, these modules were either not addressed at all or were addressed only partially. This framework can be translated into an empirical model in future research to guide policymakers in developing effective strategies to promote sustainable freight transportation by leveraging the insights gained from system dynamics modeling. © 2025","Review","Final","All Open Access; Gold Open Access; Green Open Access","Scopus","2-s2.0-86000364104"
"Sun B.; Lu S.; Pan X.; Han L.; Tu J.","Sun, Bo (57213003281); Lu, Shibo (59967323700); Pan, Xinwei (57221736673); Han, Lin (60120074000); Tu, Jinglong (60120074100)","57213003281; 59967323700; 57221736673; 60120074000; 60120074100","Multi-stakeholders cooperative decision analysis in underground logistics system development: A methodology combining topic modeling and system dynamics","2025","Computers and Industrial Engineering","210","","111548","","","2","10.1016/j.cie.2025.111548","https://www.scopus.com/pages/publications/105017431258?origin=resultslist","Synergistic decision-making involving multiple stakeholders is critical for the development of urban underground logistics systems (ULS). Existing studies have neglected the participation and cooperation of multi-stakeholders in the decision-making process related to ULS implementation, leading to insufficient inclusiveness in decision-making processes and difficulty in balancing the interests of all parties involved. To this end, we propose a novel methodology combining Topic Modeling (TM) and System Dynamics (SD) to uncover complex interaction mechanisms among stakeholders and analyze how their decisions shape the ULS development trajectory. Following the Preferred Reporting Items for Systematic Reviews and Meta-Analyses (PRISMA), a corpus containing 2,527 sentences was obtained for analysis. This corpus was then processed using TM to delineate the system boundary concerning key stakeholder interactions, followed by a causal relationships analysis. Using Beijing, China, as a case study, simulations were conducted to examine ULS trajectories under various scenarios. The results show that implementing ULS could lead to a reduction of 2.1 million tons of CO2 emissions under a government interest-biased strategy combination. Additionally, it could generate profit amounting to $503.8 million for operators under an operator interest-biased strategy combination while also yielding $ 464.4 million for a users under users interest-biased strategy combination. Accordingly, feasible promotion strategies were designed to balance stakeholder interests by shaping government investment and regulation, operators’ pricing, and users’ adoption behaviors, aiming for a “win–win–win” scenario. This study provides both theoretical foundations for sustainable urban logistics development from stakeholders’ perspectives and a “bottom-up” decision-making pathway to enhance urban logistics efficiency. © 2025 Elsevier Ltd","Article","Final","","Scopus","2-s2.0-105017431258"
"Neuman V.A.","Neuman, V.A. (8110720400)","8110720400","Design considerations for laboratory HVAC system dynamics","1989","ASHRAE TRANS.: TECHNICAL AND SYMP. PAPERS PRESENTED AT THE 1989 WINTER MEET., CHICAGO, U.S.A., ATLANTA, U.S.A., ASHRAE INC.","95","1 , 1989, p.121-124. (3212)","","","","0","","https://www.scopus.com/pages/publications/0024589156?origin=resultslist","Air conditioning systems for laboratory buildings have always been more subject to change than conventional buildings. Constant volume systems for laboratory buildings have adjusted to changes in laboratory building operation with periodic rebalancing. Variable air volume (VAV) systems are now the state of the art for laboratory buildings. With VAV and active pressurization controls, the HVAC engineer must design controls and systems to continually respond to laboratory building dynamics. Each zone in a laboratory has rapidly changing exhaust and heat load characteristics. Some of the design implications of these laboratory building dynamics are discussed. (A)","Article","Final","","Scopus","2-s2.0-0024589156"
"Okasha A.E.; Hammad A.","Okasha, Ahmed Elnady (60285928800); Hammad, Ahmed (56426844600)","60285928800; 56426844600","BRIDGING THE GAP: SYSTEM DYNAMICS TO ENHANCE STRATEGIC PLANNING IN PROJECTBASED ORGANIZATIONS","2025","Proceedings of International Structural Engineering and Construction","12","1","","","","0","10.14455/ISEC.2025.12(1).CON-09","https://www.scopus.com/pages/publications/105026791404?origin=resultslist","Planning in project-based organizations suffers from various symptoms like unreliable planning. This research presents a systematic literature review of construction project planning and control from 2000 to 2019. Analysis reveals a dominant focus on time and cost management, with comparatively less attention given to other key areas such as quality, risk, resources, safety, and communication. Earned Value Management (EVM) emerges as the most frequently employed tool, correlating plan achievement with time and cost. Notably, workload (scope) management and integration receive limited consideration. While a diverse range of traditional, artificial intelligence (AI), and mathematical tools are utilized to enhance planning and control, a key gap identified is the lack of consideration for feedback mechanisms between project variables. This underscores the need for a holistic approach, particularly within Project-Based Organizations (PBOs). System Dynamics (SD) is proposed as a suitable methodology to address this need, offering the potential to significantly enhance PBO strategic planning by linking key subsystems (e.g., resources, finances, workloads) and facilitating visualization of their complex interactions, thereby supporting optimal strategy development and adaptation to evolving market conditions. © 2025 ISEC Press.","Conference paper","Final","","Scopus","2-s2.0-105026791404"
"Ren Z.; Ren X.; Ren L.","Ren, Zhongyuan (57202920921); Ren, Xuejun (36632850400); Ren, Lingzhi (58193496500)","57202920921; 36632850400; 58193496500","AO2DS: A Method of Auxiliary Operational Decision-making Based on System Dynamics Simulation","2023","Proceedings of 2023 International Conference on Intelligent Systems, Advanced Computing and Communication, ISACC 2023","","","","","","0","10.1109/ISACC56298.2023.10084273","https://www.scopus.com/pages/publications/85153386153?origin=resultslist","The intelligent decision plays an important role in the modern war. This paper proposes AO2DS, an auxiliary operational decision method based on system dynamics simulation, to assist commander making decision. The State-of-the-Art system dynamics simulation method relies on complex models and logical relationships. AO2DS reduces the complexity by extracting the essential decision points based on domain knowledge. Meanwhile, AO2DS solves the problem of model explosion by using modular modeling and multi-view segmentation. Furthermore, we expand a dynamic link libraries in Vensim, which help AO2DS to achieve complex calculations and logical judgments. We have further applied AO2DS on The StarCraft II game platform. Our experimental evaluation shows AO2DS can defeat the Difficult computer, with more than 80% winning rate. © 2023 IEEE.","Conference paper","Final","","Scopus","2-s2.0-85153386153"
"Mehrolhassani M.H.; Goudarzi R.; Akhondzardaini R.","Mehrolhassani, Mohammad Hossein (55050193600); Goudarzi, Reza (16031294500); Akhondzardaini, Razieh (59141607400)","55050193600; 16031294500; 59141607400","Applications, Key Variables, and Implementation Challenges of System Dynamics in Hospital Performance: A Scoping Review","2025","Journal of Nursing and Midwifery Sciences","12","3","e161567","","","0","10.5812/jnms-161567","https://www.scopus.com/pages/publications/105012960144?origin=resultslist","Context: The complexities of healthcare delivery require advanced analytical tools beyond traditional performance indicators. System dynamics (SD) models can fill this gap by identifying interrelationships and feedback loops in hospital systems, enabling more comprehensive decision-making. This review discusses the applications of SD models in optimizing hospital performance. Objective: This study aims to comprehensively investigate the application of dynamic system models in analyzing hospital performance, encompassing three primary objectives: Identifying dynamic simulation methodologies, extracting and categorizing key influential variables, and proposing practical strategies for enhancing healthcare service quality. Methods: Following Arksey and O’Malley’s framework, we systematically searched PubMed, Scopus, Web of Science, and Embase (2000-2024) using keywords like ""system dynamics"" AND ""hospital performance"". Of 473 screened records, 69 studies met inclusion criteria. Data were synthesized via content analysis and thematic coding. Results: The SD modeling accounts for a large share of hospital research, accounting for 79.7% of studies; this trend peaked in 2020, coinciding with the COVID-19 outbreak. The most common focus of these studies was on patient flow optimization (43.5%), followed by resource allocation (21.7%) and crisis management (13%). The emergency department (ED) received the most attention, with 23 studies (33.3%). This was followed by studies with a holistic approach at the hospital level (29%), followed by specific treatment departments (20.3%). Supply chain and support services were also examined in 12 studies (17.4%). In terms of time frame, 43.5% of the studies (30) addressed the immediate needs of hospitals, while 22% (15) targeted medium-term operational trends and 20.2% (14) targeted long-term planning. In total, 171 different variables were examined in these studies, which were classified into four main categories: Resource allocation, patient flow management, clinical outcomes, and financial management. Conclusions: The SD enhances hospital efficiency by optimizing length of stay, resource allocation, and crisis response, particularly during events like the COVID-19 pandemic, improving outcomes in areas like EDs and intensive care units (ICUs). Future research should prioritize equitable SD adoption in low-resource settings, integrate real-time data for better prediction, and standardize hybrid modeling frameworks. Addressing these gaps will enable SD to further help healthcare systems balance cost, quality, and adaptability in dynamic environments. © 2025.","Review","Final","All Open Access; Gold Open Access","Scopus","2-s2.0-105012960144"
"Ding P.; Ye S.","Ding, Pengyu (56381008800); Ye, Shujun (56323584100)","56381008800; 56323584100","Research on the development of China’s emergency industry based on system dynamics theory","2017","International Journal of System Assurance Engineering and Management","8","","","2036","2043","6","10.1007/s13198-017-0677-6","https://www.scopus.com/pages/publications/85034731648?origin=resultslist","Based on the methods of literature review and mathematical statistics, the paper applies system dynamics theory to explore the development of China’s emergency rescue industry. It analyses the emergency rescue industry’s condition and dynamic mechanism, and builds the system dynamics model to simulate the prospect of China’s emergency rescue industry in the next decade. By means of sensitivity analysis of the model, we know that expenditure for science and technology, expenditure of publicity and education, the budget reserve of government are the three key factors to the development of emergency rescue industry, through which certain measures are proposed to strengthen the development of China’s emergency industry. © 2017, The Society for Reliability Engineering, Quality and Operations Management (SREQOM), India and The Division of Operation and Maintenance, Lulea University of Technology, Sweden.","Article","Final","","Scopus","2-s2.0-85034731648"
"Barlas Y.","Barlas, Yaman (6602904813)","6602904813","Teaching and Advising in Systems Science and System Dynamics—Personal Experience, Lessons, and Reflections","2025","System Dynamics Review","41","2","e70003","","","1","10.1002/sdr.70003","https://www.scopus.com/pages/publications/105005273259?origin=resultslist","I was honored to have been selected to receive the Lifetime Achievement Award in 2022. I thank the System Dynamic Society and the Award Committee for finding me worthy of this award. This paper is based on the talk that I delivered in Frankfurt in the award ceremony at ISDC 2022. I first provide a brief history of my acquaintance with system sciences and system dynamics, followed by a summary of our teaching and research activities, particularly in the past 30 years. By underlining the strong two-way interaction between teaching and research, I emphasize the significant role students played in our research activities. In applied research, I highlight our recent focus on bio-medical and health modeling. In methodological research, I focus on our structure-oriented model credibility testing efforts. Finally, I offer some lessons learned and reflections on the current state of the system dynamics field, recent developments in related fields, and implications for education, research, and practice of system dynamics. © 2025 The Author(s). System Dynamics Review published by John Wiley & Sons Ltd on behalf of System Dynamics Society.","Article","Final","All Open Access; Hybrid Gold Open Access","Scopus","2-s2.0-105005273259"
"Moosivand A.; Ghatari A.R.; Rasekh H.R.","Moosivand, Asiye (57193228113); Ghatari, Ali Rajabzadeh (36999828900); Rasekh, Hamid Reza (6602415516)","57193228113; 36999828900; 6602415516","Supply chain challenges in pharmaceutical manufacturing companies: Using qualitative system dynamics methodology","2019","Iranian Journal of Pharmaceutical Research","18","2","","1103","1116","80","10.22037/ijpr.2019.2389","https://www.scopus.com/pages/publications/85077573661?origin=resultslist","In today’s competitive market environment, pharmaceutical companies have learned that improving supply chain performance is critical to maintain competitive advantages. Forecasting, planning, procurement, financing, stock levels, and marketing strategies are some of the areas in which managers have to decide about them and balance their enter-related effects simultaneously, to achieve organizational goals. This study is based on the results of literature review, experts’ opinion acquisition, and qualitative system dynamics modeling. So, according to method, triangular researches have been considered. The purpose of this research is to explore pharmaceutical supply chain (PSC) challenges and the dynamics behavior of variables playing a special role in PSC. Also, it provides different policies to overcome the challenges. For the first step to reach this goal, several semi-structured interviews with expert supply chain managers are conducted to explore the main challenges. Inaccuracy in forecasting, long lead times, lack of optimum target inventory, and high SC costs are the most important PSC problems. Then, qualitative system dynamics methodology is used to demonstrate the inter-relationship between variables that have impact on challenges. Finally, three strategic policies are recommended including: Collaborative relationship with suppliers, Investment in new technologies, and Information technology (IT) establishment. Consequently, the results can give PSC managers a comprehensive view for decision making and bringing their attention to the importance of feedback behavior of variables in long term and their effects on organizational decisions and goals. © 2019, Iranian Journal of Pharmaceutical Research. All rights reserved.","Article","Final","","Scopus","2-s2.0-85077573661"
"Ager A.K.; Lembani M.; Mohammed A.; Mohammed Ashir G.; Abdulwahab A.; De Pinho H.; Delobelle P.; Zarowsky C.","Ager, Alastair K. (55859692900); Lembani, Martina (56884603800); Mohammed, Abdulaziz (56883847300); Mohammed Ashir, Garba (56884791600); Abdulwahab, Ahmad (55317277100); De Pinho, Helen (6507869317); Delobelle, Peter (56641053400); Zarowsky, Christina (6507218837)","55859692900; 56884603800; 56883847300; 56884791600; 55317277100; 6507869317; 56641053400; 6507218837","Health service resilience in Yobe state, Nigeria in the context of the Boko Haram insurgency: a systems dynamics analysis using group model building","2015","Conflict and Health","9","1","56","","","91","10.1186/s13031-015-0056-3","https://www.scopus.com/pages/publications/84946483718?origin=resultslist","Background: Yobe State has faced severe disruption of its health service as a result of the Boko Haram insurgency. A systems dynamics analysis was conducted to identify key pathways of threat to provision and emerging pathways of response and adaptation. Methods: Structured interviews were conducted with 39 stakeholders from three local government areas selected to represent the diversity of conflict experience across the state: Damaturu, Fune and Nguru, and with four officers of the PRRINN-MNCH program providing technical assistance for primary care development in the state. A group model building session was convened with 11 senior stakeholders, which used participatory scripts to review thematic analysis of interviews and develop a preliminary systems model linking identified variables. Results: Population migration and transport restrictions have substantially impacted access to health provision. The human resource for health capability of the state has been severely diminished through the outward migration of (especially non-indigenous) health workers and the suspension of programmes providing external technical assistance. The political will of the Yobe State government to strengthen health provision - through lifting a moratorium on recruitment and providing incentives for retention and support of staff - has supported a recovery of health systems functioning. Policies of free-drug provision and decentralized drug supply appear to have been protective of the operation of the health system. Community resources and cohesion have been significant assets in combatting the impacts of the insurgency on service utilization and quality. Staff commitment and motivation - particularly amongst staff indigenous to the state - has protected health care quality and enabled flexibility of human resource deployment. Conclusions: A systems analysis using participatory group model building provided a mechanism to identify key pathways of threat and adaptation with regard to health service functioning. Generalizable systems characteristics supportive of resilience are suggested, and linked to wider discussion of the role of factors such as diversity, self-regulation and integration. © 2015 Ager et al.","Article","Final","All Open Access; Gold Open Access; Green Open Access","Scopus","2-s2.0-84946483718"
"Digalwar A.K.; Bedekar A.; Agrawal M.","Digalwar, Abhijeet K. (17434191200); Bedekar, Akshay (57206657673); Agrawal, Mohit (59873469200)","17434191200; 57206657673; 59873469200","System Dynamics Approach for the Assessment of Leanness of Organizations","2018","IEEE International Conference on Industrial Engineering and Engineering Management","2019-December","","8607508","1406","1410","2","10.1109/IEEM.2018.8607508","https://www.scopus.com/pages/publications/85061805134?origin=resultslist","Due to highly competitive, volatile and dynamic business environment, lean manufacturing is being seen as a winning strategy by manufacturers. Successful implementation of lean manufacturing can give an edge over their competitors, but during this implementation, they often fail to identify the direction in which the implementation should proceed. In order to help the organizations to progress in the right direction, there is a need to identify the variables and factors that affect the lean implementation process. A system dynamics approach has been applied to analyze the implementation process and help an organization towards becoming an effective lean organization. In this research, 17 variables are identified, through literature review and discussion with practitioners. A causal loop has been developed among the variables using system dynamics approach which represents 'enablers' and 'results'. This causal loop provides a visual representation of various cause and effect relationships and feedback loops to understand various factors and variables in a better way. It is probably one of the leading attempts to provide road map for implementation and assessment of leanness of organizations. © 2018 IEEE.","Conference paper","Final","","Scopus","2-s2.0-85061805134"
"Scott A.J.","Scott, Allen J. (7403271479)","7403271479","Production System Dynamics and Metropolitan Development","1982","Annals of the Association of American Geographers","72","2","","185","200","51","10.1111/j.1467-8306.1982.tb01818.x","https://www.scopus.com/pages/publications/0019896736?origin=resultslist","This paper offers an analysis of the complex interrelationships between metropolitan development in the United States and the logic and dynamics of the system of economic production. The argument begins with a brief historical review of U.S. metropolitan growth and change since the end of the last century. Following this is a discussion of the recent reversal in the broad pattern of metropolitan expansion over the past several decades. The resulting dispersal of productive activity to suburban and nonmetropolitan areas has now become one of the dominant processes shaping the contemporary economic landscape. This process of dispersal is explained in terms of a theory of capital deepening, restructuring, and reorganization of productive activities. Accompanying this dispersal, a new spatial division of labor of considerable geographical significance has emerged. The paper concludes with a restatement of the developmental logic of the U.S. metropolitan system as a predicament-laden outcome of the logic of labor-process transformations in capitalism. © 1982, Taylor & Francis Group, LLC. All rights reserved.","Article","Final","","Scopus","2-s2.0-0019896736"
"Khan N.; Khan K.I.A.; Khan H.","Khan, Nadar (60116992100); Khan, Khurram Iqbal Ahmad (57189578658); Khan, Hilal (59566056900)","60116992100; 57189578658; 59566056900","System dynamics modeling of social sustainability in circular construction transitions: Causal loop analysis of stakeholder engagement mechanisms from selected developing countries' perspective","2026","Environmental Impact Assessment Review","117","","108197","","","11","10.1016/j.eiar.2025.108197","https://www.scopus.com/pages/publications/105017237293?origin=resultslist","The construction industry's transition toward circular economy principles in developing countries faces significant implementation challenges, with existing research predominantly focusing on technical and economic dimensions while critically neglecting social impact mechanisms and community-level consequences that determine long-term sustainability outcomes. This study developed a comprehensive system dynamics framework to analyze complex interdependencies between circular construction practices and social outcomes in developing country contexts, employing mixed-methods methodology integrating systematic literature review, expert surveys (N = 134), and dynamic modeling to examine causal relationships governing community well-being, employment generation, and social equity. Through factor prioritization analysis of 61 expert responses and statistical examination of 210 cause-effect relationships, the research identified 20 statistically significant causal connections (mean values 4.0–5.0) and developed validated system dynamics models comprising four reinforcing loops and two balancing loops. Key findings revealed Local Employment as the highest-ranked social factor (normalized score 0.0582), demonstrated accelerating Community Education patterns indicating compounding returns, and established that developing countries exhibit greater dependence on government responsiveness versus market-driven mechanisms documented in European contexts. This research provides essential theoretical foundations for socially inclusive circular construction implementation strategies while offering validated system dynamics methodology for analyzing complex social-technical transitions in resource-constrained environments. © 2024","Article","Final","","Scopus","2-s2.0-105017237293"
"Drücker S.; Seifried R.","Drücker, Svenja (57221153027); Seifried, Robert (6603140967)","57221153027; 6603140967","Trajectory-tracking control from a multibody system dynamics perspective","2023","Multibody System Dynamics","58","3-4","","341","363","10","10.1007/s11044-022-09870-9","https://www.scopus.com/pages/publications/85146351602?origin=resultslist","The development of modern mechatronic systems is often driven by the desire for more efficiency and accuracy. These requirements not only result in more complex system designs, but also in the simultaneous development of improved control strategies. Therefore, control of multibody systems is an active field of research. This contribution gives an overview of recent control-related research from the perspective of the multibody dynamics community. A literature review of the research activity in the journal Multibody System Dynamics is given. Afterwards, the framework of servo-constraints is reviewed, since it is a powerful tool for the computation of a feedforward controller and it is directly developed in the multibody system dynamics community. Thereby, solution strategies for all possible system types, such as differentially flat systems, minimum phase and non-minimum phase systems are discussed. Selected experimental and simulation results are shown to support the theoretical results. © 2023, The Author(s).","Article","Final","All Open Access; Green Open Access; Hybrid Gold Open Access","Scopus","2-s2.0-85146351602"
"Valkenburg H.J.; ten Dam J.; van der Werf S.; Feenstra T.L.; Rodenburg J.; Wijnen B.F.M.","Valkenburg, Hendrika J. (60169464500); ten Dam, Jasper (60219111100); van der Werf, Sjoukje (57395619800); Feenstra, Talitha L. (6602871016); Rodenburg, Jeroen (59457567100); Wijnen, Ben F.M. (56536840700)","60169464500; 60219111100; 57395619800; 6602871016; 59457567100; 56536840700","System dynamics modelling methods for public health policy evaluation: a systematic literature review focussing on mental health and substance use disorders","2026","BMC Public Health","26","1","844","","","0","10.1186/s12889-026-26444-y","https://www.scopus.com/pages/publications/105033292259?origin=resultslist","Background: In public health, simulation models are important tools for policy evaluations, and the nature of the problems these models address is complex. System dynamics (SD) modelling is acknowledged as a methodology for complex systems, but there is limited insight in the development and application of SD models for noncommunicable diseases (NCDs) and lifestyle-related risk factors. Therefore, this review investigates how these SD models are developed and utilised to project health outcomes and evaluate policy interventions. Methods: Relevant studies were identified through a systematic search strategy. Studies were selected based on eligibility criteria, and data were extracted in two phases: (1) extraction of study characteristics, and (2) detailed examination of applied methods for a subset of included studies focussing on mental health and substance use disorders. For the second phase, data extraction was stratified according to steps of the modelling cycle, and the reporting quality of each study was assessed. Results: In phase 1, 63 studies were included, mainly on mental health and substance use disorders (27%), obesity (17%), and diabetes (13%), with the number of studies increasing over time. In phase 2, 17 studies on mental health and substance use disorders were included. These studies commonly used dedicated software for SD modelling for the mathematical formulation and computerisation of their models. However, in 76% of these studies, the underlying mathematical equations were not shared, and in 82%, the models were not openly accessible. A (slight) majority of studies validated model outcomes against empirical data (65%), and performed sensitivity analysis (53%). Few studies reported model verification (18%) and face validation of model outcomes (18%). Conclusions: SD models are increasingly developed for NCDs and lifestyle-related risk factors, and particularly applied to mental health and substance use disorders. This review offers insights into applied techniques for developing SD models for mental health and substance use disorders, and shows that steps of the modelling cycle are reported on with considerable variation. Although studies frequently report on certain aspects of testing and validation, many report incompletely on other activities of the modelling cycle, and the models sometimes lack transparency. Improving this would enhance the credibility of SD modelling in public health. © The Author(s) 2026.","Review","Final","All Open Access; Gold Open Access; Green Open Access","Scopus","2-s2.0-105033292259"
"Pásková M.; Štekerová K.; Zanker M.; Lasisi T.T.; Zelenka J.","Pásková, Martina (6506217473); Štekerová, Kamila (55879123000); Zanker, Marek (57212941288); Lasisi, Taiwo Temitope (57207774552); Zelenka, Josef (16232025000)","6506217473; 55879123000; 57212941288; 57207774552; 16232025000","Water pollution generated by tourism: Review of system dynamics models","2024","Heliyon","10","1","e23824","","","80","10.1016/j.heliyon.2023.e23824","https://www.scopus.com/pages/publications/85180992108?origin=resultslist","This study delves into the intricate dynamics of tourism-induced water pollution through a systematic literature review, aiming to unravel complexities using a system dynamics (SD) modeling approach coupled with the PRISMA analysis methodology. Employing a comprehensive PRISMA analysis of 68 pertinent articles, the study establishes a metamodel for comprehending plastic pollution in water ecosystems resulting from tourism. The methodology emphasizes economic and environmental dimensions, causal conditions, and interventions, with a specific focus on the role of Information and Communication Technology (ICT). The results highlight integrated strategies as crucial in mitigating tourism-induced water pollution. These strategies advocate for the incorporation of environmental conservation and sustainable management practices. The study underlines the pivotal role of environmental education, awareness, and investments in protection as effective interventions. The findings offer valuable insights for policymakers and stakeholders in the tourism industry, emphasizing the necessity for proactive planning and management. The study advocates for knowledge-based decision-making to optimize tourism's environmental impacts and underscores the significance of quick and flexible responses to environmental challenges. © 2023 The Authors","Article","Final","All Open Access; Gold Open Access; Green Open Access","Scopus","2-s2.0-85180992108"
"Zheng Y.; Shroff N.B.; Srikant R.; Sinha P.","Zheng, Yousi (25928921400); Shroff, Ness B. (7005989631); Srikant, R. (55405295300); Sinha, Prasun (7202740105)","25928921400; 7005989631; 55405295300; 7202740105","Exploiting large system dynamics for designing simple data center schedulers","2015","Proceedings - IEEE INFOCOM","26","","7218405","397","405","7","10.1109/INFOCOM.2015.7218405","https://www.scopus.com/pages/publications/84954551096?origin=resultslist","The number and size of data centers has seen a rapid growth in the last few years. It is no longer uncommon to see large data centers with thousands or even tens of thousands of machines. Hence, it is critical to develop scalable scheduling mechanisms for processing the enormous number of jobs handled by popular paradigms such as the MapReduce framework. This work explores the possibility of simplifying the scheduling procedure by exploiting the 'largeness' of the data center system. Specifically, we consider the problem of minimizing the total flow time of a sequence of jobs under the MapReduce framework, where the jobs arrive over time and need to be processed through both Map and Reduce procedures before leaving the system. We show that any work-conserving scheduler is asymptotically optimal under a wide range of traffic loads, including the heavy traffic limit. Our results are shown for scenarios in which the tasks can be preempted and served in parallel over different machines, as well as scenarios when each task has to be served only on one machine and cannot be preempted. This result implies, somewhat surprisingly, that when we have a large number of machines, there is little to be gained by optimizing beyond ensuring that a scheduler should be work-conserving. For long running applications, we also study the relationship between the number of machines and total running time, and show sufficient conditions to guarantee the asymptotic optimality of work-conserving schedulers. Further, we run extensive simulations, that indeed verify that when the total number of machines is large, state-of-the-art work-conserving schedulers have similar and close-to-optimal delay performance. © 2015 IEEE.","Conference paper","Final","","Scopus","2-s2.0-84954551096"
"Arian N.H.; Pooya A.; Rahimnia F.; Sibevei A.","Arian, Nazanin Hosseini (57329767400); Pooya, Alireza (56180683900); Rahimnia, Fariborz (35219188600); Sibevei, Ali (57343364500)","57329767400; 56180683900; 35219188600; 57343364500","Assessment the effect of rapid prototyping implementation on supply chain sustainability: a system dynamics approach","2021","Operations Management Research","14","3-4","","467","493","12","10.1007/s12063-021-00228-6","https://www.scopus.com/pages/publications/85119302947?origin=resultslist","The present study aimed to assess the effect of implementing Rapid Prototyping (RP) in the product development phase on the sustainability of a conventional supply chain. The sustainability indicators of RP utilization were identified through a critical literature review and consulting two experienced RP practitioners to determine the key variables regarding the potential impact of RP on the supply chain components, with an emphasis on sustainability pillars. A generic system dynamics modeling was provided to simulate the RP-adapted supply chain and measure its sustainability performance. The simulation results indicated that RP utilization in the design phase could decrease the number of the assembly parts and material consumption in conventional manufacturing, while indirectly affecting the reduction of waste generation, logistics, CO2 emissions, processes, and the total costs which are related to environmental and economic aspects of the sustainable supply chain. Findings indicated that significant increase in operational skills and knowledge as the main indicators of the social dimension could remarkably reduce the failure rates and increase the quality of the products. This indicator plays a pivotal role in operational success and could be enhanced through training programs. Social sustainability indirectly affects environmental and economic sustainability. This was the first model-based research to examine the potential effects of RP on the sustainability of a conventional manufacturing. The proposed generic model encompassed the variables that could be applicable in every scenario to help decision-makers change values or add more variables within specific industry settings and choose the applicable ones, which in turn, accelerating the RP adoption in supply chains and providing insights for operational decisions regarding product design stage. © 2021, The Author(s), under exclusive licence to Springer Science+Business Media, LLC, part of Springer Nature.","Article","Final","","Scopus","2-s2.0-85119302947"
"Größler A.; Thun J.-H.; Milling P.M.","Größler, Andreas (6602431637); Thun, Jörn-Henrik (22837160400); Milling, Peter M. (6603616904)","6602431637; 22837160400; 6603616904","System dynamics as a structural theory in operations management","2008","Production and Operations Management","17","3","","373","384","152","10.3401/poms.1080.0023","https://www.scopus.com/pages/publications/48249095999?origin=resultslist","The purpose of the paper is to demonstrate the usefulness of (1) system dynamics as a structural theory for operations management and (2) system dynamics models as content theories in operations management. The key findings are that, although feedback loops, accumulation processes, and delays exist and are widespread in operations management, often these phenomena are ignored completely or not considered appropriately. Hence, it is reasoned why system dynamics is well suited as an approach for many operations management studies, and it is shown how system dynamics theory can be used to explain, analyze, and understand such phenomena in operations management. The discussion is based on a literature review and on conceptual considerations, with examples of operations management studies based on system dynamics. Implications of using this theory include the necessary re-framing of some operations management issues and the extension of empirical studies by dynamic modeling and simulation. The value of the paper lies in the conceptualization of the link between system dynamics and operations management, which is discussed on the level of theory.","Article","Final","","Scopus","2-s2.0-48249095999"
"Anon","Anon (1)","1","IAVSD-IUTAM SYMPOSIUM ON THE DYNAMICS OF VEHICLES ON ROADS AND TRACKS (INTERNATIONAL ASSOCIATION FOR VEHICLE SYSTEM DYNAMICS-INTERNATIONAL UNION OF THEORETICAL AND APPLIED MECHANICS), 7TH, 1981.","1981","Vehicle System Dynamics","10","2 -3 - 4-5","","(intassocforvehsystdyn","intunionoftheorandapplmech)p61","0","","https://www.scopus.com/pages/publications/0019608746?origin=resultslist","Extensive summaries of 40 of the papers presented at the 1981 Symposium are contained in double issue v 10, n 2-3. Five state-of-the-art papers from the Symposium, all of which are abstracted separately, are contained in double issue v 10, n 4-5. A wide range of topics in the dynamics of road, rail and other vehicles are covered.","Conference paper","Final","","Scopus","2-s2.0-0019608746"
"Shaikh W.A.; Kalwar M.A.; Khan M.A.; Wassan A.N.; Wadho M.H.; Shahzad M.F.","Shaikh, Waleed Ahmed (58145491700); Kalwar, Muhammad Ahmed (57218379280); Khan, Muhammad Ali (57222515432); Wassan, Asif Nawaz (58145891800); Wadho, Muzamil Hussain (58144687700); Shahzad, Muhammad Faisal (57530591200)","58145491700; 57218379280; 57222515432; 58145891800; 58144687700; 57530591200","A System Dynamics Costing Model for The Refurbishment of Electric Vehicle Batteries","2023","Jordan Journal of Mechanical and Industrial Engineering","17","1","","15","32","14","","https://www.scopus.com/pages/publications/85150294454?origin=resultslist","Electric vehicle batteries (EVBs) are produced from rare earth metals and they get retired from electric vehicles in just 8 years, there are several options for them to be reused as their useful life can be extended for a couple of years. This research presents an opportunity for businesspersons to carry out the business of refurbishing EVBs and selling them. The present research was conducted to develop a system dynamics model to assess the dynamic behavior of various variables involved in the refurbishment of Electric vehicle batteries (EVBs).To serve this purpose, data was collected by conducting an in-depth literature review and the system dynamics model was developed in Anylogic PLE version. The model was then initialized by using collected secondary data and analysis was conducted in three scenarios; scenario1 (EVBs sales locally), scenario2 (EVBs sales regionally), and scenario3 (EVBs sales nationally). After the simulation of the model, its output was downloaded in Microsoft Excel 2016 from Anylogic. Origins softwarewas used for plotting the graphs. It was concluded that therefurbishing cost of batteries per kWh was $59.82, $55.47, and $76.67 in scenarios 1, 2, and 3 respectively, which was still affordable when compared to other new batteries. Estimation of required capital investment and EVB recycling are still unexplored areas. Moreover, this research provides a detailed business model to investors along with a comprehensive feasibility analysis © 2023 Jordan Journal of Mechanical and Industrial Engineering. All rights reserved","Article","Final","","Scopus","2-s2.0-85150294454"
"Katsidoniotaki E.; Shahroozi Z.; Eskilsson C.; Palm J.; Engström J.; Göteman M.","Katsidoniotaki, Eirini (57216490050); Shahroozi, Zahra (57218837021); Eskilsson, Claes (6602853588); Palm, Johannes (55978783900); Engström, Jens (25922429400); Göteman, Malin (36645791600)","57216490050; 57218837021; 6602853588; 55978783900; 25922429400; 36645791600","Validation of a CFD model for wave energy system dynamics in extreme waves","2023","Ocean Engineering","268","","113320","","","55","10.1016/j.oceaneng.2022.113320","https://www.scopus.com/pages/publications/85144021092?origin=resultslist","The design of wave energy converters should rely on numerical models that are able to estimate accurately the dynamics and loads in extreme wave conditions. A high-fidelity CFD model of a 1:30 scale point-absorber is developed and validated on experimental data. This work constitutes beyond the state-of-the-art validation study as the system is subjected to 50-year return period waves. Additionally, a new methodology that addresses the well-known challenge in CFD codes of mesh deformation is successfully applied and validated. The CFD model is evaluated in different conditions: wave-only, free decay, and wave–structure interaction. The results show that the extreme waves and the experimental setup of the wave energy converter are simulated within an accuracy of 2%. The developed high-fidelity model is able to capture the motion of the system and the force in the mooring line under extreme waves with satisfactory accuracy. The deviation between the numerical and corresponding experimental RAOs is lower than 7% for waves with smaller steepness. In higher waves, the deviation increases up to 10% due to the inevitable wave reflections and complex dynamics. The pitch motion presents a larger deviation, however, the pitch is of secondary importance for a point-absorber wave energy converter. © 2022 The Author(s)","Article","Final","All Open Access; Green Open Access; Hybrid Gold Open Access","Scopus","2-s2.0-85144021092"
"Rajan A.; Yee S.K.","Rajan, Aravindh (57212618163); Yee, Shannon K. (36867642300)","57212618163; 36867642300","System dynamics and metrics of an electrochemical refrigerator based on the Brayton cycle","2022","Cell Reports Physical Science","3","3","100774","","","21","10.1016/j.xcrp.2022.100774","https://www.scopus.com/pages/publications/85125707088?origin=resultslist","Development of alternative refrigeration technologies that are efficient and have zero global warming potential is a promising pathway to reduce the effect of the rising global cooling demand on climate change. We use lessons from flow batteries and thermally regenerative electrochemical cycles to introduce an electrochemical refrigeration technology based on the Brayton cycle: Brayton electrochemical refrigeration (BECR). Although the proof of concept is demonstrated elsewhere, here we report an analytical framework that elucidates the key parameters involved in BECR and how it may be elevated on the technology readiness scale. We first analyze the ideal BECR cycle to demonstrate the technology's performance (cooling load and coefficient of performance) in the reversible limit, identify two main practical considerations, and then analyze the non-ideal BECR cycle to simulate realistic performance. Whenever possible, we introduce dimensionless figures of merit to help streamline future concerted research efforts that seek to improve the state of the art. © 2022 The Author(s)","Article","Final","All Open Access; Gold Open Access; Green Open Access","Scopus","2-s2.0-85125707088"
"Dueñas Santana J.A.; Van Coile R.; Di Benedetto A.; Salzano E.","Dueñas Santana, Julio Ariel (57220182068); Van Coile, Ruben (54956725500); Di Benedetto, Almerinda (57209255322); Salzano, Ernesto (57192974862)","57220182068; 54956725500; 57209255322; 57192974862","Exploring Systems Thinking and System Dynamics in Fire Safety Engineering: A Literature Review","2026","Fire Technology","62","2","24","","","2","10.1007/s10694-025-01856-1","https://www.scopus.com/pages/publications/105028369541?origin=resultslist","Abstract: The increasing complexity in the Fire Safety Engineering (FSE) field requires the adoption of risk assessment and safety management methods which address such complex behavior. In this context, complexity refers to systems of multiple interacting components where non-linear and adaptive relationships generate emergent behaviors, i.e., outcomes that cannot be anticipated solely by examining the individual parts. Systems Thinking (ST), including tools such as System Archetypes, Causal Loop Diagrams, and System Dynamics (SD) modeling, offers a holistic framework to address these challenges. This article presents a literature review on the application of ST and SD in FSE, focusing on its use in enhancing fire safety for buildings and infrastructures by identifying key trends, methodologies, challenges, and future research directions. A six-stage framework is adopted for the literature review which examines the development of ST in FSE. In total 35 studies were found as relevant for the FSE field due to their application of at least one ST tool. However, challenges such as the complexity of modeling large-scale systems, the need for high-quality data, and the integration of SD with other fire safety engineering methods remain. Overall, this review underscores the value of ST as a powerful tool for addressing the complexities of FSE, testing the effectiveness of different safety measures, and improving risk assessment in various environments, while highlighting that its potential usage has not been fully developed yet. © The Author(s) 2026.","Article","Final","All Open Access; Green Open Access; Hybrid Gold Open Access","Scopus","2-s2.0-105028369541"
"Herrero M.; Thornton P.K.; Kruska R.; Reid R.S.","Herrero, M. (34770911400); Thornton, P.K. (16220644800); Kruska, R. (6603380946); Reid, R.S. (7401758111)","34770911400; 16220644800; 6603380946; 7401758111","Systems dynamics and the spatial distribution of methane emissions from African domestic ruminants to 2030","2008","Agriculture, Ecosystems and Environment","126","1-2","","122","137","107","10.1016/j.agee.2008.01.017","https://www.scopus.com/pages/publications/41349121331?origin=resultslist","Livestock production systems in Africa are experiencing rapid changes in structure and function due to increased demands for livestock products from a more prosperous and ever-increasing human population. Some of these changes could lead to increased emissions of greenhouse gases. This paper explores the magnitudes of changes in production systems as a function of increased population densities and climate change. This paper also quantifies the methane emissions from African cattle, goats and sheep from 2000 to 2030. The study integrates methodologies from different disciplines to derive spatially explicit distributions of methane emissions from domestic ruminants and their changes as livestock production systems evolve. A livestock systems classification framework was used to differentiate pastoral and crop-livestock systems using agro-ecological thresholds based on temperature and length of growing period (hyper-arid, arid, humid and temperate regions), the extent of irrigation and human population densities. Livestock numbers (tropical livestock units, TLU) were estimated from FAO data for each country and production system defined. Projections of livestock populations were derived from analysis of demand shifts in livestock products, and livestock systems changes estimated on the basis of potential climate change and population density change to 2030. For the estimation of diets for ruminants, Africa was split into regions (East, West, Southern, Central and North Africa, and The Horn of Africa) and diets for both the rainy and the dry seasons were estimated from literature reviews for each livestock species in each production system in each region. Feed intake, livestock production and the computation of methane emissions were obtained using a previously validated and widely used mechanistic model of digestion and metabolism in ruminants. Results suggest that (1) Africa produced around 7.8 million tonnes of methane/year in 2000. This figure is likely to increase to 11.1 million tonnes/year by 2030. (2) Methane emissions per tropical livestock unit (TLU, 250 kg bodyweight) can vary from 21 to 40 kg/(TLU year), depending on the production system and the region. (3) The highest emissions per animal come, and will continue to come, from ruminants in mixed crop-livestock systems. (4) The regions producing the highest concentrations of methane, now and in the future, are in general terms, The Horn of Africa, West and East Africa. (5) The average emission factors obtained in this study (31.1 kg/(methane (TLU year))) are in close agreement with the emission factors used by the International Panel on Climate Change (IPCC) for African ruminants (32 kg methane per animal per year). (6) The methodology employed in this study permits the disaggregation of methane emissions by country and production system, thus allows us to quantify changes in emissions as climate changes and production systems evolve. The results of the study are compared with those obtained in other studies around the world and its implications are discussed in relation to how systems are likely to evolve in Africa. © 2008 Elsevier B.V. All rights reserved.","Article","Final","","Scopus","2-s2.0-41349121331"
"Zarghami S.A.","Zarghami, Seyed Ashkan (57194027160)","57194027160","The Labyrinth of Corruption in the Construction Industry: A System Dynamics Model Based on 40 Years of Research","2024","Journal of Business Ethics","195","2","","335","352","15","10.1007/s10551-024-05637-8","https://www.scopus.com/pages/publications/85187950349?origin=resultslist","The academic literature has viewed drivers of corruption in isolation and, consequently, failed to examine their synergistic effect. Such an isolated view provides incomplete information, leads to a misleading conclusion, and causes great difficulty in curbing corruption. This paper conducts a systematic literature review to identify the drivers of corruption in the construction industry. Subsequently, it develops a system dynamics (SD) model by conceptualizing corruption as a complex system of interacting drivers. Building on stakeholder and open systems theories, the proposed SD model shows how the complex reinforcing relationship between authoritative, organizational, cultural, and financial drivers of corruption further increases corrupt practices. The new model also provides lessons that can be helpful in the development of policy frameworks to control corruption in the construction industry. To achieve success in the fight against corruption, the findings of this research suggest that (1) corruption must be understood at both the organizational and state levels, (2) anticorruption practices must be informed by ethically grounded stakeholder management strategies, and (3) anticorruption reforms must go hand-in-hand with strategies to tackle the economic downturn. © The Author(s) 2024.","Article","Final","All Open Access; Hybrid Gold Open Access","Scopus","2-s2.0-85187950349"
"Wu Z.; Yang K.; Lai X.; Antwi-Afari M.F.","Wu, Zezhou (43462190000); Yang, Kaijie (57219199074); Lai, Xiaofan (37100077900); Antwi-Afari, Maxwell Fordjour (57195298937)","43462190000; 57219199074; 37100077900; 57195298937","A scientometric review of system dynamics applications in construction management research","2020","Sustainability (Switzerland)","12","18","7474","","","50","10.3390/SU12187474","https://www.scopus.com/pages/publications/85091629568?origin=resultslist","Construction management can be regarded as a complex and dynamic system. In recent years, system dynamics (SD) has been widely applied to solve the complex and dynamic problems in the construction management. However, there is a lack of a scientometric analysis to investigate SD applications in construction management from an objective perspective. To fill out this research gap, this study retrieved a total of 222 relevant articles from the Scopus database. Then, VOSviewer was employed to analyze the collected literature from five aspects (i.e., co-authorship, published journals, co-occurring keywords, article citations, and regions). Based on the analysis results, four mainstream research themes were identified and discussed, including ""risk management"", ""waste management"", ""energy management"", and ""construction productivity"". In addition, future research directions, such as ""construction risk allocation in PPP projects"", ""evaluating the economic feasibility of construction waste landfilling centers"", ""identifying the variables affecting lighting infrastructure energy consumption"", and ""assessing construction productivity for technology-intensive activities"", were proposed. The contribution of this study lies in that it helps both scholars and practitioners to solve the complex and dynamic problems in construction management. © 2020 by the authors.","Review","Final","All Open Access; Gold Open Access; Green Open Access","Scopus","2-s2.0-85091629568"
"Milling P.M.","Milling, Peter M. (6603616904)","6603616904","A brief history of system dynamics in continental Europe","2007","System Dynamics Review","23","2-3","","215","218","4","10.1002/sdr.369","https://www.scopus.com/pages/publications/36348929501?origin=resultslist","The paper provides a brief review of system dynamics activity in continental Europe. Copyright © 2007 John Wiley & Sons, Ltd.","Review","Final","","Scopus","2-s2.0-36348929501"
"Zheng L.; Xue Y.; Chen X.; Ung C.O.L.; Hu H.","Zheng, Lingyu (59760104800); Xue, Yan (57215774644); Chen, Xianwen (57221425717); Ung, Carolina Oi Lam (55786677600); Hu, Hao (15022483400)","59760104800; 57215774644; 57221425717; 55786677600; 15022483400","Application of system dynamics approach in developing health interventions to strengthen health systems to combat obesity: a systematic literature review and critical analysis","2025","BMC Public Health","25","1","1580","","","4","10.1186/s12889-025-22821-1","https://www.scopus.com/pages/publications/105003874860?origin=resultslist","Background: Obesity is an escalating global public health challenge that is expected to impact a significant portion of the world's population in the coming decades. It leads to severe health conditions such as diabetes, cardiovascular diseases, and cancer, imposing significant economic burdens on health systems. Traditional intervention strategies, which emphasize individual lifestyle changes, fail to address the complex, systemic nature of obesity. This study aims to systematically review the application of system dynamics modelling (SDM) in obesity control, focusing on analyzing modelling methodologies and conducting a quality assessment of the included studies. Methods: Employing a comprehensive systematic literature retrieval, we explored terms pertinent to overweight/obesity and system dynamics across three databases, including PubMed, Web of Science, and Scopus. This search culminated in identifying peer-reviewed studies published from the inception of these databases until July 2024. Quality assessment was used to evaluate the SDM for obesity control. The protocol of this systematic review has been registered on PROSPERO (CRD42024554520). Results: Thirty studies were identified through a systematic review. These studies primarily focus on the effects of SD approaches, such as individual lifestyle changes, policy interventions within populations, and socio-economic and environmental improvements on obesity control. Among them, eleven studies completed the entire SDM process. Twenty-seven studies presented conceptual models, of which twenty-five developed casual loop diagrams (CLD). Seventeen studies conducted computational system dynamics modelling, with thirteen constructing stock-flow diagrams (SFD). Additionally, fourteen studies performed simulation analyses. These models facilitated multi-level strategies to reduce obesity prevalence. Conclusions: Using SDM approaches has significant potential to enhance the effectiveness of obesity interventions and optimize resource allocation. Our study into the application of SDM in the design of obesity health interventions revealed its ability to promote multi-level, cross-sectoral cooperation and coordination, thereby enhancing the effectiveness of interventions. Further exploration and optimization of obesity health interventions can significantly advance health systems and welfare. © The Author(s) 2025.","Article","Final","All Open Access; Gold Open Access; Green Open Access","Scopus","2-s2.0-105003874860"
"Duan S.; Yang H.; Ning F.","Duan, Shufen (58756327100); Yang, Hongjuan (45662159000); Ning, Fan (58756121700)","58756327100; 45662159000; 58756121700","Not-for-profit or for-profit? Research on the high-quality development path of private universities in China based on system dynamics","2023","Humanities and Social Sciences Communications","10","1","935","","","5","10.1057/s41599-023-02445-9","https://www.scopus.com/pages/publications/85179323220?origin=resultslist","Private universities play an important role in many countries worldwide. Approximately one-third of university students worldwide are enrolled in private universities. In countries with a large proportion of private universities, the quality of private universities determines the quality of higher education in the country as a whole. In some developed countries, the quality is high; however, in most developing countries, the quality of private universities is significantly lower than that of public universities. In many countries, private universities are managed in either a “not-for-profit” or a “for-profit” manner. The management type of private universities that best supports high-quality development has become an important issue in the field of higher education in many developing countries, but there are only a few related quantitative studies. Taking one private university in China as an example, this study aims to reveal the path that best supports high-quality development for a private university regarding the choice between the not-for-profit and for-profit orientations. Based on a literature review, a system dynamics model of development for private universities is developed, and the case data are simulated and analyzed based on the model. It is concluded that the rapid development path with a not-for-profit orientation, which enjoys government financial allocation, is more conducive to the high-quality development of private universities. Finally, the study proposes the strategies of encouraging private universities to choose the not-for-profit orientation, increasing government investment in not-for-profit private universities, and strengthening the financial supervision of not-for-profit private universities to promote their high-quality development. © 2023, The Author(s).","Article","Final","All Open Access; Gold Open Access; Green Open Access","Scopus","2-s2.0-85179323220"
"Lisse S.D.","Lisse, Stephen D. (56288586000)","56288586000","Applying system dynamics for nuclear power plant design","2014","ASME 2014 Small Modular Reactors Symposium, SMR 2014","","","V001T06A002","","","1","10.1115/SMR2014-3308","https://www.scopus.com/pages/publications/84904662859?origin=resultslist","This study analyzed a system dynamics model for outsourcing engineering services in a large and complex project organizational structure that is typically associated with nuclear power plants. A literature review indicated that most of the reviewed papers implied the project engineering resources were totally insourced or the authors were silent regarding any resources that were outsourced. Comprehensive sensitivity analysis of various model parameters was performed. Results of running the SD model indicate that the quality and productivity of the outsourced resources and the initial number of assigned experienced engineers significantly impacted the amount and timing of engineering work completion. An analysis was also performed on the project outcomes by varying the number of initial and changed engineering tasks. The results indicate the decision to insource/outsource engineering work on nuclear power plant projects may have significant cost and time impacts which should be considered by decision makers. Copyright © 2014 by ASME.","Conference paper","Final","","Scopus","2-s2.0-84904662859"
"Graham E.; Gariépy G.; Orpana H.","Graham, Eva (56662766000); Gariépy, Geneviève (26658974500); Orpana, Heather (6507559930)","56662766000; 26658974500; 6507559930","System dynamics models of depression at the population level: a scoping review","2023","Health Research Policy and Systems","21","1","50","","","11","10.1186/s12961-023-00995-7","https://www.scopus.com/pages/publications/85161824341?origin=resultslist","Aims: Depression is a disease driven by dynamic processes both at the individual- and system-level. System dynamics (SD) models are a useful tool to capture this complexity, project the future prevalence of depression and understand the potential impact of interventions and policies. SD models have been used to model infectious and chronic disease, but rarely applied to mental health. This scoping review aimed to identify population-based SD models of depression and report on their modelling strategies and applications to policy and decision-making to inform research in this emergent field. Methods: We searched articles in MEDLINE, Embase, PsychInfo, Scopus, MedXriv, and abstracts from the System Dynamics Society from inception to October 20, 2021 for studies of population-level SD models of depression. We extracted data on model purpose, elements of SD models, results, and interventions, and assessed the quality of reporting. Results: We identified 1899 records and found four studies that met the inclusion criteria. Studies used SD models to assess various system-level processes and interventions, including the impact of antidepressant use on population-level depression in Canada; the impact of recall error on lifetime estimates of depression in the USA; smoking-related outcomes among adults with and without depression in the USA; and the impact of increasing depression incidence and counselling rates on depression in Zimbabwe. Studies included diverse stocks and flows for depression severity, recurrence, and remittance, but all models included flows for incidence and recurrence of depression. Feedback loops were also present in all models. Three studies provided sufficient information for replicability. Conclusions: The review highlights the usefulness of SD models to model the dynamics of population-level depression and inform policy and decision-making. These results can help guide future applications of SD models to depression at the population-level. © 2023, Crown.","Review","Final","All Open Access; Gold Open Access; Green Open Access","Scopus","2-s2.0-85161824341"
"Li L.; Yu H.; Kunc M.","Li, Libo (56104494900); Yu, Huan (58797215400); Kunc, Martin (22951387000)","56104494900; 58797215400; 22951387000","The impact of forum content on data science open innovation performance: A system dynamics-based causal machine learning approach","2024","Technological Forecasting and Social Change","198","","122936","","","10","10.1016/j.techfore.2023.122936","https://www.scopus.com/pages/publications/85181757540?origin=resultslist","Open innovation in data science generally takes the form of public competitions where teams exchange messages and solutions by competing and collaborating simultaneously. Team behaviours are widely heterogeneous in terms of the performance of their solutions and the participation in knowledge creation. We present a novel research framework for open innovation by integrating system dynamics and structural topic modelling to extract open factors and adopting a machine learning-based difference-in-differences estimator to understand the impact of team behaviour on their performance using data from Kaggle's competition. Our results identify four team behaviour categories—active, learner, lurker, and passive— in data science open innovation competitions which depend on the performance of their solutions and actions related to posting and reading messages in the forum. Furthermore, the activities of model evaluation, community support, and business understanding are the top three most positive and significant factors affecting team performance. Our research contributes to the literature by highlighting the value of forum feedback and exploring the data science activities in the forum discussion, in relation to innovation performance, to enrich the empirical understanding of open innovation. Research implications for researchers and practitioners participating in, organising, and supporting data science open innovation activities are provided. © 2023 The Authors","Article","Final","All Open Access; Green Open Access; Hybrid Gold Open Access","Scopus","2-s2.0-85181757540"
"Soler L.S.; Kok K.; Camara G.; Veldkamp A.","Soler, Luciana S. (7005519473); Kok, Kasper (7006862636); Camara, Gilberto (26643450600); Veldkamp, Antoine (7005175993)","7005519473; 7006862636; 26643450600; 7005175993","Using fuzzy cognitive maps to describe current system dynamics and develop land cover scenarios: A case study in the Brazilian Amazon","2012","Journal of Land Use Science","7","2","","149","175","34","10.1080/1747423X.2010.542495","https://www.scopus.com/pages/publications/84861644825?origin=resultslist","In this study we developed a methodology to identify and quantify the relationships among determinants of land cover change using a regional case study in the Brazilian Amazon. The method is based on the application of fuzzy cognitive maps (FCMs), a semi-quantitative tool that provides a structured assessment of key feedbacks in scenario analysis. Novel to the application of FCMs is the use of spatial data-sets as the main input to build a cognitive map. Identification of interactions between land cover determinants and strengths is based on an empirical analysis of spatially explicit data and literature review. Expert knowledge is adopted to identify the strengths and weaknesses of the method. Potential pitfalls, such as spatial autocorrelation and scale issues, identified are intrinsic to the empirical data analysis. The outputs of the resulting FCMs are compared to the outputs of spatially explicit models under similar scenarios of change. The proposed method is said to be robust and reproducible when compared with participatory approaches, and it can endorse the consistency between demand and allocation in scenario analysis to be used in spatially explicit models. © 2012 Taylor and Francis Group, LLC.","Article","Final","All Open Access; Bronze Open Access; Green Open Access","Scopus","2-s2.0-84861644825"
"Elizondo-Noriega A.; Beruvides M.G.; Tiruvengadam N.; Guëmes-Castorena D.; Tercero-Gómez V.G.","Elizondo-Noriega, Armando (55251722900); Beruvides, Mario G. (6701413708); Tiruvengadam, Naveen (57193452139); Guëmes-Castorena, David (14822402500); Tercero-Gómez, Victor G. (54953362000)","55251722900; 6701413708; 57193452139; 14822402500; 54953362000","AN analysis of the state-of-the-art on calibration techniques for replicates of system dynamics models","2019","2019 International Annual Conference Proceedings of the American Society for Engineering Management and 40th Meeting Celebration: A Systems Approach to Engineering Management Solutions, ASEM 2019","","","","","","3","","https://www.scopus.com/pages/publications/85086287061?origin=resultslist","System Dynamics (SD)-based simulation is gaining ground as simulation itself becomes increasingly embedded in the decision-making process. Given the wide availability of simulation software like Vensim and Simulink, complex systems can now be constructed, deconstructed, and replicated with ease unlike in the past. The concomitant increase in the need to calibrate SD models has not been addressed sufficiently in the literature, however, with a majority of the existing research efforts being expended towards the creation of new models based on available data. Vensim, for instance, has a model calibration tool referred to as 'Reality Check' (RC) that focuses on calibration in regard to point estimates. It is limited in that it does not provide a protocol of calibration and therefore its calibration effectiveness is debatable. In fact, when applying RC to a model replicate, two problems emerge: (1) availability of historical information that the original was modeled on and (2) introduction of unwanted errors into the model by the RC process. To lay the foundations for an informed approach to calibration of model replicates, this work performs a systematic literature review of calibration techniques. The results suggest that cross-pollination of ideas from diverse fields of research can richly inform a robust approach to calibration of SD model replicates. © American Society for Engineering Management, 2019.","Conference paper","Final","","Scopus","2-s2.0-85086287061"
"Oladimeji O.; Cross J.; Keathley-Herring H.","Oladimeji, Olufunke (57200182625); Cross, Jennifer (8547665600); Keathley-Herring, Heather (56154990400)","57200182625; 8547665600; 56154990400","System dynamics applications in performance measurement research: Bibliometric analysis","2018","IISE Annual Conference and Expo 2018","","","","1546","1551","1","","https://www.scopus.com/pages/publications/85054036116?origin=resultslist","Scholarly investigations indicate an increasing trend in the combined use of organizational performance measurement (PM) systems and system dynamics (SD) modeling research. Although PM systems are now used more extensively, more researchers and practitioners are employing the use of SD modeling to augment the weaknesses of organizational PM systems. The aim of this paper is to explore the authorship characteristics and research groups for this literature area using network analysis. This paper presents the partial results of a full analysis and focuses on authorship bibliometric results and network analysis results of authorship characteristics from an initial systematic literature review process. The research considers publications on the following platforms: Emerald, Compendex, IEEE, and Web of Science. The network analysis examines authorship characteristics including research institutions, author disciplines, countries of origin and collaborations between authors. This investigation provides insight into how widely this research area has grown over the years and give recommendations for future work. © 2018 Institute of Industrial Engineers (IIE). All rights reserved.","Conference paper","Final","","Scopus","2-s2.0-85054036116"
"Norsuwan T.; Chinachanta K.; Punyasai T.; Chaima R.; Aggarangsi P.; Kimura M.; Jakrawatana N.; Matsuno Y.","Norsuwan, Tupthai (57208274494); Chinachanta, Kawiporn (57203286780); Punyasai, Thakoon (60625296700); Chaima, Rattanaphon (59966700500); Aggarangsi, Pruk (55633395800); Kimura, Masaomi (56282662300); Jakrawatana, Napat (26431434800); Matsuno, Yutaka (7102896952)","57208274494; 57203286780; 60625296700; 59966700500; 55633395800; 56282662300; 26431434800; 7102896952","Farming System Dynamics of Agrivoltaics: A Review of the Circular Eco-Bridge on Improving Sustainable Agroecosystems","2026","Agriculture (Switzerland)","16","9","919","","","0","10.3390/agriculture16090919","https://www.scopus.com/pages/publications/105038458044?origin=resultslist","Agrivoltaics (AV) has emerged as an integrated land-use innovation capable of simultaneously addressing food, energy, and water challenges, yet its systemic implications for farming system sustainability remain insufficiently synthesized. This review adopts a farming system dynamics perspective to examine how AV systems reorganize biophysical, ecological, and socio-economic interactions across agroecosystems. Drawing upon agroecological principles, pathways of sustainable intensification and ecological intensification, and resource-loop strategies in circular economy, we identify the key elements and cause-and-effect relationships that shape AV system performance. Evidence indicates that the co-location of photovoltaics (PV) structures and crop cultivation generates new system properties, altered light distribution, moderated microclimates, redistributed soil moisture, and diversified production functions that influence productivity, resource-use efficiency, ecological services, and farm resilience. Using causal loop analysis, we conceptualize four central feedback dynamics: (i) PV–crop trade-offs and spatial-sharing relationships; (ii) microclimate modifications and crop physiological responses; (iii) ecological performance and landscape-level interactions; and (iv) circularity loops connecting resource conservation, renewable-energy substitution, soil processes, and material flows. This feedback collectively determines eco-efficiency outcomes, including enhanced land-equivalent productivity, improved water-use efficiency, strengthened regulating services, and reductions in external energy dependence. At the farming-system scale, AV diversifies income streams and stabilizes yields under climatic variability, whereas at the landscape scale, it fosters multifunctionality by supporting regenerative resource flows and ecological resilience. Building on these insights, we propose an integrated framework that links agroecological elements with dynamic feedback structures to guide context-specific AV design, management, and governance. This system-oriented synthesis provides a foundation for future research and policy efforts aimed at optimizing AV as a circular, resilient, and sustainable farming system innovation. © 2026 by the authors.","Review","Final","All Open Access; Gold Open Access; Green Open Access","Scopus","2-s2.0-105038458044"
"Ma W.; Yuan H.; Hao J.L.","Ma, Wenting (57210188349); Yuan, Hongping (35605291100); Hao, Jian Li (57680144500)","57210188349; 35605291100; 57680144500","A bibliometric visual analysis of the system dynamics approach for construction and demolition waste management","2022","Cleaner Waste Systems","1","","100004","","","15","10.1016/j.clwas.2022.100004","https://www.scopus.com/pages/publications/85151688186?origin=resultslist","Continuously increasing amounts of construction and demolition waste (C&DW) is a critical problem globally. As a quantitative modeling approach to solve complex problems, system dynamics (SD) is frequently adopted to help understand the dynamic interrelationship of contributing variables of C&DW management and predict future behavior for both short and long-term decision making. However, there has been no systematic review of such SD applications to C&DW management. The aim of this study is therefore to provide a systematic review of current applications of SD modeling to C&DW management in order to identify research gaps and provide future related research opportunities. The novelty of this paper is that it is the first time that bibliometric visual analysis has been adopted to interpret visualized network maps of the co-occurrence of countries, keywords, and citations of selected articles on the application of SD modeling in C&DW management. The SD modeling applications of these articles are comprehensively reviewed from the two main C&D waste management perspective of the 3R principle and sustainability. The results reveal that more research effort has been made to reduce and recycle C&DW than to reuse it, and that the economic and environmental performance of C&DW attracts more attention than its social performance. The study suggests that to deepen and broaden the analysis of C&DW management, future research could use hybrid models by combining SD with emerging techniques and tools, such as building information modeling, geographic information systems, and blockchain technology. © 2022 The Author(s)","Review","Final","All Open Access; Gold Open Access","Scopus","2-s2.0-85151688186"
"Bivona E.; Ceresia F.; Tumminello G.","Bivona, Enzo (6506795281); Ceresia, Francesco (36642285400); Tumminello, Giovanni (57211276209)","6506795281; 36642285400; 57211276209","Overcoming managers’ myopic decisions in a waste collection company: Lessons from a system dynamics-based research","2019","Journal of Modelling in Management","14","4","","1023","1041","7","10.1108/JM2-01-2019-0028","https://www.scopus.com/pages/publications/85073247496?origin=resultslist","Purpose: The purpose of this paper is to show how the changing interrelationships between fleet management, human resources and outsourcer capacity areas are likely to counterbalance managerial policies, thereby generating a performance decay. The use of system dynamics modelling in a waste collection company offered an effective contribution to support decision makers to overcoming myopic decisions. Design/methodology/approach: Literature review and a case study analysis (including interviews with company actors and data gathering) offered the basis to build a system dynamics model. The model built was then used to run simulations sessions to assess alternative investments decisions. Findings: Simulation results show that understanding cause-and-effect relationships between company sub-systems can help managers to shift the focus of their decision process from a single department to the whole business system. Further, the paper offers three alternative scenarios (myopic, reactive and proactive) from which to learn how to design effective long-term sustainable policies. Research limitations/implications: The simulation model was developed based on a literature review and a single-case study. Although it offers a useful contribution in the investigated case, to generalise its results, additional application to waste collection companies would be desirable. Practical implications: The findings of the study have implications for public decision makers and those scholars investigating how to discourage the adoption of myopic decisions in complex environments. Originality/value: To the best of our knowledge, only few studies investigated how the fleet management is likely to impact on the performance of waste collection companies. This study offers a contribution in this direction. © 2019, Emerald Publishing Limited.","Article","Final","All Open Access; Green Open Access","Scopus","2-s2.0-85073247496"
"Kedir N.; Siraj N.; Fayek A.R.","Kedir, Nebiyu (57209808615); Siraj, Nasir (57188634848); Fayek, Aminah Robinson (55662922200)","57209808615; 57188634848; 55662922200","Application of System Dynamics in Construction Engineering and Management: Content Analysis and Systematic Literature Review","2023","Advances in Civil Engineering","2023","","1058063","","","14","10.1155/2023/1058063","https://www.scopus.com/pages/publications/85159283833?origin=resultslist","Researchers have increasingly used system dynamics (SD) as a modelling tool to understand the behaviour of systems with varying degrees of dynamism and complexity. SD has had a particularly significant impact in improving system representation, modelling, and abstraction of problems within the construction domain. However, there is a lack of comprehensive systematic literature review and content analysis on application of SD in construction engineering and management (CEM). In this study, a systematic literature review and content analysis were used to investigate 213 journal articles published from 1995 through 2021, presenting applications of SD in CEM research. This included analysis of SD research in terms of contributing authors and their affiliations; identifying the major CEM research areas and patterns of SD research within those areas; study of the current focus of SD research, future trends, and potential for future research in these CEM areas; investigating the SD modelling paradigm in terms of hybridization with other modelling techniques; and a review of issues and challenges of SD modelling. This study contributes to the body of knowledge by (1) addressing the lack of a comprehensive systematic review and content analysis in the application of SD in CEM research, (2) providing construction researchers and practitioners with the state-of-the-art in SD research and application within the construction industry, and (3) assessing the potential for SD hybridization with other modelling approaches and proposing areas of future research to improve SD modelling capabilities. This study found that (1) the concept of SD was mostly used in the research areas of decision making and policy analysis, performance, and rework and change, (2) the areas of scheduling and health and safety have acquired more interest in SD relative to previous trends, and (3) researchers have the lowest interest in the research area of bidding and procurement.  © 2023 Nebiyu Kedir et al.","Review","Final","All Open Access; Gold Open Access; Green Open Access","Scopus","2-s2.0-85159283833"
"Chen X.; Cai K.; Xue Y.; Ung C.O.L.; Hu H.; Jakovljevic M.","Chen, Xianwen (57221425717); Cai, Kuangyuan (59509792500); Xue, Yan (57215774644); Ung, Carolina Oi Lam (55786677600); Hu, Hao (15022483400); Jakovljevic, Mihajlo (14318929700)","57221425717; 59509792500; 57215774644; 55786677600; 15022483400; 14318929700","Using system dynamics modeling approach to strengthen health systems to combat cancer: a systematic literature review","2025","Journal of Medical Economics","28","1","","168","185","3","10.1080/13696998.2025.2450168","https://www.scopus.com/pages/publications/85214690557?origin=resultslist","Aim: Dynamic cancer control is a current health system priority, yet methods for achieving it are lacking. This study aims to review the application of system dynamics modeling (SDM) on cancer control and evaluate the research quality. Methods: Articles were searched in PubMed, Web of Science, and Scopus from the inception of the study to 15 November 2023. Inclusion criteria were English original studies focusing on cancer control with SDM methodology, including prevention, early detection, diagnosis and treatment, and palliative care. Exclusion criteria were non-original research, and studies lacking SDM focus. Analysis involved categorization of studies and extraction of relevant data to answer the research question, ensuring a comprehensive synthesis of the field. Quality assessment was used to evaluate the SDM for cancer control. Results: Sixteen studies were included in this systematic review predominantly from the United States (7, 43.75%), with a focus on breast cancer research (5, 31.25%). Studies were categorized by WHO cancer control modules, and some studies may contribute to multiple modules. The results showed that included studies comprised two focused on prevention (1.25%), ten on early detection (62.50%), six on diagnosis and treatment (37.50%), with none addressing palliative care. Seven studies presented a complete SDM process, among which nine developed causal loop diagrams for conceptual models, ten utilized stock-flow charts to develop computational models, and thirteen conducted simulations. Limitations: This review’s macrofocus on SDM in cancer control missed detailed methodological analysis. The limited number of studies and lack of stage-specific intervention comparisons limit comprehensiveness. Detailed analysis of SDM construction was also not conducted, potentially overlooking nuances in cancer control strategies. Conclusion: SDM in cancer control is underutilized, focusing mainly on early detection and treatment. Inconsistencies suggest a need for standardized SDM approaches. Future research should expand SDM’s application and integrate it into cancer control strategies. © 2025 The Author(s). Published by Informa UK Limited, trading as Taylor & Francis Group.","Review","Final","All Open Access; Gold Open Access","Scopus","2-s2.0-85214690557"
"Li L.; Qiao F.; Wu Q.","Li, Li (56261236100); Qiao, Fei (7005620707); Wu, Qidi (7404602357)","56261236100; 7005620707; 7404602357","System dynamics based release policy for semiconductor wafer fabs","2006","Zhongguo Jixie Gongcheng/China Mechanical Engineering","17","23","","2507","2511","3","","https://www.scopus.com/pages/publications/33846533069?origin=resultslist","Based on the summarization of state-of-the-art release policies, the system dynamics model for solving release policies for the semiconductor wafer fabs was proposed. Meanwhile, the calculation flow of the proposed method was given. Based on the proposed method, the release rate is easily calculated if the input parameters and the goal are set. A simplified semiconductor wafer fab model was used to verify the proposed method's validity. It can be seen from the simulation results that the system dynamics based release polity has the potentiality to improve the performance of the semiconductor wafer fabs.","Article","Final","","Scopus","2-s2.0-33846533069"
"Meuleman E.M.; van Stralen M.M.; Waterlander W.E.; van der Poel N.E.; Renders C.M.; Busch V.","Meuleman, Eline M (57279867200); van Stralen, Maartje M (25936945100); Waterlander, Wilma E (35273890800); van der Poel, Nanda E (60349022200); Renders, Carry M (6602854861); Busch, Vincent (55227608500)","57279867200; 25936945100; 35273890800; 60349022200; 6602854861; 55227608500","System Dynamics of Preadolescent Mental Wellbeing: A Causal Loop Diagram of the Scientific Evidence","2026","Journal of Adolescent Health","79","1","","12","28","0","10.1016/j.jadohealth.2025.11.011","https://www.scopus.com/pages/publications/105028408746?origin=resultslist","Preadolescent mental wellbeing is influenced by several interconnecting factors spanning individual, familial, and societal levels. Despite the potential of complex systems methods based in system dynamics to increase the understanding of these interdependencies, their application in youth mental wellbeing remains limited. This paper is the first to identify the underlying system dynamics that drive the mental wellbeing of preadolescents by integrating insights from a literature review and focus groups with scientific experts into a comprehensive causal loop diagram (CLD). The study followed three steps: a scoping umbrella literature review was performed to identify factors underlying preadolescents' mental wellbeing; focus groups with scientific experts were held to identify system dynamics (e.g., feedback loops, underlying mechanisms); and finally, a CLD was built and validated. The resulting CLD comprised nine subsystems based on underlying mechanisms: increasing pressure, seeking for own identity, parenting challenges, neighborhood ties, safety and security, healthy habits, always online, mental health talk, and supportive bonds. Thirty-eight feedback loops underlie these mechanisms, most of them being reinforcing. The CLD and its identified system dynamics highlight the complexity of preadolescent mental wellbeing and underscore the necessity of developing actions that target multiple leverage points across different system levels to drive change. By viewing this complex health issue through a systems lens, practitioners and policymakers should be better equipped to look beyond individual determinants and consider the broader structures, goals, and beliefs — laying the groundwork for sustainable, systemic change to benefit preadolescents' mental wellbeing. © 2025 Society for Adolescent Health and Medicine. Published by Elsevier Inc. This is an open access article under the CC BY license. http://creativecommons.org/licenses/by/4.0/","Review","Final","All Open Access; Green Open Access; Hybrid Gold Open Access","Scopus","2-s2.0-105028408746"
"Tijo-Lopez S.; Castro-Lacouture D.","Tijo-Lopez, Silvia (57189999928); Castro-Lacouture, Daniel (9036808100)","57189999928; 9036808100","Selection of the Design and Construction Parameters for Energy Efficient Housing Using System Dynamics","2016","Construction Research Congress 2016: Old and New Construction Technologies Converge in Historic San Juan - Proceedings of the 2016 Construction Research Congress, CRC 2016","","","","1244","1253","2","10.1061/9780784479827.125","https://www.scopus.com/pages/publications/84976415487?origin=resultslist","The development of tools that provide feedback in the design process of energy efficient housing can have a positive impact in the reduction of costs associated with design. These tools might incentivize the implementation of sustainable practices during construction and retrofitting of new and existing houses. The challenge for this situation is to find a method that allows the use of existing detailed simulation tools, starting at early design stages when some technical sub-systems variables of the house are not yet available. This paper proposes the use of system dynamics (SD) as a methodology for the integration of different simulations that take place during the design of energy efficient housing propositions and the cost estimate associated with the selection of materials for construction. A literature review was conducted in order to identify similar uses of SD in the fields of civil engineering and architecture. The current research presents previous uses of SD as well as a model that integrates simulation tools for the design, analysis and cost estimate of energy efficient housing. A future research plan is laid out and the expected results are discussed. © ASCE.","Conference paper","Final","","Scopus","2-s2.0-84976415487"
"Osama O.; Azab S.; Marzouk M.","Osama, Omnia (58625680500); Azab, Shimaa (55960276800); Marzouk, Mohamed (7005098184)","58625680500; 55960276800; 7005098184","Analyzing sustainability behavior of building materials using system dynamics and decision-making techniques","2025","Case Studies in Construction Materials","23","","e05545","","","2","10.1016/j.cscm.2025.e05545","https://www.scopus.com/pages/publications/105023830752?origin=resultslist","The construction industry is a major contributor to environmental degradation, primarily through greenhouse gas emissions and resource consumption. To address these challenges, this research develops a comprehensive framework for selecting sustainable building materials that minimize environmental impact and support climate change mitigation. The proposed methodology is structured into three key stages: (1) identification of sustainability criteria, (2) simulation of sustainability behavior, and (3) selection of sustainable strategies. In the first stage, 27 sustainability parameters were identified through a systematic review of literature and rating systems. These parameters were evaluated using a structured questionnaire distributed to 70 construction experts, applying a 5-point Likert scale. Statistical analyses, including Confirmatory Factor Analysis (CFA) and factor loading, were used to assess reliability and validity, resulting in the elimination of 11 parameters and the result of 16 key criteria. The second stage involves developing a System Dynamics (SD) model to simulate the performance of building material alternatives against selected sustainability criteria. The model evaluates materials based on five key criteria: carbon emissions, energy savings, material cost, resource-use efficiency, and waste reduction. These criteria align with Sustainable Development Goals (SDG) 9 and SDG 12. In the final stage, the Best-Worst Method (BWM) and the Technique for Order Preference by Similarity to Ideal Solution (TOPSIS) are integrated to prioritize and select the most suitable sustainable material strategy. The study evaluates five alternative material scenarios in comparison to a base case. As part of this process, a sustainability guide is developed, outlining the sustainability scores associated with each material alternative. Among the five scenarios, Scenario 3 emerges as the most sustainable option. This scenario comprises the use of reused steel, rapidly renewable wood, prefabricated gypsum board, and cast-in-place concrete. This combination achieves the highest overall sustainability score, demonstrating strong potential for supporting climate-conscious construction practices. The framework is validated through a case study of a healthcare facility in Suez, Egypt, demonstrating its applicability for real-world decision-making in sustainable construction practices. © 2025 The Author(s). Published by Elsevier Ltd. This is an open access article under the CC BY-NC-ND license. http://creativecommons.org/licenses/by-nc-nd/4.0/","Article","Final","All Open Access; Gold Open Access; Green Open Access","Scopus","2-s2.0-105023830752"
"Nguyen L.K.N.; Howick S.; Megiddo I.","Nguyen, Le Khanh Ngan (57212490345); Howick, Susan (6602970136); Megiddo, Itamar (56300897300)","57212490345; 6602970136; 56300897300","A hybrid simulation modelling framework for combining system dynamics and agent-based models","2021","Operational Research Society 10th Simulation Workshop, SW 2021 - Proceedings","","","","385","394","9","10.36819/SW21.042","https://www.scopus.com/pages/publications/85105865436?origin=resultslist","System dynamics (SD), discrete event simulation (DES) and agent-based model (ABM) are three different simulation modelling methods widely applied to support decision-making in complex systems across various disciplines. However, single simulation modelling approaches can face significant challenges representing the multi-dimensional nature of complex systems composed of interactive and interconnected constituents with dynamic behaviours. Combining different simulation methods offer an opportunity to overcome these challenges and to capture important characteristics and behaviours of such systems. Despite the growing interest and popularity in this approach, guidance for designing and utilizing hybrid models, especially for those combining SD and ABM, is scanty. This paper aims to review and consolidate the existing theoretical guidance/frameworks on combining these two simulation methods. Based on this literature review, we propose an initial framework for combining SD and ABM. © 2021 SW 2021. All rights reserved.","Conference paper","Final","All Open Access; Gold Open Access; Green Open Access","Scopus","2-s2.0-85105865436"
"Babí Almenar J.; Petucco C.; Sonnemann G.; Geneletti D.; Elliot T.; Rugani B.","Babí Almenar, Javier (57204524977); Petucco, Claudio (55820457100); Sonnemann, Guido (7003498715); Geneletti, Davide (6603147495); Elliot, Thomas (59953171300); Rugani, Benedetto (22986401100)","57204524977; 55820457100; 7003498715; 6603147495; 59953171300; 22986401100","Modelling the net environmental and economic impacts of urban nature-based solutions by combining ecosystem services, system dynamics and life cycle thinking: An application to urban forests","2023","Ecosystem Services","60","","101506","","","61","10.1016/j.ecoser.2022.101506","https://www.scopus.com/pages/publications/85146484071?origin=resultslist","Nature-based solutions (NBS) are gaining relevance as sustainable urban actions because of their potential to provide multiple benefits in the form of ecosystem services (ES), and thus mitigate urban challenges. This paper presents an original semi-dynamic modelling framework that simultaneously considers i) ES supply and demand dynamics, ii) negative environmental impacts, externalities, and financial costs derived from NBS, and iii) life cycle NBS impacts beyond the use phase. Compared to other models, it also aims to be valuable for urban planning actions at site level, i.e., for evaluating the net impacts of specific urban NBS projects. To validate the modelling framework, a proof-of-concept model for urban forests is developed and tested for a case study in Madrid (Spain). The modelling framework is split in two interrelated parts: foreground (dynamic modelling) and background (static modelling). In the foreground, the environmental impacts derived from the use phase of an NBS project are quantified considering its spatio-temporal dynamism, by making use of system dynamics. In the background, the environmental impacts derived from the rest of the life cycle phases of the NBS are quantified making use of steady state life cycle impact assessment. The net economic impact of the NBS project, considering both financial values and externalities, is eventually calculated in the background encompassing all the life cycle phases. Results from the case study illustrate how planning, design, and management decisions over the entire life cycle of an urban forest can influence the net environmental and economic performance of this type of NBS. A discussion is provided to inform on how the modelling framework can help moving beyond the state-of-the-art, and how the derived model can be used for sustainability assessments of urban NBS projects. © 2023 The Authors","Article","Final","All Open Access; Green Open Access; Hybrid Gold Open Access","Scopus","2-s2.0-85146484071"
"Kristekova Z.; Riasanow T.; Schermann M.; Krcmar H.","Kristekova, Zuzana (55070835500); Riasanow, Tobias (55070835300); Schermann, Michael (6507393677); Krcmar, Helmut (6603243872)","55070835500; 55070835300; 6507393677; 6603243872","Towards prioritizing IT solution developments through system dynamics and fuzzy logic","2012","Proceedings of the Annual Hawaii International Conference on System Sciences","","","6149026","1146","1155","0","10.1109/HICSS.2012.603","https://www.scopus.com/pages/publications/84857936691?origin=resultslist","IT solutions are integrated bundles of hardware, software and services that create value for the customer by meeting their individual business needs. We found, that handling IT solutions is complex which results in several challenges that confront decision makers by developing IT solutions, such as the adaption of IT solution components to each other, or the integration to the customer's environment. To overcome these challenges, we propose a simulation model for prioritizing IT solution developments. The proposed model combines system dynamics and fuzzy logic and is based on a decision framework, which we derive from a broad literature review. To show the model applicability, we apply it by a mid-sized German company. The simulation results show the priority ranking of IT solution developments. Based on these results decision makers are able to determine the developing and integrating sequence of IT solutions. © 2012 IEEE.","Conference paper","Final","","Scopus","2-s2.0-84857936691"
"Naumann R.B.; Guynn I.; Clare H.M.; Lich K.H.","Naumann, Rebecca B. (35076449100); Guynn, Isabella (57348810500); Clare, Hannah Margaret (56860719000); Lich, Kristen Hassmiller (57209980316)","35076449100; 57348810500; 56860719000; 57209980316","Insights from system dynamics applications in addiction research: A scoping review","2022","Drug and Alcohol Dependence","231","","109237","","","10","10.1016/j.drugalcdep.2021.109237","https://www.scopus.com/pages/publications/85121929751?origin=resultslist","Background and aims: Substance misuse and use disorders are dynamic and complex problems, situated within systems of interacting social, environmental, and neurobiological factors. System dynamics (SD) methods broaden, test, and improve understanding of complex systems and can help inform effective action. We sought to systematically review the use of SD tools in addiction-related research. Methods: Following PRISMA guidelines, we searched several databases from 1958 to 2019. We included studies focused on addiction-related screening and diagnosis, treatment, and return to use, as well as studies focused on earlier stages that may begin a path to addiction (e.g., experimentation, misuse onset). Results: We extracted information from 59 articles with a median publication year of 2014. In addition to using SD to understand the underlying complexity driving addiction-related trends, other commonly cited reasons for use of SD included assessing impacts of potential actions (n = 35), predicting future trends (n = 28), and supporting strategic planning processes (n = 22). Most studies included simulation models (n = 43); however, some presented insights from qualitative SD diagrams (n = 9) and concept models (n = 6). The majority of studies focused on stages leading to potential addiction: initiation/ experimentation (n = 42) and misuse onset (n = 38). One-third (n = 20) engaged persons with lived experience or other stakeholders during the modeling process. Conclusions: Addiction-related SD research has increased over the last few decades with applications varying in several ways, from model purpose and types of data used to stakeholder involvement. Future applications should consider the benefits of stakeholder engagement throughout the modeling process and expanding models to include concomitant substance use. © 2021 Elsevier B.V.","Review","Final","","Scopus","2-s2.0-85121929751"
"Solano-Pereira P.; García-González A.; Miguel González L.J.","Solano-Pereira, Pedro (59585082000); García-González, Ana (25637091000); Miguel González, Luis Javier (12345116400)","59585082000; 25637091000; 12345116400","Economic Representation in Water–Energy–Food Nexus Models: A Systematic Review of System Dynamics Approaches","2025","Energies","18","4","966","","","17","10.3390/en18040966","https://www.scopus.com/pages/publications/85218460371?origin=resultslist","Water, food, and energy are vital for individual well-being and national development. However, population growth and economic expansion have significantly increased the demand for these resources, while climate change has put pressure on their availability. To address these challenges, the Water–Energy–Food (WEF) Nexus framework highlights their interconnected nature, promoting systemic management approaches. System dynamics, a methodology designed to analyse complex and interrelated systems, is well-suited for modelling the WEF Nexus, capturing feedback loops and dynamic interactions. This study evaluates the use of system dynamics in WEF Nexus modelling and examines how economic systems, a key driver of resource demand, are represented in these models. A systematic literature review was conducted following the PRISMA framework. Of 280 articles initially identified, 237 remained after removing duplicates, with 36 relevant studies analysed. The results show a dominance of water-focused and balanced WEF models but limited representation of economic systems. Among 20 studies with economic representation, 17 treated the economy as an exogenous input to estimate demand, while only 3 integrated endogenous feedback linking resource availability to economic growth. These findings reveal a significant gap in current research and underscore the need for further studies to explore the dynamic interdependence between the economy and WEF resources. © 2025 by the authors.","Review","Final","All Open Access; Gold Open Access; Green Open Access","Scopus","2-s2.0-85218460371"
"Ataee S.; Lopes M.; Relvas H.","Ataee, Sina (58922116200); Lopes, Myriam (55984151900); Relvas, Hélder (55841682300)","58922116200; 55984151900; 55841682300","Environmental comfort in urban spaces: A systematic literature review and a system dynamics analysis","2025","Urban Climate","60","","102340","","","16","10.1016/j.uclim.2025.102340","https://www.scopus.com/pages/publications/85218231522?origin=resultslist","Urban environments are intricate systems where the well-being of inhabitants is shaped by various interrelated factors. This study employs a combination of systematic literature review (SLR) analysis and system dynamics (SD) approach to systematically explore the multifaceted concept of environmental comfort (EC) within urban settings. By combining a comprehensive literature review with innovative SD modeling, this research uniquely examines the complex relationships between thermal comfort, human perceptions, and spatial settings. The results demonstrate that perceiving EC in terms of promoting livability and sustainability requires an integrated understanding of outdoor comfort that accounts for its systemic nature. Importantly, the study identifies significant gaps in the understanding of sensory aspects of EC, such as the outdoor soundscape and air quality, highlighting these as critical areas for future research. By adopting a holistic planning paradigm, this study provides valuable insights for urban planners and policymakers to create environments that enhance overall comfort, livability, and resilience. © 2025 The Authors","Review","Final","All Open Access; Hybrid Gold Open Access","Scopus","2-s2.0-85218231522"
"Agrawal P.; Post L.A.; Glover J.; Hersey D.; Oberoi P.; Biroscak B.","Agrawal, Pooja (23567534800); Post, Lori Ann (7006288604); Glover, Janis (7202417758); Hersey, Denise (22957791300); Oberoi, Piya (59160783100); Biroscak, Brian (6506384458)","23567534800; 7006288604; 7202417758; 22957791300; 59160783100; 6506384458","The interrelationship between food security, climate change, and gender-based violence: A scoping review with system dynamics modeling","2023","PLOS Global Public Health","3","3","e0000300","","","25","10.1371/journal.pgph.0000300","https://www.scopus.com/pages/publications/85173584717?origin=resultslist","Gender-based violence (GBV) is a global public health and human rights problem that is exacerbated by social and environmental stressors for a multitude of interpersonal, cultural, and economic reasons. Through sudden disruptions in the microclimate of a region, climate shocks often have a negative impact on food security, which correlates with increases in GBV. Associations between the various combinations of GBV, climate change, and food insecurity have been documented in the growing international literature, but questions remain about these associations that require further clarification. The impact of the COVID- 19 pandemic caused by SARS-CoV-2 provides insight through a real time demonstration into these interactions. This review of the global literature examines the interplay between GBV, climate change, and food insecurity-including recent literature regarding the COVID- 19 pandemic. This review covers original research studies employing both quantitative and qualitative methodology, those that conducted secondary analyses of existing data sources and perspective pieces derived from observed evidence. An additional analytic layer of system dynamics modeling allowed for the integration of findings from the scoping review and discovery of additional insights into the interplay between disasters, food insecurity, and GBV. Findings from this review suggest that the development and adaptation of evidencebased, focused interventions and policies to reduce the effects of climate shocks and bolster food security may ultimately decrease GBV prevalence and impact. © 2023 Agrawal et al. This is an open access article distributed under the terms of the Creative Commons Attribution License, which permits unrestricted use, distribution, and reproduction in any medium, provided the original author and source are credited.","Review","Final","All Open Access; Gold Open Access; Green Open Access","Scopus","2-s2.0-85173584717"
"Cassidy R.; Singh N.S.; Schiratti P.-R.; Semwanga A.; Binyaruka P.; Sachingongu N.; Chama-Chiliba C.M.; Chalabi Z.; Borghi J.; Blanchet K.","Cassidy, Rachel (57196187004); Singh, Neha S. (55875713500); Schiratti, Pierre-Raphaël (57211844244); Semwanga, Agnes (26642745700); Binyaruka, Peter (55796858300); Sachingongu, Nkenda (57193452273); Chama-Chiliba, Chitalu Miriam (55567451600); Chalabi, Zaid (6701780461); Borghi, Josephine (6603053391); Blanchet, Karl (35602836400)","57196187004; 55875713500; 57211844244; 26642745700; 55796858300; 57193452273; 55567451600; 6701780461; 6603053391; 35602836400","Mathematical modelling for health systems research: A systematic review of system dynamics and agent-based models","2019","BMC Health Services Research","19","1","845","","","111","10.1186/s12913-019-4627-7","https://www.scopus.com/pages/publications/85075114232?origin=resultslist","Background: Mathematical modelling has been a vital research tool for exploring complex systems, most recently to aid understanding of health system functioning and optimisation. System dynamics models (SDM) and agent-based models (ABM) are two popular complementary methods, used to simulate macro- and micro-level health system behaviour. This systematic review aims to collate, compare and summarise the application of both methods in this field and to identify common healthcare settings and problems that have been modelled using SDM and ABM. Methods: We searched MEDLINE, EMBASE, Cochrane Library, MathSciNet, ACM Digital Library, HMIC, Econlit and Global Health databases to identify literature for this review. We described papers meeting the inclusion criteria using descriptive statistics and narrative synthesis, and made comparisons between the identified SDM and ABM literature. Results: We identified 28 papers using SDM methods and 11 papers using ABM methods, one of which used hybrid SDM-ABM to simulate health system behaviour. The majority of SDM, ABM and hybrid modelling papers simulated health systems based in high income countries. Emergency and acute care, and elderly care and long-term care services were the most frequently simulated health system settings, modelling the impact of health policies and interventions such as those targeting stretched and under resourced healthcare services, patient length of stay in healthcare facilities and undesirable patient outcomes. Conclusions: Future work should now turn to modelling health systems in low- and middle-income countries to aid our understanding of health system functioning in these settings and allow stakeholders and researchers to assess the impact of policies or interventions before implementation. Hybrid modelling of health systems is still relatively novel but with increasing software developments and a growing demand to account for both complex system feedback and heterogeneous behaviour exhibited by those who access or deliver healthcare, we expect a boost in their use to model health systems. © 2019 The Author(s).","Review","Final","All Open Access; Gold Open Access; Green Open Access","Scopus","2-s2.0-85075114232"
"Brailsford S.","Brailsford, Sally (7004634051)","7004634051","Closing the Implementation Gap Comment on “Insights Gained From a Re-analysis of Five Improvement Cases in Healthcare Integrating System Dynamics Into Action Research”","2023","International Journal of Health Policy and Management","12","1","7593","","","1","10.34172/ijhpm.2022.7593","https://www.scopus.com/pages/publications/85154596681?origin=resultslist","Holmström et al provide an interesting and thought-provoking contribution to a perennial problem: why, despite a vast number of applications of simulation modelling in healthcare over the past 70 years, there is still remarkably little evidence of successful implementation of model results. Their paper is a retrospective analysis of five case studies, all undertaken as consultancy, that used a blend of system dynamics (SD) modelling and action research (AR). This commentary assesses the effectiveness of this approach in achieving implementation, based on the evidence presented, and discusses some of the issues raised. These issues include a comparison of Holmström’s approach with group model building (GMB) in SD, the differences between healthcare modelling projects undertaken by (a) business consultants and (b) academics, and the challenges of undertaking ‘systematic’ reviews of the grey literature. © 2023 The Author(s); Published by Kerman University of Medical Sciences.","Note","Final","All Open Access; Gold Open Access; Green Open Access","Scopus","2-s2.0-85154596681"
"Ansah J.P.; Salazar R.; Elamin A.","Ansah, John P. (51664522900); Salazar, Robinson (59945201500); Elamin, Amal (7004085654)","51664522900; 59945201500; 7004085654","A conceptual system dynamics model of social determinants of health (SDoH) and its impact on population health","2025","Journal of Public Health Research","14","2","22799036251347035","","","0","10.1177/22799036251347035","https://www.scopus.com/pages/publications/105008072081?origin=resultslist","Background: This paper primarily aims to construct a conceptual model of social determinants of health (SDoH), which will serve as a vital tool for identifying the feedback mechanisms that influence population health outcomes. Additionally, it seeks to simulate both the immediate and long-term effectiveness of proposed SDoH interventions on population health. Design and methods: We developed a system dynamics model of SDoH based on literature review and insights from community health experts. This model enables us to simulate the effectiveness of proposed interventions on population health, using CVD as a representative example of health outcomes. Results: The model results highlight a promising approach for enhancing population health. The neighborhood intervention stands out among the various interventions, demonstrating the most significant impact on health compared to other individual interventions. This finding underscores the potential of neighborhood-focused strategies in improving overall population health. Conclusion: This paper provides a clear explanation and causal framework for why investing in programs that enhance SDoH can improve population health. It introduces a powerful tool such as a causal map of SDoH, enabling policymakers and stakeholders to gain a more profound, dynamic understanding of the relationship between SDoH and health outcomes. This knowledge may help to make informed decisions and implement effective interventions. © The Author(s) 2025.","Article","Final","All Open Access; Gold Open Access; Green Open Access","Scopus","2-s2.0-105008072081"
"Nubaumer C.; Schmidt L.; Dietmaier P.","Nubaumer, Christian (36176100700); Schmidt, Lothar (57196894853); Dietmaier, Peter (6507905490)","36176100700; 57196894853; 6507905490","Three-dimensional system dynamics simulation of rope-propelled automated people movers","2012","Vehicle System Dynamics","50","SUPPL. 1","","419","434","3","10.1080/00423114.2012.666355","https://www.scopus.com/pages/publications/84864117750?origin=resultslist","The objective of this study is to develop a three-dimensional multibody system (MBS) for the dynamic simulation of rope-propelled automated people movers (RAPM). These public transport systems include guided vehicles which operate in a fully automated mode on a separate guideway. In design stage of an RAPM the optimisation of ride comfort and durability is aspired. Therefore, an elastic rope model has been implemented in a state-of-the-art MBS software. The coupling of the rope model with standard MBS elements allows for the integrated simulation of these transport systems which will enhance the prediction quality of the overall system dynamics. © 2012 Copyright Taylor and Francis Group, LLC.","Article","Final","","Scopus","2-s2.0-84864117750"
"Najibi S.M.; Seyedi S.H.; Farhadi P.; Kharazmi E.; Shojaei P.; Delavari S.; Lotfi F.; kavosi Z.","Najibi, Seyede Maryam (57192161395); Seyedi, Seyed Hosein (57340296400); Farhadi, Payam (35975916400); Kharazmi, Erfan (54403134000); Shojaei, Payam (57189703077); Delavari, Sajad (56819127700); Lotfi, Farhad (54905526600); kavosi, Zahra (24341508400)","57192161395; 57340296400; 35975916400; 54403134000; 57189703077; 56819127700; 54905526600; 24341508400","Development of a model for predicting hospital beds shortage and optimal policies using system dynamics approach","2022","BMC Health Services Research","22","1","1525","","","21","10.1186/s12913-022-08936-w","https://www.scopus.com/pages/publications/85144331495?origin=resultslist","Background: Policymakers use simulation-based models to improve system feedback and model the reality of the problems in the system. This study uses the system dynamics approach to provide a model for predicting hospital bed shortages and determine the optimal policy in Shiraz, Southern Iran. Methods: This study was designed based on Sterman's system dynamic modeling (SDM) process. Firstly, we determined the main variables affecting bed distribution using a mixed qualitative and quantitative study which includes scoping review, expert panel, Delphi, and DANP. Then, dynamic hypotheses were designed. Subsequently, we held several expert panels for designing the causal and stock-flow models, formulating and testing a simulation model, as well as developing various scenarios and policies. Results: Dynamic modeling process resulted in four scenarios. All of the scenarios predicted a shortage of national hospital beds over a 20-year time horizon. Then, four policies were developed based on the changes in the number of beds and capacity of home care services; finally, the optimal policy was determined. Conclusions: Due to the high cost of setting up hospital beds, developing and supporting cost-effective home care services, strengthening the insurance coverage of these services, and improving the quantity and quality of community care, considering the real needs of the community could be considered as an optimal option for the future of the city. © 2022, The Author(s).","Article","Final","All Open Access; Gold Open Access; Green Open Access","Scopus","2-s2.0-85144331495"
"Fasolino N.G.; Rinaldi G.M.; Viaggi D.","Fasolino, Nunzia Gabriella (58163650700); Rinaldi, Giacomo Maria (58163833200); Viaggi, Davide (8541175100)","58163650700; 58163833200; 8541175100","Modelling the bioeconomy using system dynamics approaches","2025","Handbook on the Bioeconomy","","","","283","300","0","10.4337/9781800373495.00021","https://www.scopus.com/pages/publications/105004160584?origin=resultslist","The objective of this chapter is to investigate the use of the system dynamics (SD) approach in relation to the bioeconomy. This approach is increasingly perceived as a method able to describe real-world complex systems. Hence, considering the transdisciplinary nature of the bioeconomy and its call for a holistic perspective of the multiple sectors and socio-technical subsystems of which it is composed, the SD method may be the way we can model, simulate, and explore the behaviour of complex bioeconomy systems. In order to understand the state of the art of SD in the field of the bioeconomy, we conducted a systematic literature review through the Preferred Reporting Items for Systematic reviews approach. The results of this review show that the use of SD for the representation of the bioeconomy as a whole is currently limited, as only 12 papers were found in the literature matching the selection criteria. On the contrary, several articles focus their analysis solely on a single value chain or a single sector, using the bioeconomy only as a wider framework. Nevertheless, the results suggest that there is a solid foundation to move forward and that the implementation of these systemic models is promising for future research. Important strengths of the approach include the ability to make circularity more explicit and to support the identification of intervention points that could potentially contribute to more targeted bioeconomy policies. © Davide Viaggi 2025. All rights reserved.","Book chapter","Final","All Open Access; Green Open Access","Scopus","2-s2.0-105004160584"
"Ibrahim-Shire M.; Jun G.-T.; Robinson S.","Ibrahim-Shire, Mohammed (57293035600); Jun, Gyuchan-Thomas (26633971500); Robinson, Stewart (7402673952)","57293035600; 26633971500; 7402673952","System dynamics' potential in developing safety in complex systems-literature review and a pilot study for medication safety in a hopsital pharmacy","2016","Proceedings of the Operational Research Society Simulation Workshop 2016, SW 2016","","","","238","247","0","","https://www.scopus.com/pages/publications/84976388607?origin=resultslist","System dynamics modelling includes a set of conceptual and numerical methods that are used to understand the structure and behaviour of complex systems. A system dynamics model represents the causal relationships, feedback loops, and delays that are thought to generate the system behaviour. Its full potential as a method to understand and develop safety in complex dynamic systems has not been fully identified. A systematic approach-based literature was conducted to identify studies employing SD applications in safety-critical domains. Thirty-seven studies were included and classified based on a customised human factors safety taxonomy framework. Results identified several gaps with a focus on healthcare. It also provides the rationale for an on-going pilot study applying SD to simulate the impact of staff workload on medication safety in a hospital pharmacy.","Conference paper","Final","","Scopus","2-s2.0-84976388607"
"Trushechkin A.S.; Merkli M.; Cresser J.D.; Anders J.","Trushechkin, A.S. (15133086100); Merkli, M. (6602309924); Cresser, J.D. (6603011399); Anders, J. (16041237900)","15133086100; 6602309924; 6603011399; 16041237900","Open quantum system dynamics and the mean force Gibbs state","2022","AVS Quantum Science","4","1","012301","","","101","10.1116/5.0073853","https://www.scopus.com/pages/publications/85127971767?origin=resultslist","The dynamical convergence of a system to the thermal distribution, or Gibbs state, is a standard assumption across all of the physical sciences. The Gibbs state is determined just by temperature and energies of the system. However, at decreasing system sizes, i.e., for nanoscale and quantum systems, the interaction with their environments is not negligible. The question then arises: Is the system's steady state still the Gibbs state? If not, how may the steady state depend on the interaction details? Here, we provide an overview of recent progress on answering these questions. We expand on the state of the art along two general avenues: First, we take the static point-of-view, which postulates the so-called mean force Gibbs state. This view is commonly adopted in the field of strong coupling thermodynamics, where modified laws of thermodynamics and nonequilibrium fluctuation relations are established on the basis of this modified state. Second, we take the dynamical point of view, originating from the field of open quantum systems, which examines the time-asymptotic steady state within two paradigms. We describe the mathematical paradigm, which proves return to equilibrium, i.e., convergence to the mean force Gibbs state, and then discuss a number of microscopic physical methods, particularly master equations. We conclude with a summary of established links between statics and equilibration dynamics and provide an extensive list of open problems. This comprehensive overview will be of interest to researchers in the wider fields of quantum thermodynamics, open quantum systems, mesoscopic physics, statistical physics, and quantum optics and will find applications whenever energy is exchanged on the nanoscale, from quantum chemistry and biology to magnetism and nanoscale heat management.  © 2022 Author(s).","Review","Final","All Open Access; Green Open Access; Hybrid Gold Open Access","Scopus","2-s2.0-85127971767"
"Andrade J.; Duggan J.","Andrade, Jair (57219938842); Duggan, Jim (7102588251)","57219938842; 7102588251","A Bayesian approach to calibrate system dynamics models using Hamiltonian Monte Carlo","2021","System Dynamics Review","37","4","","283","309","18","10.1002/sdr.1693","https://www.scopus.com/pages/publications/85117050825?origin=resultslist","Model calibration is an essential test that dynamic hypotheses must pass in order to serve as tools for decision-making. In short, it is the search for a match between actual and simulated behaviours using parameter inference. Here, we approach such an inference process from a Bayesian perspective. Under this paradigm, we provide statements about the parameters (viewed as random variables) and data in probabilistic terms. These statements stem from a posterior distribution whose solution is often found via statistical simulation. However, the uptake of these methods within the system dynamics field has been somewhat limited, and state-of-the-art algorithms have not been explored. Therefore, we introduce Hamiltonian Monte Carlo (HMC), an efficient algorithm that outperforms random-walk methods in exploring complex parameter spaces. We apply HMC to calibrate an SEIR model and frame the process within a practical workflow. In doing so, we also recommend visualisation tools that facilitate the communication of results. © 2021 The Authors. System Dynamics Review published by John Wiley & Sons Ltd on behalf of System Dynamics Society. © 2021 The Authors. System Dynamics Review published by John Wiley & Sons Ltd on behalf of System Dynamics Society.","Article","Final","All Open Access; Green Open Access; Hybrid Gold Open Access","Scopus","2-s2.0-85117050825"
"Ogano N.O.; Pretorius L.","Ogano, N.O. (57188834891); Pretorius, L. (6701730111)","57188834891; 6701730111","Front end project planning for the power sector in Africa: A conceptual system dynamics model","2014","PICMET  2014 - Portland International Center for Management of Engineering and Technology, Proceedings: Infrastructure and Service Integration","","","6921120","2516","2523","0","","https://www.scopus.com/pages/publications/84910126056?origin=resultslist","Developing countries offer abundant opportunities for high return and high growth potential investments, such as in critical energy sector infrastructure projects. In Africa, major projects are presently in progress to upgrade and refurbish the infrastructure in the energy sector, and especially in the electricity energy sub sector. However, many of these projects run into delays, quality problems and cost overruns which amongst other causes, are attributed to inadequate time and resources spent in the initial pre-planning and planning phases of these projects. This research focuses on electricity infrastructure projects in Africa using system dynamics approach. From the literature, the paper explores and discusses theories, methods and models previously developed to better manage projects, including how these models are to be used to derive a model beneficial to energy sector projects in Africa. The results of the research will help in reducing uncertainty in projects in the Africa and other developing countries, and will be beneficial to energy sector players, including investors in the energy sector. This paper presents results of literature review in this area as well as the initial systems thinking in model building. The research uses a system dynamics approach employing vensim software in model building and analysis. © 2014 PICMET.","Conference paper","Final","","Scopus","2-s2.0-84910126056"
"Hart S.L.; Denison D.R.","Hart, Stuart L. (7202601258); Denison, Daniel R. (7005225599)","7202601258; 7005225599","CREATING NEW TECHNOLOGY‐BASED ORGANIZATIONS: A SYSTEM DYNAMICS MODEL","1987","Review of Policy Research","6","3","","512","528","16","10.1111/j.1541-1338.1987.tb00765.x","https://www.scopus.com/pages/publications/84984019202?origin=resultslist","While the study of mature organizations and bureaucracies is well established, there has been comparatively little examination of the creation and development of new organizations. What work has been done is highly fragmented, primarily by discipline, and concentrates on different facets of a complex phenomenon. Following a literature review and classification this article attempts a conceptual integration; it proposes a system dynamics model for the creation and development of one particular organizational type: new, technology based organizations. Drawing upon concepts from ecology, the central concept of the model is that new venture creation takes place within, and is thus dependent upon, a larger context of “ecosystem” consisting of environmental resources (technical expertise, capital, services) and existing inhabitants (individuals, firms, and institutions). Intraorganizational factors are also discussed including a set of proposed measures for new venture success. The article closes with some suggestions for the direction of future research and describes a research project the authors have recently begun. Copyright © 1987, Wiley Blackwell. All rights reserved","Article","Final","","Scopus","2-s2.0-84984019202"
"Guadalupe L.J.; Cantu J.; Renken K.; Barraza D.; Beruvides M.G.","Guadalupe, Leonidas J. (55490402000); Cantu, Jaime (55843972200); Renken, Katharina (56414685400); Barraza, Diana (56415105400); Beruvides, Mario G. (6701413708)","55490402000; 55843972200; 56414685400; 56415105400; 6701413708","Living system simulator analysis: Intersecting system dynamics and statistical monitoring","2014","IIE Annual Conference and Expo 2014","","","","2790","2799","0","","https://www.scopus.com/pages/publications/84910050174?origin=resultslist","Managing a complex technical system, which incorporates extensive human-technology interface, is difficult due to its inherent systemic unpredictability. Management often wants to create a shift in an underperforming system, but is uncertain about how an intervention will affect it. A living systems simulator would be useful to engineers and technical managers in monitoring policy decisions for shifts in the trend of performance. The creation of a tool to monitor living systems will require the fields of system dynamics and statistical process control to converge. A State of the Art Matrix approach identifies the literature intersecting the fields of system dynamics and statistical process control. A review of the literature found an opportunity to implement linear profile monitoring within systems dynamic simulation, and room for improvement in the use of general systems tools. A scorecard approach evaluates the potential of existing capabilities of system dynamics software to simulate and monitor living system. These exploratory reviews find that there is an untapped potential to research and build living system simulators with the current technological capability.","Conference paper","Final","","Scopus","2-s2.0-84910050174"
"Ibrahim A.; Abdul Kadir T.A.; Daniyal H.; Kamaludin A.","Ibrahim, Aisyah (57217584692); Abdul Kadir, Tuty Asmawaty (23492282600); Daniyal, Hamdan (57191624414); Kamaludin, Adzhar (56042986100)","57217584692; 23492282600; 57191624414; 56042986100","Components for COVID19 Outbreak Control Model: A System Dynamics Perspective","2021","Proceedings - 2021 International Conference on Software Engineering and Computer Systems and 4th International Conference on Computational Science and Information Management, ICSECS-ICOCSIM 2021","","","","524","529","3","10.1109/ICSECS52883.2021.00102","https://www.scopus.com/pages/publications/85116091344?origin=resultslist","The world is facing a massive challenge as the COVID-19 outbreak strikes across the globe. Many efforts have been made to detect, control and contain the coronavirus proactively and aggressively before a further catastrophe occurs. Indeed, ending the global COVID-19 pandemic is not a simple task. It requires adequate planning and implementation of sustainable strategies and interventions to control COVID-19 from keep spreading globally. One way to address this issue is using System Dynamics (SD). With this aim in mind, this paper presents an initial COVID-19 modelling work in the formulation stage of SD methodology. A literature review was carried out on published and unpublished papers to understand the essential outbreak model design structure. Within this process, a total of 15 COVID-19 models in SD were gathered and analysed. As the outcome, this paper highlights the components of the conceptual representation model for the COVID-19 outbreak, which later can serve as the core basis for modelling complex COVID19 outbreak dynamics and interventions for future development. As an implication, a comprehensive model can be developed to support decision making.  © 2021 IEEE.","Conference paper","Final","","Scopus","2-s2.0-85116091344"
"You M.J.; Ham E.M.","You, Mi Jin (57202013884); Ham, Eun Mi (57223831748)","57202013884; 57223831748","Development of a quantitative model on adolescent cyberbullying victims in Korea: A system dynamics approach","2019","Journal of Korean Academy of Nursing","49","4","","398","410","0","10.4040/jkan.2019.49.4.398","https://www.scopus.com/pages/publications/85071753161?origin=resultslist","Purpose: This study used a system dynamics methodology to identify correlation and nonlinear feedback structures among factors affecting adolescent cyberbullying victims (CV) in Korea and to construct and verify a simulation model. Methods: Factors affecting CV were identified by reviewing a theoretical background in existing literature and referencing various statistical data. Related variables were identified through content validity verification by an expert group, after which a causal loop diagram (CLD) was constructed based on the variables. A stock-flow diagram (SFD) using Vensim Professional 7.3 was used to establish a CV model. Results: Based on the literature review and expert verification, 22 variables associated with CV were identified and the CLD was prepared. Next, a model was developed by converting the CLD to an SFD. The simulation results showed that the variables such as negative emotions, stress levels, high levels of conflict in schools, parental monitoring, and time spent using new media had the strongest effects on CV. The model’s validity was verified using equation check, sensitivity analysis for time-step and simulation with 4 CV adolescent. Conclusion: The system dynamics model constructed in this study can be used to develop intervention strategies in schools that are focused on counseling that can prevent cyberbullying and assist in the victims’ recovery by formulating a feedback structure and capturing the dynamic changes observed in CV. To prevent cyberbullying, it is necessary to develop more effective strategies such as prevention education, counseling and treatment that considers factors pertaining to the individual, family, school, and media. © 2019 Korean Society of Nursing Science.","Article","Final","All Open Access; Hybrid Gold Open Access","Scopus","2-s2.0-85071753161"
"Zomorodian M.; Lai S.H.; Homayounfar M.; Ibrahim S.; Fatemi S.E.; El-Shafie A.","Zomorodian, Mehdi (57194034850); Lai, Sai Hin (36102664300); Homayounfar, Mehran (52263924100); Ibrahim, Shaliza (7202480735); Fatemi, Seyed Ehsan (55841244300); El-Shafie, Ahmed (16068189400)","57194034850; 36102664300; 52263924100; 7202480735; 55841244300; 16068189400","The state-of-the-art system dynamics application in integrated water resources modeling","2018","Journal of Environmental Management","227","","","294","304","142","10.1016/j.jenvman.2018.08.097","https://www.scopus.com/pages/publications/85053483243?origin=resultslist","In recent years, water resources management has become more complicated and controversial due to the impacts of various factors affecting hydrological systems. System Dynamics (SD) has in turn become increasingly popular due to its advantages as a tool for dealing with such complex systems. However, SD also has some limitations. This review contains a comprehensive survey of the existing literature on SD as a potential method to deal with the complexity of system integrated modeling, with a particular focus on the application of SD to the integrated modeling of water resources systems. It discusses the limitations of SD in these contexts, and highlights a number of studies which have applied a combination of SD and other methods to overcome these limitations. Finally, our study makes a number of recommendations for future modifications in the application of SD methods in order to enhance their performance. © 2018","Review","Final","","Scopus","2-s2.0-85053483243"
"Armenia S.; Franco E.; Iandolo F.; Maielli G.; Vito P.","Armenia, Stefano (57188952494); Franco, Eduardo (57212431968); Iandolo, Francesca (56428006900); Maielli, Giuliano (8253919100); Vito, Pietro (57205022856)","57188952494; 57212431968; 56428006900; 8253919100; 57205022856","Zooming in and out the landscape: Artificial intelligence and system dynamics in business and management","2024","Technological Forecasting and Social Change","200","","123131","","","39","10.1016/j.techfore.2023.123131","https://www.scopus.com/pages/publications/85182901027?origin=resultslist","Organizations are increasingly leveraging the ability of artificial intelligence to analyze and resolve complex problems. This can potentially reshape the interdependencies and interactions of complex systems, leading to our research question: To what extent and in which direction is the literature on Artificial Intelligence (AI) and System Dynamics (SD) converging within the business and management landscape? We conducted an extensive literature review using bibliometric and topic modeling methods to address this question. Through a bibliometric analysis, we identified the areas in which academic papers referred to both SD and AI literature. However, bibliometrics do not show a clear path towards convergence. The top modeling analysis highlights more details on how convergence is structured, providing insights into how SD and AI may be integrated. Two trajectories are identified. In the “soft convergence,” AI supports system dynamics analysis and modeling more deeply characterized by social interaction. In the “hard convergence,” AI shapes innovative ways of rethinking system design, dynamics, and interdependencies. Our analysis suggests that while soft convergence is more visible in the business and management landscape, hard convergence may well represent a new frontier in studying system dynamics with the potential to reshape the landscape. © 2023 Elsevier Inc.","Article","Final","All Open Access; Green Open Access; Hybrid Gold Open Access","Scopus","2-s2.0-85182901027"
"Papageorgiou G.","Papageorgiou, George (56266339300)","56266339300","Toward a system dynamics modeling framework for effective political organization management strategies","2010","Journal of Political Marketing","9","1-2","","55","72","8","10.1080/15377850903472539","https://www.scopus.com/pages/publications/77951598481?origin=resultslist","In the face of the high complexity and uncertainty in the political market landscape, developing effective strategies becomes the greatest challenge for political organization managers. Traditional tools for strategy analysis become obsolete in front of the dynamic complexity that governs political organizations and their environments. Drawing knowledge from a literature review on political marketing strategies and models, this paper employs systems thinking and system dynamics principles in order to develop a political marketing modeling framework, whereby the systemic effects of various strategies and policies may be analyzed dynamically. The developed framework gives the opportunity to the researcher or political practitioner to model and simulate the feedback structure of the political marketing problem situation. The framework model draws the interrelationships of the political offer, the adoption rates, and the political market growth and the main influences, such as the sources of attractiveness for the new political product, the competition levels, as well as the cultural context and decision making processes of the actors in the system. The work presented in this paper could provide a common communication platform for political party managers, consultants, practitioners, and researchers in order to analyze the political marketing process in a holistic way. © 2010 Taylor & Francis Group, LLC.","Article","Final","","Scopus","2-s2.0-77951598481"
"Kedir N.S.; Fayek A.R.","Kedir, Nebiyu Siraj (57209808615); Fayek, Aminah Robinson (55662922200)","57209808615; 55662922200","Integrated fuzzy system dynamics–fuzzy agent-based modeling of construction crew motivation and productivity","2025","Advanced Engineering Informatics","66","","103367","","","2","10.1016/j.aei.2025.103367","https://www.scopus.com/pages/publications/105004258919?origin=resultslist","Construction labor productivity (CLP) plays a crucial role as a key performance indicator for the success of construction undertakings. Previous studies have shown that crew motivation and situational/contextual factors (e.g., congestion, safety) in the construction environment affect CLP. However, a research gap exists regarding methods for capturing dynamic causal relationships between factors affecting CLP and the emergent behaviour of agents (e.g., crew motivation) while addressing subjective uncertainty in CLP modeling and prediction. This paper presents a new hybrid modeling technique integrating fuzzy logic, system dynamics (SD), and agent-based modeling (ABM) that leverages the strengths of these techniques to provide an approach capable of capturing subjectivity, dynamic causal interactions, and emergent behavior for improved modeling. This research advances the state of the art in SD modeling in construction engineering and management by enabling the SD model to simultaneously capture subjective uncertainty and emergent behavior of agents, using hybridization of fuzzy logic, SD, and ABM to create the proposed FSD-FABM model. Research results indicate the FSD-FABM model incorporating adaptive neuro-fuzzy inference system can provide the highest predictive accuracy of CLP compared to other models tested, which used linear regression or Mamdani- or Takagi-Sugeno based fuzzy inference systems. Data from an industrial construction project in Alberta served as a case study to demonstrate the proposed technique. The proposed FSD-FABM can be applied to developing a decision support system for productivity improvement strategies in construction projects. It can also be used to predict project other metrics of performance metrics in different types of projects. © 2025","Article","Final","","Scopus","2-s2.0-105004258919"
"Kamath V.P.V.; Nayak G.; Kamath G.B.; Kumar R.S.; Harsha B.","Kamath, V.P. Vasanth (35796849000); Nayak, Gurudutt (57213894868); Kamath, Giridhar B. (57724794500); Kumar, R. Shiva (59916773000); Harsha, B. (59916087700)","35796849000; 57213894868; 57724794500; 59916773000; 59916087700","Sustainability assessments of alternative procurement strategies during supply chain disruptions using system dynamics approach","2025","International Journal of Enterprise Network Management","16","2","","109","123","0","10.1504/IJENM.2025.146311","https://www.scopus.com/pages/publications/105006516456?origin=resultslist","Disruptions in supply chains (SC) force the professionals globally to ponder on alternate procurement strategies to remain profitable. In this study, we consider a two-stage supply chain network, with an objective to study the feasibility of different procurement strategies with the objective of maximising profit. System dynamics (SD) modelling has been used to model and simulate the supply chain design system. The article starts with a literature review on supply chain disruptions and alternative strategies, followed by a case of an enterprise facing SC disruption. Various scenarios are simulated and analysed using SD. The simulation results are expected to provide the organisation an insight into the effects of using alternative procurement strategies. Further, it is expected to add to the body of knowledge in SC disruptions and provide a new methodology to study the behaviour of various procurement strategies for small-scale firms. Copyright © 2025 Inderscience Enterprises Ltd.","Article","Final","","Scopus","2-s2.0-105006516456"
